dataset,method,lambda,reference_policy_type,bjepa_prior_type,bjepa_loss_type,shift,metric,pairs,mean,std,stderr,baseline_mean,relative_change_percent,paired_t,paired_t_p,wilcoxon_w,wilcoxon_p
metaworld-5,action_mse,0.1,strong_bc,none,nll,blur,latent_mse,30,0.2412707952579706,0.0236703271681766,0.0043215907111792,0.2879303010895259,-16.20513911005409,-47.98012170209219,3.505090169640812e-29,0.0,1.718092931245674e-06
metaworld-5,action_mse,0.1,strong_bc,none,nll,blur,decision_kl,30,618.4181032708268,526.7814376623841,96.17669209422976,480.4122985604141,28.7265345046236,2.7266826101084782,0.0107409603294451,64.0,0.0002562887966632
metaworld-5,action_mse,0.1,strong_bc,none,nll,blur,action_mse,30,0.1460763398727701,0.0666291291519003,0.0121647590078069,0.1469496687375253,-0.5943047522721167,-0.2974296186637262,0.7682587873707613,206.0,0.5978077705949545
metaworld-5,action_mse,0.1,strong_bc,none,nll,blur,nll,30,,,,,,,,,
metaworld-5,action_mse,0.1,strong_bc,none,nll,blur,uncertainty,30,,,,,,,,,
metaworld-5,action_mse,0.1,strong_bc,none,nll,brightness,latent_mse,30,0.0512818211753605,0.0032168417705148,0.0005873122672119,0.0632110911000618,-18.87211518911689,-55.20790648166084,6.252035901006457e-31,0.0,1.718092931245674e-06
metaworld-5,action_mse,0.1,strong_bc,none,nll,brightness,decision_kl,30,308.9313382765309,365.36521491094766,66.7062566448163,386.5413928333798,-20.07807080839672,-2.100525934623912,0.044492214559927,211.0,0.6701805889606476
metaworld-5,action_mse,0.1,strong_bc,none,nll,brightness,action_mse,30,0.0794703045485522,0.0314515573330721,0.0057422424733302,0.0849182889444727,-6.415560727422254,-1.894283522929743,0.0681997755566291,150.0,0.0919496268033981
metaworld-5,action_mse,0.1,strong_bc,none,nll,brightness,nll,30,,,,,,,,,
metaworld-5,action_mse,0.1,strong_bc,none,nll,brightness,uncertainty,30,,,,,,,,,
metaworld-5,action_mse,0.1,strong_bc,none,nll,clean,latent_mse,30,0.001506224163895,0.0003690515794226,6.737929164422966e-05,0.0051731863312976,-70.88401485207677,-9.015867317692432,6.555600958553143e-10,0.0,1.718092931245674e-06
metaworld-5,action_mse,0.1,strong_bc,none,nll,clean,decision_kl,30,0.3387204886968092,0.1283458985997448,0.0234326479421169,0.913281673561569,-62.91171732638799,-6.369114789156568,5.81617441246163e-07,0.0,1.862645149230957e-09
metaworld-5,action_mse,0.1,strong_bc,none,nll,clean,action_mse,30,0.0006699093242289,0.0006331650486202,0.000115599593251,0.0031221558634152,-78.54337344016574,-6.826741306384134,1.6964978987396906e-07,0.0,1.862645149230957e-09
metaworld-5,action_mse,0.1,strong_bc,none,nll,clean,nll,30,,,,,,,,,
metaworld-5,action_mse,0.1,strong_bc,none,nll,clean,uncertainty,30,,,,,,,,,
metaworld-5,action_mse,0.1,strong_bc,none,nll,desaturation,latent_mse,30,0.1986431287782855,0.0250745213890503,0.0045779603278095,0.2531476701503568,-21.53073000422969,-31.882340057412623,3.9571146995726444e-24,0.0,1.718092931245674e-06
metaworld-5,action_mse,0.1,strong_bc,none,nll,desaturation,decision_kl,30,3317.118881435123,5895.794868051366,1076.419947884976,4263.651750858989,-22.200051147075268,-3.0149522408117,0.0052976131036304,32.0,5.144625902175903e-06
metaworld-5,action_mse,0.1,strong_bc,none,nll,desaturation,action_mse,30,0.327967599622864,0.2981693189181279,0.0544380206424701,0.3626992272842118,-9.575875835580971,-4.521176038042678,9.5762293662737e-05,35.0,7.994472980499268e-06
metaworld-5,action_mse,0.1,strong_bc,none,nll,desaturation,nll,30,,,,,,,,,
metaworld-5,action_mse,0.1,strong_bc,none,nll,desaturation,uncertainty,30,,,,,,,,,
metaworld-5,bjepa,0.0,none,empirical_task_gaussian,nll,blur,latent_mse,30,0.221821562219689,0.0236758926970703,0.0043226068330857,0.2879303010895259,-22.95997976582595,-32.4961316649064,2.309643265251136e-24,0.0,1.718092931245674e-06
metaworld-5,bjepa,0.0,none,empirical_task_gaussian,nll,blur,decision_kl,30,463.1012042900775,318.6054113561548,58.16912358099286,480.4122985604141,-3.6033828280854654,-1.1279422562902817,0.2685900470751595,177.0,0.2621222734451294
metaworld-5,bjepa,0.0,none,empirical_task_gaussian,nll,blur,action_mse,30,0.1355063513046297,0.0655195298298601,0.0119621748149823,0.1469496687375253,-7.787235950381889,-4.170186041538341,0.0002515622199534,58.0,0.0001373942941427
metaworld-5,bjepa,0.0,none,empirical_task_gaussian,nll,blur,nll,30,66.68470951190811,24.927629709188004,4.551141698952738,,,,,,
metaworld-5,bjepa,0.0,none,empirical_task_gaussian,nll,blur,uncertainty,30,0.039509479039206,0.01026022810554,0.0018732527928509,,,,,,
metaworld-5,bjepa,0.0,none,empirical_task_gaussian,nll,brightness,latent_mse,30,0.0487755976282312,0.0040787279584152,0.0007446704362503,0.0632110911000618,-22.836962976923537,-51.10930274975103,5.7277708090940914e-30,0.0,1.718092931245674e-06
metaworld-5,bjepa,0.0,none,empirical_task_gaussian,nll,brightness,decision_kl,30,215.528050090194,229.4157665045202,41.885396787287945,386.5413928333798,-44.24192231772233,-3.0275012110257107,0.0051338704573312,75.0,0.000729601830244
metaworld-5,bjepa,0.0,none,empirical_task_gaussian,nll,brightness,action_mse,30,0.0724797288447886,0.0292384090090235,0.0053381787199348,0.0849182889444727,-14.647681028780047,-4.902445645580674,3.326666247692762e-05,38.0,1.218356192111969e-05
metaworld-5,bjepa,0.0,none,empirical_task_gaussian,nll,brightness,nll,30,33.89328411802584,15.147789874959868,2.765595403621293,,,,,,
metaworld-5,bjepa,0.0,none,empirical_task_gaussian,nll,brightness,uncertainty,30,0.0218610525587613,0.0067181416915918,0.0012265592496669,,,,,,
metaworld-5,bjepa,0.0,none,empirical_task_gaussian,nll,clean,latent_mse,30,0.0020453831824727,0.0007918751151343,0.0001445759544286,0.0051731863312976,-60.461830456438896,-9.585065630287309,1.7108706756840623e-10,0.0,1.718092931245674e-06
metaworld-5,bjepa,0.0,none,empirical_task_gaussian,nll,clean,decision_kl,30,0.4256946233285694,0.1260870488873932,0.0230202402949606,0.913281673561569,-53.38846320342032,-5.456227292951642,7.1430990067088965e-06,0.0,1.862645149230957e-09
metaworld-5,bjepa,0.0,none,empirical_task_gaussian,nll,clean,action_mse,30,0.0009997014612538,0.0008684966424859,0.0001585650674023,0.0031221558634152,-67.98041145324763,-7.088073531542899,8.476078277828749e-08,0.0,1.862645149230957e-09
metaworld-5,bjepa,0.0,none,empirical_task_gaussian,nll,clean,nll,30,-0.5640194415752753,0.18250234459366,0.0333202169771762,,,,,,
metaworld-5,bjepa,0.0,none,empirical_task_gaussian,nll,clean,uncertainty,30,0.0334659145006149,0.0124030366552208,0.0022644743192092,,,,,,
metaworld-5,bjepa,0.0,none,empirical_task_gaussian,nll,desaturation,latent_mse,30,0.1964105265836034,0.0239938210539089,0.0043806523439894,0.2531476701503568,-22.41266669886965,-35.90365274371833,1.3714071388344233e-25,0.0,1.718092931245674e-06
metaworld-5,bjepa,0.0,none,empirical_task_gaussian,nll,desaturation,decision_kl,30,3756.410986418582,6535.291183177846,1193.175466963711,4263.651750858989,-11.896861987806904,-3.77081921088804,0.0007426030287803,19.0,5.718320608139038e-07
metaworld-5,bjepa,0.0,none,empirical_task_gaussian,nll,desaturation,action_mse,30,0.3344434358501427,0.3027672359444382,0.0552774816000859,0.3626992272842118,-7.790419529051752,-4.463215533306667,0.0001123942876554,32.0,5.144625902175903e-06
metaworld-5,bjepa,0.0,none,empirical_task_gaussian,nll,desaturation,nll,30,79.63892707737543,22.20693955220175,4.054413908631523,,,,,,
metaworld-5,bjepa,0.0,none,empirical_task_gaussian,nll,desaturation,uncertainty,30,0.0262448585610771,0.007680812790972,0.0014023181418632,,,,,,
metaworld-5,cosine_jepa,0.0,none,none,nll,blur,latent_mse,30,0.2636071202277942,0.0270995049683616,0.0049476700561316,0.2879303010895259,-8.447593313275112,-17.62419320555182,4.904502115376206e-17,0.0,1.718092931245674e-06
metaworld-5,cosine_jepa,0.0,none,none,nll,blur,decision_kl,30,607.8599720329286,475.4098752757399,86.79757091641343,480.4122985604141,26.52881157589418,3.5160495601977275,0.0014614341709649,31.0,4.421919584274292e-06
metaworld-5,cosine_jepa,0.0,none,none,nll,blur,action_mse,30,0.1427446057533343,0.0649407207973923,0.0118564992271255,0.1469496687375253,-2.8615668346295697,-1.9536473909974588,0.060449827379955,182.0,0.308520769700408
metaworld-5,cosine_jepa,0.0,none,none,nll,blur,nll,30,,,,,,,,,
metaworld-5,cosine_jepa,0.0,none,none,nll,blur,uncertainty,30,,,,,,,,,
metaworld-5,cosine_jepa,0.0,none,none,nll,brightness,latent_mse,30,0.0573103894709824,0.0034212781374054,0.000624637070452,0.0632110911000618,-9.33491500682804,-22.64904236492011,5.497618050650547e-20,0.0,1.718092931245674e-06
metaworld-5,cosine_jepa,0.0,none,none,nll,brightness,decision_kl,30,312.68852613227483,370.93580522785,67.72330263654538,386.5413928333798,-19.106069381019577,-2.437659167062745,0.021147054997347,161.0,0.1459994912147522
metaworld-5,cosine_jepa,0.0,none,none,nll,brightness,action_mse,30,0.0784825044912742,0.0290570780757163,0.0053050723724195,0.0849182889444727,-7.578796668179221,-2.439874095870232,0.0210403290920205,131.0,0.0364349968731403
metaworld-5,cosine_jepa,0.0,none,none,nll,brightness,nll,30,,,,,,,,,
metaworld-5,cosine_jepa,0.0,none,none,nll,brightness,uncertainty,30,,,,,,,,,
metaworld-5,cosine_jepa,0.0,none,none,nll,clean,latent_mse,30,0.0104565092507977,0.004748584390759,0.0008669689290118,0.0051731863312976,102.1289893916271,7.94111105631331,9.302030087506271e-09,0.0,1.718092931245674e-06
metaworld-5,cosine_jepa,0.0,none,none,nll,clean,decision_kl,30,0.7458683363952648,0.532261272218902,0.0971771684268968,0.913281673561569,-18.330964259190072,-2.065768659410636,0.0478875921444179,150.0,0.0919496268033981
metaworld-5,cosine_jepa,0.0,none,none,nll,clean,action_mse,30,0.0009880026227105,0.0007992196072238,0.0001459168690923,0.0031221558634152,-68.35511531350059,-5.948907944029731,1.832627104935636e-06,0.0,1.862645149230957e-09
metaworld-5,cosine_jepa,0.0,none,none,nll,clean,nll,30,,,,,,,,,
metaworld-5,cosine_jepa,0.0,none,none,nll,clean,uncertainty,30,,,,,,,,,
metaworld-5,cosine_jepa,0.0,none,none,nll,desaturation,latent_mse,30,0.2185812500660612,0.0263495481252792,0.0048107472960944,0.2531476701503568,-13.654646737915812,-21.47710923864248,2.35976493964696e-19,0.0,1.718092931245674e-06
metaworld-5,cosine_jepa,0.0,none,none,nll,desaturation,decision_kl,30,3897.275463024488,6764.901549305907,1235.0963926188306,4263.651750858989,-8.59301625093296,-1.87567266856492,0.0708002571717063,102.0,0.0061949919909238
metaworld-5,cosine_jepa,0.0,none,none,nll,desaturation,action_mse,30,0.3380133759786414,0.3152216068577461,0.0575513282296709,0.3626992272842118,-6.8061494066064006,-4.3905844811579655,0.000137328121316,62.0,0.0002091266214847
metaworld-5,cosine_jepa,0.0,none,none,nll,desaturation,nll,30,,,,,,,,,
metaworld-5,cosine_jepa,0.0,none,none,nll,desaturation,uncertainty,30,,,,,,,,,
metaworld-5,de_bjepa,0.01,strong_bc,empirical_task_gaussian,nll,blur,latent_mse,30,0.2130041308771411,0.0263847977291173,0.0048171829638162,0.2879303010895259,-26.02232899033714,-25.506534312021017,2.0563511847275108e-21,0.0,1.718092931245674e-06
metaworld-5,de_bjepa,0.01,strong_bc,empirical_task_gaussian,nll,blur,decision_kl,30,486.4418838025711,349.2440083262777,63.76294047794145,480.4122985604141,1.2550855297054166,0.2937567186008004,0.7710359909454867,210.0,0.6554384250193834
metaworld-5,de_bjepa,0.01,strong_bc,empirical_task_gaussian,nll,blur,action_mse,30,0.1343869457762929,0.0653859523475191,0.011937787014898,0.1469496687375253,-8.548997128854662,-3.987857651784568,0.000413470891748,63.0,0.0002316366881132
metaworld-5,de_bjepa,0.01,strong_bc,empirical_task_gaussian,nll,blur,nll,30,56.72697854218146,20.498748130358894,3.7425422505381394,,,,,,
metaworld-5,de_bjepa,0.01,strong_bc,empirical_task_gaussian,nll,blur,uncertainty,30,0.0481849263496878,0.0145561725564592,0.0026575813533701,,,,,,
metaworld-5,de_bjepa,0.01,strong_bc,empirical_task_gaussian,nll,brightness,latent_mse,30,0.0473081500168453,0.0039920718525743,0.0007288492682788,0.0632110911000618,-25.15846634895522,-66.45286337630225,3.0128788572629718e-33,0.0,1.718092931245674e-06
metaworld-5,de_bjepa,0.01,strong_bc,empirical_task_gaussian,nll,brightness,decision_kl,30,206.2010729765989,210.0923878896026,38.35744666908684,386.5413928333798,-46.65485332240144,-2.9715842719691232,0.0059025058064086,63.0,0.0002316366881132
metaworld-5,de_bjepa,0.01,strong_bc,empirical_task_gaussian,nll,brightness,action_mse,30,0.0708892319925063,0.0280382949162176,0.0051190688665316,0.0849182889444727,-16.52065429761527,-5.475570377669366,6.770136508576871e-06,29.0,3.2391399145126343e-06
metaworld-5,de_bjepa,0.01,strong_bc,empirical_task_gaussian,nll,brightness,nll,30,30.201254289589293,7.271559760093073,1.3275991029499432,,,,,,
metaworld-5,de_bjepa,0.01,strong_bc,empirical_task_gaussian,nll,brightness,uncertainty,30,0.0242781907838747,0.0058671205935817,0.0010711847655692,,,,,,
metaworld-5,de_bjepa,0.01,strong_bc,empirical_task_gaussian,nll,clean,latent_mse,30,0.0020508103276989,0.0008139342356611,0.0001486033803991,0.0051731863312976,-60.35692131768791,-9.69484924039129,1.3268404283740272e-10,0.0,1.718092931245674e-06
metaworld-5,de_bjepa,0.01,strong_bc,empirical_task_gaussian,nll,clean,decision_kl,30,0.3605714642720488,0.1131414791915296,0.0206567134475673,0.913281673561569,-60.51913941665875,-6.040965422790181,1.4235563155026122e-06,0.0,1.862645149230957e-09
metaworld-5,de_bjepa,0.01,strong_bc,empirical_task_gaussian,nll,clean,action_mse,30,0.0009321573362063,0.0008175747429971,0.000149268043062,0.0031221558634152,-70.14379239905318,-7.162470899323185,6.96634472711856e-08,0.0,1.862645149230957e-09
metaworld-5,de_bjepa,0.01,strong_bc,empirical_task_gaussian,nll,clean,nll,30,-0.5652180938479264,0.1856579429624961,0.0338963477801888,,,,,,
metaworld-5,de_bjepa,0.01,strong_bc,empirical_task_gaussian,nll,clean,uncertainty,30,0.0333634893128619,0.0124511416669496,0.0022732570525602,,,,,,
metaworld-5,de_bjepa,0.01,strong_bc,empirical_task_gaussian,nll,desaturation,latent_mse,30,0.1914880964939025,0.0235356593750214,0.0042970038484857,0.2531476701503568,-24.35715628740791,-28.672525392324403,7.834004140557666e-23,0.0,1.718092931245674e-06
metaworld-5,de_bjepa,0.01,strong_bc,empirical_task_gaussian,nll,desaturation,decision_kl,30,3766.46396995702,6560.417475449832,1197.7628793183223,4263.651750858989,-11.661078576640342,-3.2357810933244977,0.0030280518338771,34.0,6.917864084243774e-06
metaworld-5,de_bjepa,0.01,strong_bc,empirical_task_gaussian,nll,desaturation,action_mse,30,0.3308031819418631,0.2970753869593239,0.0542382969057325,0.3626992272842118,-8.794075901726389,-3.952223579166074,0.0004554140700128,36.0,9.220093488693236e-06
metaworld-5,de_bjepa,0.01,strong_bc,empirical_task_gaussian,nll,desaturation,nll,30,72.38679125934428,28.19701564778142,5.148047174872009,,,,,,
metaworld-5,de_bjepa,0.01,strong_bc,empirical_task_gaussian,nll,desaturation,uncertainty,30,0.0304772177444401,0.0103009258122418,0.0018806831435173,,,,,,
metaworld-5,de_vjepa,0.01,strong_bc,none,nll,blur,latent_mse,30,0.2439754374594946,0.0244027547459837,0.0044553130798805,0.2879303010895259,-15.265799904944494,-38.356666912847714,2.096170576339797e-26,0.0,1.718092931245674e-06
metaworld-5,de_vjepa,0.01,strong_bc,none,nll,blur,decision_kl,30,538.9615885119388,413.6805170057539,75.5273835881503,480.4122985604141,12.187300393218766,2.086195300714692,0.0458653920854165,164.0,0.1641840822994709
metaworld-5,de_vjepa,0.01,strong_bc,none,nll,blur,action_mse,30,0.1445097175844837,0.0659845455900466,0.0120470746887988,0.1469496687375253,-1.6603992196809436,-1.032868395277828,0.3102026889150764,205.0,0.583757072687149
metaworld-5,de_vjepa,0.01,strong_bc,none,nll,blur,nll,30,,,,,,,,,
metaworld-5,de_vjepa,0.01,strong_bc,none,nll,blur,uncertainty,30,,,,,,,,,
metaworld-5,de_vjepa,0.01,strong_bc,none,nll,brightness,latent_mse,30,0.0511346657145098,0.0034064091090926,0.0006219223697137,0.0632110911000618,-19.1049152536147,-67.2377717488499,2.147908667970793e-33,0.0,1.718092931245674e-06
metaworld-5,de_vjepa,0.01,strong_bc,none,nll,brightness,decision_kl,30,235.8149092310676,289.0234086580051,52.76821352300777,386.5413928333798,-38.993620449669,-2.9011635563369014,0.0070261832041361,58.0,0.0001373942941427
metaworld-5,de_vjepa,0.01,strong_bc,none,nll,brightness,action_mse,30,0.0743566797932584,0.0299198825696439,0.0054625982004332,0.0849182889444727,-12.437378664236231,-4.017741561305691,0.0003812389991025,73.0,0.0006084088236093
metaworld-5,de_vjepa,0.01,strong_bc,none,nll,brightness,nll,30,,,,,,,,,
metaworld-5,de_vjepa,0.01,strong_bc,none,nll,brightness,uncertainty,30,,,,,,,,,
metaworld-5,de_vjepa,0.01,strong_bc,none,nll,clean,latent_mse,30,0.0017375853054419,0.00040739000626,7.437889871025912e-05,0.0051731863312976,-66.41170075530478,-8.614168455269386,1.7357487410342571e-09,0.0,1.718092931245674e-06
metaworld-5,de_vjepa,0.01,strong_bc,none,nll,clean,decision_kl,30,0.2803095460546588,0.1133547685895785,0.0206956545857634,0.913281673561569,-69.30743776325632,-6.925652713859617,1.3035042780156346e-07,0.0,1.862645149230957e-09
metaworld-5,de_vjepa,0.01,strong_bc,none,nll,clean,action_mse,30,0.0006677833135835,0.0006118628242039,0.0001117103569717,0.0031221558634152,-78.61146775507092,-6.954151399472075,1.2084377472072344e-07,0.0,1.862645149230957e-09
metaworld-5,de_vjepa,0.01,strong_bc,none,nll,clean,nll,30,,,,,,,,,
metaworld-5,de_vjepa,0.01,strong_bc,none,nll,clean,uncertainty,30,,,,,,,,,
metaworld-5,de_vjepa,0.01,strong_bc,none,nll,desaturation,latent_mse,30,0.2010455421304745,0.0254757011296052,0.0046512053923148,0.2531476701503568,-20.58171342795148,-33.34227403118052,1.1167864549763571e-24,0.0,1.718092931245674e-06
metaworld-5,de_vjepa,0.01,strong_bc,none,nll,desaturation,decision_kl,30,3546.247216408024,6215.3194961850095,1134.7568967207246,4263.651750858989,-16.826058420611652,-3.322263168817862,0.0024234186909514,24.0,1.4193356037139893e-06
metaworld-5,de_vjepa,0.01,strong_bc,none,nll,desaturation,action_mse,30,0.3314721028558328,0.3060993819445518,0.0558858454431401,0.3626992272842118,-8.609647354971978,-5.029451428194937,2.337233605198976e-05,22.0,9.98377799987793e-07
metaworld-5,de_vjepa,0.01,strong_bc,none,nll,desaturation,nll,30,,,,,,,,,
metaworld-5,de_vjepa,0.01,strong_bc,none,nll,desaturation,uncertainty,30,,,,,,,,,
metaworld-5,linear_dynamics,0.0,none,none,nll,blur,latent_mse,30,0.2461259315656,0.0248249348172913,0.0045323922626752,0.2879303010895259,-14.518919810015989,-16.79918222390163,1.7468399021680462e-16,0.0,1.718092931245674e-06
metaworld-5,linear_dynamics,0.0,none,none,nll,blur,decision_kl,30,742.824659158834,695.5676052737231,126.99268922608915,480.4122985604141,54.622323655067774,3.5084516654011155,0.0014909432023381,31.0,4.421919584274292e-06
metaworld-5,linear_dynamics,0.0,none,none,nll,blur,action_mse,30,0.1463208562930341,0.0669633934630918,0.0122257870422764,0.1469496687375253,-0.4279100796167042,-0.1658209875135017,0.8694484704679691,215.0,0.7303419969975948
metaworld-5,linear_dynamics,0.0,none,none,nll,blur,nll,30,,,,,,,,,
metaworld-5,linear_dynamics,0.0,none,none,nll,blur,uncertainty,30,,,,,,,,,
metaworld-5,linear_dynamics,0.0,none,none,nll,brightness,latent_mse,30,0.0505805102973114,0.0056372945058929,0.0010292244547258,0.0632110911000618,-19.981589595972054,-26.589550046589988,6.458937956185295e-22,0.0,1.718092931245674e-06
metaworld-5,linear_dynamics,0.0,none,none,nll,brightness,decision_kl,30,279.5158036846004,225.20631049400333,41.11685878335935,386.5413928333798,-27.68800214752504,-1.5671070502802362,0.1279379051278226,193.0,0.4279546067118644
metaworld-5,linear_dynamics,0.0,none,none,nll,brightness,action_mse,30,0.0681623201658231,0.0324381643576208,0.0059223714475763,0.0849182889444727,-19.73187282377559,-4.438998457186939,0.0001201642790084,61.0,0.0001886002719402
metaworld-5,linear_dynamics,0.0,none,none,nll,brightness,nll,30,,,,,,,,,
metaworld-5,linear_dynamics,0.0,none,none,nll,brightness,uncertainty,30,,,,,,,,,
metaworld-5,linear_dynamics,0.0,none,none,nll,clean,latent_mse,30,0.0037484349000055,0.0012661902391721,0.0002311736520291,0.0051731863312976,-27.54108087451625,-6.708130175645246,2.3301096331969707e-07,0.0,1.718092931245674e-06
metaworld-5,linear_dynamics,0.0,none,none,nll,clean,decision_kl,30,0.6253111743886445,0.1656744226611125,0.0302478728310454,0.913281673561569,-31.53140017032335,-3.618505371047242,0.0011147926964148,73.0,0.0006084088236093
metaworld-5,linear_dynamics,0.0,none,none,nll,clean,action_mse,30,0.0015232348324413,0.0011837438453676,0.0002161210688052,0.0031221558634152,-51.21208232137786,-6.231735193804545,8.451196177928402e-07,0.0,1.862645149230957e-09
metaworld-5,linear_dynamics,0.0,none,none,nll,clean,nll,30,,,,,,,,,
metaworld-5,linear_dynamics,0.0,none,none,nll,clean,uncertainty,30,,,,,,,,,
metaworld-5,linear_dynamics,0.0,none,none,nll,desaturation,latent_mse,30,0.1920441762700781,0.0214377845306349,0.003913986056788,0.2531476701503568,-24.137490123447048,-25.783595967756145,1.5226154492751539e-21,0.0,1.718092931245674e-06
metaworld-5,linear_dynamics,0.0,none,none,nll,desaturation,decision_kl,30,3116.008330785623,5565.891710143684,1016.1881474255672,4263.651750858989,-26.91691271085056,-2.9441082360901523,0.0063190239573646,0.0,1.862645149230957e-09
metaworld-5,linear_dynamics,0.0,none,none,nll,desaturation,action_mse,30,0.2936158076354082,0.2404139295630861,0.0438933774533868,0.3626992272842118,-19.047026972205167,-3.853020897617146,0.0005953978406825,9.0,6.146728992462158e-08
metaworld-5,linear_dynamics,0.0,none,none,nll,desaturation,nll,30,,,,,,,,,
metaworld-5,linear_dynamics,0.0,none,none,nll,desaturation,uncertainty,30,,,,,,,,,
metaworld-5,no_action_vjepa,0.0,none,none,nll,blur,latent_mse,30,0.2411716948644945,0.0228284400647895,0.0041678838587133,0.2879303010895259,-16.239557298449377,-51.71294389660489,4.089394784214304e-30,0.0,1.718092931245674e-06
metaworld-5,no_action_vjepa,0.0,none,none,nll,blur,decision_kl,30,614.0386616629688,505.7113252015631,92.32983346624228,480.4122985604141,27.81493386055573,3.003643611816849,0.0054494101660977,60.0,0.0001698974519968
metaworld-5,no_action_vjepa,0.0,none,none,nll,blur,action_mse,30,0.1471893659816033,0.0662903497691209,0.0121029066378183,0.1469496687375253,0.1631151986508193,0.0929957181170964,0.9265464622658344,222.0,0.8393927440047264
metaworld-5,no_action_vjepa,0.0,none,none,nll,blur,nll,30,,,,,,,,,
metaworld-5,no_action_vjepa,0.0,none,none,nll,blur,uncertainty,30,,,,,,,,,
metaworld-5,no_action_vjepa,0.0,none,none,nll,brightness,latent_mse,30,0.0510390332480649,0.0032095494204839,0.0005859808723422,0.0632110911000618,-19.256205897045383,-51.19457552357868,5.4602515350151496e-30,0.0,1.718092931245674e-06
metaworld-5,no_action_vjepa,0.0,none,none,nll,brightness,decision_kl,30,313.5173811461692,377.4452906498291,68.91176663766838,386.5413928333798,-18.89164085427919,-2.0594268114372416,0.0485312657636311,216.0,0.7456546742469072
metaworld-5,no_action_vjepa,0.0,none,none,nll,brightness,action_mse,30,0.0802271890567072,0.031684494408842,0.0057847707702897,0.0849182889444727,-5.524251543543273,-1.6716068619259643,0.1053598356372725,154.0,0.1094320584088563
metaworld-5,no_action_vjepa,0.0,none,none,nll,brightness,nll,30,,,,,,,,,
metaworld-5,no_action_vjepa,0.0,none,none,nll,brightness,uncertainty,30,,,,,,,,,
metaworld-5,no_action_vjepa,0.0,none,none,nll,clean,latent_mse,30,0.0015096334011958,0.0003713293441952,6.779515269311362e-05,0.0051731863312976,-70.81811277388888,-9.01205808547214,6.615751136838792e-10,0.0,1.718092931245674e-06
metaworld-5,no_action_vjepa,0.0,none,none,nll,clean,decision_kl,30,0.3519857714558613,0.1303110848902632,0.0237914402291225,0.913281673561569,-61.45923194941541,-6.19240965816772,9.408025222274186e-07,0.0,1.862645149230957e-09
metaworld-5,no_action_vjepa,0.0,none,none,nll,clean,action_mse,30,0.00073650532076,0.0007167883511831,0.0001308670496333,0.0031221558634152,-76.41036024529448,-6.725389862327744,2.224753398954727e-07,0.0,1.862645149230957e-09
metaworld-5,no_action_vjepa,0.0,none,none,nll,clean,nll,30,,,,,,,,,
metaworld-5,no_action_vjepa,0.0,none,none,nll,clean,uncertainty,30,,,,,,,,,
metaworld-5,no_action_vjepa,0.0,none,none,nll,desaturation,latent_mse,30,0.1988171336598815,0.0247399305270183,0.0045168726735862,0.2531476701503568,-21.46199349107411,-31.978566225287476,3.634455990254766e-24,0.0,1.718092931245674e-06
metaworld-5,no_action_vjepa,0.0,none,none,nll,desaturation,decision_kl,30,3488.2080906101205,6193.670454039546,1130.8043404769078,4263.651750858989,-18.187312321946585,-3.3935686267064824,0.0020139650741159,1.0,3.725290298461914e-09
metaworld-5,no_action_vjepa,0.0,none,none,nll,desaturation,action_mse,30,0.3317210236815603,0.2999171097920668,0.0547571221382895,0.3626992272842118,-8.541017259564462,-4.294592091907047,0.0001788510703952,39.0,1.3966113328933716e-05
metaworld-5,no_action_vjepa,0.0,none,none,nll,desaturation,nll,30,,,,,,,,,
metaworld-5,no_action_vjepa,0.0,none,none,nll,desaturation,uncertainty,30,,,,,,,,,
metaworld-5,persistence,0.0,none,none,nll,blur,latent_mse,30,0.2879303010895259,0.02494385984156,0.0045541049021565,0.2879303010895259,0.0,,,,
metaworld-5,persistence,0.0,none,none,nll,blur,decision_kl,30,480.4122985604141,346.4524669661139,63.25327708688466,480.4122985604141,0.0,,,,
metaworld-5,persistence,0.0,none,none,nll,blur,action_mse,30,0.1469496687375253,0.0731894317462239,0.0133625009127971,0.1469496687375253,0.0,,,,
metaworld-5,persistence,0.0,none,none,nll,blur,nll,30,,,,,,,,,
metaworld-5,persistence,0.0,none,none,nll,blur,uncertainty,30,,,,,,,,,
metaworld-5,persistence,0.0,none,none,nll,brightness,latent_mse,30,0.0632110911000618,0.0034223584642812,0.0006248343102518,0.0632110911000618,0.0,,,,
metaworld-5,persistence,0.0,none,none,nll,brightness,decision_kl,30,386.5413928333798,487.65897943060713,89.03394113469712,386.5413928333798,0.0,,,,
metaworld-5,persistence,0.0,none,none,nll,brightness,action_mse,30,0.0849182889444727,0.0252168118441686,0.0046039388918048,0.0849182889444727,0.0,,,,
metaworld-5,persistence,0.0,none,none,nll,brightness,nll,30,,,,,,,,,
metaworld-5,persistence,0.0,none,none,nll,brightness,uncertainty,30,,,,,,,,,
metaworld-5,persistence,0.0,none,none,nll,clean,latent_mse,30,0.0051731863312976,0.0023892271711236,0.0004362112055428,0.0051731863312976,0.0,,,,
metaworld-5,persistence,0.0,none,none,nll,clean,decision_kl,30,0.913281673561569,0.4918113263983802,0.0897920525016429,0.913281673561569,0.0,,,,
metaworld-5,persistence,0.0,none,none,nll,clean,action_mse,30,0.0031221558634152,0.0022103855893432,0.0004035593493558,0.0031221558634152,0.0,,,,
metaworld-5,persistence,0.0,none,none,nll,clean,nll,30,,,,,,,,,
metaworld-5,persistence,0.0,none,none,nll,clean,uncertainty,30,,,,,,,,,
metaworld-5,persistence,0.0,none,none,nll,desaturation,latent_mse,30,0.2531476701503568,0.0319268136181119,0.0058290120026343,0.2531476701503568,0.0,,,,
metaworld-5,persistence,0.0,none,none,nll,desaturation,decision_kl,30,4263.651750858989,7213.554267318544,1317.0087973326724,4263.651750858989,0.0,,,,
metaworld-5,persistence,0.0,none,none,nll,desaturation,action_mse,30,0.3626992272842118,0.3344907214862249,0.0610693711447277,0.3626992272842118,0.0,,,,
metaworld-5,persistence,0.0,none,none,nll,desaturation,nll,30,,,,,,,,,
metaworld-5,persistence,0.0,none,none,nll,desaturation,uncertainty,30,,,,,,,,,
metaworld-5,random_policy_kl,0.01,random,none,nll,blur,latent_mse,30,0.2413211363069329,0.0237370893870768,0.0043337797689394,0.2879303010895259,-16.187655347917282,-46.782974248977766,7.227741595156022e-29,0.0,1.718092931245674e-06
metaworld-5,random_policy_kl,0.01,random,none,nll,blur,decision_kl,30,613.5368100395159,520.2959885910137,94.9926165102496,480.4122985604141,27.71047116779021,2.720503105652861,0.0109014288220719,65.0,0.0002832636237144
metaworld-5,random_policy_kl,0.01,random,none,nll,blur,action_mse,30,0.1457854127014162,0.066724172129543,0.0121821114020694,0.1469496687375253,-0.7922821780488075,-0.4083076853264691,0.68604703303226,202.0,0.5425279382616282
metaworld-5,random_policy_kl,0.01,random,none,nll,blur,nll,30,,,,,,,,,
metaworld-5,random_policy_kl,0.01,random,none,nll,blur,uncertainty,30,,,,,,,,,
metaworld-5,random_policy_kl,0.01,random,none,nll,brightness,latent_mse,30,0.0512099398957009,0.0032147650637599,0.0005869331141669,0.0632110911000618,-18.985831434808254,-54.80418018433866,7.719911894401138e-31,0.0,1.718092931245674e-06
metaworld-5,random_policy_kl,0.01,random,none,nll,brightness,decision_kl,30,308.3566652513852,364.0311891593145,66.46269797932888,386.5413928333798,-20.22674130935737,-2.1889031241351056,0.0368029823470412,184.0,0.3284698575735092
metaworld-5,random_policy_kl,0.01,random,none,nll,brightness,action_mse,30,0.0794269722243349,0.031427482962822,0.0057378471147823,0.0849182889444727,-6.466588986182414,-1.920219180205004,0.0647138504444049,149.0,0.087938567623496
metaworld-5,random_policy_kl,0.01,random,none,nll,brightness,nll,30,,,,,,,,,
metaworld-5,random_policy_kl,0.01,random,none,nll,brightness,uncertainty,30,,,,,,,,,
metaworld-5,random_policy_kl,0.01,random,none,nll,clean,latent_mse,30,0.0015061325782983,0.0003692947989912,6.74236972589444e-05,0.0051731863312976,-70.88578524252506,-9.017246377896656,6.533962906442585e-10,0.0,1.718092931245674e-06
metaworld-5,random_policy_kl,0.01,random,none,nll,clean,decision_kl,30,0.3495534927061452,0.1296404312214656,0.0236689961815645,0.913281673561569,-61.725554905424254,-6.234080803983625,8.397337208353845e-07,0.0,1.862645149230957e-09
metaworld-5,random_policy_kl,0.01,random,none,nll,clean,action_mse,30,0.0007338373637253,0.0007120420736059,0.0001300005018689,0.0031221558634152,-76.49581264265899,-6.746952684163041,2.0998878192999298e-07,0.0,1.862645149230957e-09
metaworld-5,random_policy_kl,0.01,random,none,nll,clean,nll,30,,,,,,,,,
metaworld-5,random_policy_kl,0.01,random,none,nll,clean,uncertainty,30,,,,,,,,,
metaworld-5,random_policy_kl,0.01,random,none,nll,desaturation,latent_mse,30,0.198295556439151,0.0249441952046728,0.0045541661308038,0.2531476701503568,-21.668030236512312,-32.1329982338992,3.1723096419856323e-24,0.0,1.718092931245674e-06
metaworld-5,random_policy_kl,0.01,random,none,nll,desaturation,decision_kl,30,3331.389342079344,5914.841576904246,1079.8973852466277,4263.651750858989,-21.865350719411463,-3.109127168073018,0.0041806298780019,29.0,3.2391399145126343e-06
metaworld-5,random_policy_kl,0.01,random,none,nll,desaturation,action_mse,30,0.3288770487601955,0.2988335004073261,0.0545592830371072,0.3626992272842118,-9.325131122353657,-4.501446076050077,0.0001011299356531,37.0,1.0609626770019531e-05
metaworld-5,random_policy_kl,0.01,random,none,nll,desaturation,nll,30,,,,,,,,,
metaworld-5,random_policy_kl,0.01,random,none,nll,desaturation,uncertainty,30,,,,,,,,,
metaworld-5,vjepa,0.0,none,none,nll,blur,latent_mse,30,0.2413243203515974,0.0237421793733622,0.0043347090690414,0.2879303010895259,-16.18654950922909,-46.82529035119965,7.043033255521377e-29,0.0,1.718092931245674e-06
metaworld-5,vjepa,0.0,none,none,nll,blur,decision_kl,30,613.6782337243941,520.4984269122534,95.02957652193174,480.4122985604141,27.739909149561697,2.720969297062464,0.010889245102496,64.0,0.0002562887966632
metaworld-5,vjepa,0.0,none,none,nll,blur,action_mse,30,0.1457924936830446,0.0667247571934364,0.0121822182196334,0.1469496687375253,-0.7874635338903878,-0.4057944538538203,0.6878722533198246,203.0,0.5561132747679949
metaworld-5,vjepa,0.0,none,none,nll,blur,nll,30,,,,,,,,,
metaworld-5,vjepa,0.0,none,none,nll,blur,uncertainty,30,,,,,,,,,
metaworld-5,vjepa,0.0,none,none,nll,brightness,latent_mse,30,0.0512117941540966,0.0032150197595329,0.0005869796150403,0.0632110911000618,-18.982897996445807,-54.86661281878554,7.471459299535951e-31,0.0,1.718092931245674e-06
metaworld-5,vjepa,0.0,none,none,nll,brightness,decision_kl,30,308.5163779356644,363.84911700166856,66.42945630338345,386.5413928333798,-20.18542291830268,-2.185205311432771,0.0370991922599608,184.0,0.3284698575735092
metaworld-5,vjepa,0.0,none,none,nll,brightness,action_mse,30,0.0794139704999733,0.031404869946118,0.0057337185616683,0.0849182889444727,-6.481899850924549,-1.925176454449192,0.0640654568739281,149.0,0.087938567623496
metaworld-5,vjepa,0.0,none,none,nll,brightness,nll,30,,,,,,,,,
metaworld-5,vjepa,0.0,none,none,nll,brightness,uncertainty,30,,,,,,,,,
metaworld-5,vjepa,0.0,none,none,nll,clean,latent_mse,30,0.0015061268659015,0.0003692272432522,6.741136332489729e-05,0.0051731863312976,-70.88589566570336,-9.016884305004451,6.539636904427765e-10,0.0,1.718092931245674e-06
metaworld-5,vjepa,0.0,none,none,nll,clean,decision_kl,30,0.3495686569876194,0.1296746757838386,0.0236752483546591,0.913281673561569,-61.72389448871896,-6.23395443072284,8.400230076017227e-07,0.0,1.862645149230957e-09
metaworld-5,vjepa,0.0,none,none,nll,clean,action_mse,30,0.0007337387379107,0.0007118929005136,0.000129973266713,0.0031221558634152,-76.49897154371682,-6.746928739056702,2.1000224627541485e-07,0.0,1.862645149230957e-09
metaworld-5,vjepa,0.0,none,none,nll,clean,nll,30,,,,,,,,,
metaworld-5,vjepa,0.0,none,none,nll,clean,uncertainty,30,,,,,,,,,
metaworld-5,vjepa,0.0,none,none,nll,desaturation,latent_mse,30,0.1982883651071307,0.0249373799789835,0.0045529218465223,0.2531476701503568,-21.670871002147685,-32.16638040694033,3.0806589043244643e-24,0.0,1.718092931245674e-06
metaworld-5,vjepa,0.0,none,none,nll,desaturation,decision_kl,30,3335.1342397999038,5921.145769805259,1081.0483681328774,4263.651750858989,-21.777517614378777,-3.114024546333689,0.0041291645000232,30.0,3.7904828786849976e-06
metaworld-5,vjepa,0.0,none,none,nll,desaturation,action_mse,30,0.3289533922943601,0.2988959177801958,0.0545706788381409,0.3626992272842118,-9.304082405284085,-4.499502526691381,0.0001016745696822,37.0,1.0609626770019531e-05
metaworld-5,vjepa,0.0,none,none,nll,desaturation,nll,30,,,,,,,,,
metaworld-5,vjepa,0.0,none,none,nll,desaturation,uncertainty,30,,,,,,,,,
metaworld-5,weak_policy_kl,0.01,weak_bc,none,nll,blur,latent_mse,30,0.2427591482665302,0.0240072377450951,0.0043831018854593,0.2879303010895259,-15.688224772477346,-42.33071735645326,1.2615836371154724e-27,0.0,1.718092931245674e-06
metaworld-5,weak_policy_kl,0.01,weak_bc,none,nll,blur,decision_kl,30,629.1333698078429,527.1341082950282,96.24108064785268,480.4122985604141,30.956965858925944,2.953884783819785,0.0061677264309473,65.0,0.0002832636237144
metaworld-5,weak_policy_kl,0.01,weak_bc,none,nll,blur,action_mse,30,0.1472549467253157,0.0660227525340273,0.0120540502904893,0.1469496687375253,0.2077432296465994,0.1016220829347009,0.9197560428437712,228.0,0.935398668050766
metaworld-5,weak_policy_kl,0.01,weak_bc,none,nll,blur,nll,30,,,,,,,,,
metaworld-5,weak_policy_kl,0.01,weak_bc,none,nll,blur,uncertainty,30,,,,,,,,,
metaworld-5,weak_policy_kl,0.01,weak_bc,none,nll,brightness,latent_mse,30,0.0514009897794698,0.0032948588868279,0.000601556178704,0.0632110911000618,-18.683590355839293,-54.92238813859351,7.256494160658039e-31,0.0,1.718092931245674e-06
metaworld-5,weak_policy_kl,0.01,weak_bc,none,nll,brightness,decision_kl,30,256.1659510917389,324.2850203627996,59.20607357124249,386.5413928333798,-33.72871422281022,-2.643044228713087,0.0131122192675544,103.0,0.0066395364701747
metaworld-5,weak_policy_kl,0.01,weak_bc,none,nll,brightness,action_mse,30,0.0755617384816511,0.0304739162178752,0.0055637504426842,0.0849182889444727,-11.01829838910176,-3.4876404304815103,0.0015747566399094,80.0,0.0011314544826745
metaworld-5,weak_policy_kl,0.01,weak_bc,none,nll,brightness,nll,30,,,,,,,,,
metaworld-5,weak_policy_kl,0.01,weak_bc,none,nll,brightness,uncertainty,30,,,,,,,,,
metaworld-5,weak_policy_kl,0.01,weak_bc,none,nll,clean,latent_mse,30,0.0015274968793852,0.0003749791929431,6.846152085668776e-05,0.0051731863312976,-70.4728037700096,-9.005466082078398,6.721180270920493e-10,0.0,1.718092931245674e-06
metaworld-5,weak_policy_kl,0.01,weak_bc,none,nll,clean,decision_kl,30,0.3377937311443986,0.1221044652151167,0.0222931233234747,0.913281673561569,-63.013192871035294,-6.332388662729979,6.426157243860468e-07,0.0,1.862645149230957e-09
metaworld-5,weak_policy_kl,0.01,weak_bc,none,nll,clean,action_mse,30,0.0007298460877224,0.0007121377267105,0.0001300179656565,0.0031221558634152,-76.62364982239757,-6.767202796475324,1.9890990605432668e-07,0.0,1.862645149230957e-09
metaworld-5,weak_policy_kl,0.01,weak_bc,none,nll,clean,nll,30,,,,,,,,,
metaworld-5,weak_policy_kl,0.01,weak_bc,none,nll,clean,uncertainty,30,,,,,,,,,
metaworld-5,weak_policy_kl,0.01,weak_bc,none,nll,desaturation,latent_mse,30,0.1977790703012618,0.0246074851180038,0.0044926915608678,0.2531476701503568,-21.87205587008124,-31.653620797644145,4.84846567897761e-24,0.0,1.718092931245674e-06
metaworld-5,weak_policy_kl,0.01,weak_bc,none,nll,desaturation,decision_kl,30,3259.6795331644626,5778.254084082479,1054.9600349494422,4263.651750858989,-23.547237822419664,-3.16846805168624,0.0035962951881577,13.0,1.6391277313232425e-07
metaworld-5,weak_policy_kl,0.01,weak_bc,none,nll,desaturation,action_mse,30,0.3224193772708086,0.2954195509806966,0.0539359840000583,0.3626992272842118,-11.105579219180362,-5.009007279891654,2.47390780681221e-05,19.0,5.718320608139038e-07
metaworld-5,weak_policy_kl,0.01,weak_bc,none,nll,desaturation,nll,30,,,,,,,,,
metaworld-5,weak_policy_kl,0.01,weak_bc,none,nll,desaturation,uncertainty,30,,,,,,,,,
lerobot-pusht,action_mse,0.1,strong_bc,none,nll,blur,latent_mse,6,0.2196248835658387,0.0236125573616939,0.0096397861763914,0.283264537658031,-22.46650943967464,-9.29241388818878,0.0002427888898439,0.0,0.03125
lerobot-pusht,action_mse,0.1,strong_bc,none,nll,blur,decision_kl,6,11.931142907269184,3.788307937644852,1.5465702392941931,12.36022743667487,-3.471493802229893,-0.7689827211743981,0.4766377396376227,8.0,0.6875
lerobot-pusht,action_mse,0.1,strong_bc,none,nll,blur,action_mse,6,0.0868901952868547,0.011161597531112,0.0045567031109221,0.0989248800305931,-12.165478229558213,-7.437364192989825,0.0006927280628064,0.0,0.03125
lerobot-pusht,action_mse,0.1,strong_bc,none,nll,blur,nll,6,,,,,,,,,
lerobot-pusht,action_mse,0.1,strong_bc,none,nll,blur,uncertainty,6,,,,,,,,,
lerobot-pusht,action_mse,0.1,strong_bc,none,nll,brightness,latent_mse,6,0.0897910212967787,0.0008087705588819,0.000330179198041,0.1253460850276171,-28.36551594172619,-59.50613351432485,2.5361913127149735e-08,0.0,0.03125
lerobot-pusht,action_mse,0.1,strong_bc,none,nll,brightness,decision_kl,6,13.252009189502552,3.145236895709697,1.2840375857773512,14.800069838279514,-10.459819890666951,-2.784316066750429,0.0387040175264805,1.0,0.0625
lerobot-pusht,action_mse,0.1,strong_bc,none,nll,brightness,action_mse,6,0.0497988672707566,0.0054945407099311,0.0022431368517135,0.0646222860290405,-22.938555209301047,-6.774699497477455,0.0010652771696192,0.0,0.03125
lerobot-pusht,action_mse,0.1,strong_bc,none,nll,brightness,nll,6,,,,,,,,,
lerobot-pusht,action_mse,0.1,strong_bc,none,nll,brightness,uncertainty,6,,,,,,,,,
lerobot-pusht,action_mse,0.1,strong_bc,none,nll,clean,latent_mse,6,0.0247764379801628,0.0004176985924473,0.0001705247362957,0.0271298930546631,-8.674767238331608,-29.25159516639881,8.752523798154494e-07,0.0,0.03125
lerobot-pusht,action_mse,0.1,strong_bc,none,nll,clean,decision_kl,6,2.873690950838723,0.1061370517437894,0.0433302699292766,1.647058173726034,74.47416227793319,31.03559426016941,6.519056430436184e-07,0.0,0.03125
lerobot-pusht,action_mse,0.1,strong_bc,none,nll,clean,action_mse,6,0.0060160882168943,0.0002437890846634,9.95264770476227e-05,0.004408191715057,36.4751944963128,23.372043256198644,2.668945172232483e-06,0.0,0.03125
lerobot-pusht,action_mse,0.1,strong_bc,none,nll,clean,nll,6,,,,,,,,,
lerobot-pusht,action_mse,0.1,strong_bc,none,nll,clean,uncertainty,6,,,,,,,,,
lerobot-pusht,action_mse,0.1,strong_bc,none,nll,desaturation,latent_mse,6,0.0855213508929824,0.0023163092499031,0.0009456292914586,0.1234326481889104,-30.71415695295276,-84.72514815583895,4.3410438707783896e-09,0.0,0.03125
lerobot-pusht,action_mse,0.1,strong_bc,none,nll,desaturation,decision_kl,6,6.0766713167057285,0.1944546626286586,0.0793857835908771,6.957377507300351,-12.658594271627504,-2.7694263277742963,0.0393920797148533,0.0,0.03125
lerobot-pusht,action_mse,0.1,strong_bc,none,nll,desaturation,action_mse,6,0.0256251670153155,0.001329046201566,0.0005425808397368,0.0365997270313676,-29.985360291475324,-12.903320529325043,4.980205930129894e-05,0.0,0.03125
lerobot-pusht,action_mse,0.1,strong_bc,none,nll,desaturation,nll,6,,,,,,,,,
lerobot-pusht,action_mse,0.1,strong_bc,none,nll,desaturation,uncertainty,6,,,,,,,,,
lerobot-pusht,bjepa,0.0,none,empirical_task_gaussian,nll,blur,latent_mse,6,0.1833600856827186,0.0090596152003605,0.0036985724178076,0.283264537658031,-35.26895840944313,-26.28332033555058,1.4900143263228208e-06,0.0,0.03125
lerobot-pusht,bjepa,0.0,none,empirical_task_gaussian,nll,blur,decision_kl,6,14.545005741571266,2.957972339616604,1.2075871508878715,12.36022743667487,17.675874623583315,2.844131616403612,0.0360711298146967,1.0,0.0625
lerobot-pusht,bjepa,0.0,none,empirical_task_gaussian,nll,blur,action_mse,6,0.0771147496638901,0.006888069289168,0.0028120425118994,0.0989248800305931,-22.047163827702537,-7.815915266551315,0.0005496661775578,0.0,0.03125
lerobot-pusht,bjepa,0.0,none,empirical_task_gaussian,nll,blur,nll,6,6.233460878078586,1.269442031655582,0.5182475392663646,,,,,,
lerobot-pusht,bjepa,0.0,none,empirical_task_gaussian,nll,blur,uncertainty,6,0.2065865911939731,0.0269009696949787,0.0109822748897952,,,,,,
lerobot-pusht,bjepa,0.0,none,empirical_task_gaussian,nll,brightness,latent_mse,6,0.0722327763079562,0.0017163849275957,0.0007007112124688,0.1253460850276171,-42.37332877844459,-40.22040620192487,1.791428420071222e-07,0.0,0.03125
lerobot-pusht,bjepa,0.0,none,empirical_task_gaussian,nll,brightness,decision_kl,6,19.30540754742373,5.123322842272445,2.091587791852185,14.800069838279514,30.441327361114364,3.533020992770766,0.0166860089348573,0.0,0.03125
lerobot-pusht,bjepa,0.0,none,empirical_task_gaussian,nll,brightness,action_mse,6,0.0517135630199109,0.0041460279217642,0.0016926088112757,0.0646222860290405,-19.975652058066466,-10.810599257568027,0.0001175011376811,0.0,0.03125
lerobot-pusht,bjepa,0.0,none,empirical_task_gaussian,nll,brightness,nll,6,2.688426382228036,0.3765061969306887,0.1537080112460042,,,,,,
lerobot-pusht,bjepa,0.0,none,empirical_task_gaussian,nll,brightness,uncertainty,6,0.2231763019179201,0.0248900126339944,0.0101613051074521,,,,,,
lerobot-pusht,bjepa,0.0,none,empirical_task_gaussian,nll,clean,latent_mse,6,0.0213754818408337,0.0003865855832164,0.0001578229034661,0.0271298930546631,-21.21059306144332,-67.77568092010648,1.324103612164037e-08,0.0,0.03125
lerobot-pusht,bjepa,0.0,none,empirical_task_gaussian,nll,clean,decision_kl,6,3.2508264368081794,0.1391697535476899,0.0568158139701215,1.647058173726034,97.37168295968829,28.15307361992167,1.0588193174059092e-06,0.0,0.03125
lerobot-pusht,bjepa,0.0,none,empirical_task_gaussian,nll,clean,action_mse,6,0.0061099698327398,0.0002848008368665,0.0001162694547734,0.004408191715057,38.60490259237331,31.61364148281237,5.946845252279974e-07,0.0,0.03125
lerobot-pusht,bjepa,0.0,none,empirical_task_gaussian,nll,clean,nll,6,0.761108935058911,0.0385225558671268,0.0157267675770531,,,,,,
lerobot-pusht,bjepa,0.0,none,empirical_task_gaussian,nll,clean,uncertainty,6,0.182728970280844,0.0050682131015586,0.0020690893344178,,,,,,
lerobot-pusht,bjepa,0.0,none,empirical_task_gaussian,nll,desaturation,latent_mse,6,0.0790010293927061,0.0009966797648925,0.0004068928101573,0.1234326481889104,-35.99665035801783,-232.7945160632196,2.7755833667309003e-11,0.0,0.03125
lerobot-pusht,bjepa,0.0,none,empirical_task_gaussian,nll,desaturation,decision_kl,6,7.255552881315663,0.7108567420588509,0.2902060497102371,6.957377507300351,4.285743783522417,2.6103181282452974,0.0476514758497678,0.0,0.03125
lerobot-pusht,bjepa,0.0,none,empirical_task_gaussian,nll,desaturation,action_mse,6,0.0291964687373308,0.0023486596563785,0.0009588362895979,0.0365997270313676,-20.227632538602997,-19.2603921246183,6.95850447614213e-06,0.0,0.03125
lerobot-pusht,bjepa,0.0,none,empirical_task_gaussian,nll,desaturation,nll,6,3.271262742489832,0.1942028689404327,0.0792829892481093,,,,,,
lerobot-pusht,bjepa,0.0,none,empirical_task_gaussian,nll,desaturation,uncertainty,6,0.1761807149751471,0.0083978720188082,0.0034284168952127,,,,,,
lerobot-pusht,cosine_jepa,0.0,none,none,nll,blur,latent_mse,6,0.2918322145234361,0.014592718172215,0.0059574522470277,0.283264537658031,3.024620355319036,2.672984541128157,0.0441900815878835,0.0,0.03125
lerobot-pusht,cosine_jepa,0.0,none,none,nll,blur,decision_kl,6,11.12781257988968,4.063172062192601,1.6587830482506585,12.36022743667487,-9.970810513796929,-2.8791894164099907,0.0346208457008909,1.0,0.0625
lerobot-pusht,cosine_jepa,0.0,none,none,nll,blur,action_mse,6,0.0871257394301772,0.013710174240833,0.0055971551957818,0.0989248800305931,-11.92737418207324,-6.143693008015732,0.0016601833708057,0.0,0.03125
lerobot-pusht,cosine_jepa,0.0,none,none,nll,blur,nll,6,,,,,,,,,
lerobot-pusht,cosine_jepa,0.0,none,none,nll,blur,uncertainty,6,,,,,,,,,
lerobot-pusht,cosine_jepa,0.0,none,none,nll,brightness,latent_mse,6,0.1509377945792551,0.0087640598725857,0.003577912460506,0.1253460850276171,20.41683994039342,7.057758095461007,0.0008827060193575,0.0,0.03125
lerobot-pusht,cosine_jepa,0.0,none,none,nll,brightness,decision_kl,6,11.506932427881416,1.7670630303332482,0.721400461275442,14.800069838279514,-22.250823451390698,-6.910556193035707,0.0009725804404123,0.0,0.03125
lerobot-pusht,cosine_jepa,0.0,none,none,nll,brightness,action_mse,6,0.0487505671219233,0.0027882344295834,0.0011382919392899,0.0646222860290405,-24.56075122440669,-6.57176556677483,0.0012239596829952,0.0,0.03125
lerobot-pusht,cosine_jepa,0.0,none,none,nll,brightness,nll,6,,,,,,,,,
lerobot-pusht,cosine_jepa,0.0,none,none,nll,brightness,uncertainty,6,,,,,,,,,
lerobot-pusht,cosine_jepa,0.0,none,none,nll,clean,latent_mse,6,0.0534565554748218,0.0009970681503222,0.000407051367845,0.0271298930546631,97.039315146263,46.41186266395277,8.770030732146054e-08,0.0,0.03125
lerobot-pusht,cosine_jepa,0.0,none,none,nll,clean,decision_kl,6,3.205315407443638,0.1975891005724603,0.0806654125229992,1.647058173726034,94.60851222956254,21.096414341512844,4.434676324997641e-06,0.0,0.03125
lerobot-pusht,cosine_jepa,0.0,none,none,nll,clean,action_mse,6,0.0088537435951468,0.0004324386254994,0.0001765423295906,0.004408191715057,100.84751679254806,25.308892386221345,1.7976330871508206e-06,0.0,0.03125
lerobot-pusht,cosine_jepa,0.0,none,none,nll,clean,nll,6,,,,,,,,,
lerobot-pusht,cosine_jepa,0.0,none,none,nll,clean,uncertainty,6,,,,,,,,,
lerobot-pusht,cosine_jepa,0.0,none,none,nll,desaturation,latent_mse,6,0.1324684014744991,0.0025814890219666,0.0010538884800691,0.1234326481889104,7.320391661499269,13.567133497067523,3.898614814836006e-05,0.0,0.03125
lerobot-pusht,cosine_jepa,0.0,none,none,nll,desaturation,decision_kl,6,4.4634574515448895,0.1395989759500103,0.0569910432820976,6.957377507300351,-35.84569118376285,-8.921617560165124,0.0002946682379726,0.0,0.03125
lerobot-pusht,cosine_jepa,0.0,none,none,nll,desaturation,action_mse,6,0.0230601554252882,0.0007836790272183,0.0003199356231342,0.0365997270313676,-36.993640948402174,-19.788124516393143,6.087937795233937e-06,0.0,0.03125
lerobot-pusht,cosine_jepa,0.0,none,none,nll,desaturation,nll,6,,,,,,,,,
lerobot-pusht,cosine_jepa,0.0,none,none,nll,desaturation,uncertainty,6,,,,,,,,,
lerobot-pusht,de_bjepa,0.01,strong_bc,empirical_task_gaussian,nll,blur,latent_mse,6,0.1736480899719658,0.0083296677251322,0.0034005726089172,0.283264537658031,-38.69755409284548,-23.98639228602905,2.3465265457314663e-06,0.0,0.03125
lerobot-pusht,de_bjepa,0.01,strong_bc,empirical_task_gaussian,nll,blur,decision_kl,6,13.06245176210839,2.2316362209586527,0.9110616721436056,12.36022743667487,5.68132203902577,0.8310087401355133,0.4438278175409723,7.0,0.5625
lerobot-pusht,de_bjepa,0.01,strong_bc,empirical_task_gaussian,nll,blur,action_mse,6,0.0709898166400583,0.0064300761528968,0.0026250675969726,0.0989248800305931,-28.238662894406072,-9.602127245068235,0.0002076244595333,0.0,0.03125
lerobot-pusht,de_bjepa,0.01,strong_bc,empirical_task_gaussian,nll,blur,nll,6,5.425646606850717,1.1697350581418655,0.4775423377820641,,,,,,
lerobot-pusht,de_bjepa,0.01,strong_bc,empirical_task_gaussian,nll,blur,uncertainty,6,0.2306742583805761,0.0406803427181076,0.0166076803701515,,,,,,
lerobot-pusht,de_bjepa,0.01,strong_bc,empirical_task_gaussian,nll,brightness,latent_mse,6,0.0725988313791476,0.0003883897138807,0.0001585594367255,0.1253460850276171,-42.08129327441527,-70.35494243385025,1.0987305372431605e-08,0.0,0.03125
lerobot-pusht,de_bjepa,0.01,strong_bc,empirical_task_gaussian,nll,brightness,decision_kl,6,14.900287867140696,4.323384365181289,1.7650142761034548,14.800069838279514,0.6771456483399405,0.0905720929055805,0.9313490512145656,9.0,0.84375
lerobot-pusht,de_bjepa,0.01,strong_bc,empirical_task_gaussian,nll,brightness,action_mse,6,0.0461736757501617,0.0045872965243318,0.0018727559639092,0.0646222860290405,-28.54837148687091,-16.367101189740186,1.553209065173453e-05,0.0,0.03125
lerobot-pusht,de_bjepa,0.01,strong_bc,empirical_task_gaussian,nll,brightness,nll,6,2.639322096492005,0.3328274501067653,0.1358762375255336,,,,,,
lerobot-pusht,de_bjepa,0.01,strong_bc,empirical_task_gaussian,nll,brightness,uncertainty,6,0.2295646341699418,0.0249813001624553,0.010198573084887,,,,,,
lerobot-pusht,de_bjepa,0.01,strong_bc,empirical_task_gaussian,nll,clean,latent_mse,6,0.0213148480861105,0.000414262108654,0.0001691217976619,0.0271298930546631,-21.43408732513644,-105.00187541979186,1.4855820203040603e-09,0.0,0.03125
lerobot-pusht,de_bjepa,0.01,strong_bc,empirical_task_gaussian,nll,clean,decision_kl,6,2.3242644549800096,0.1312645842878229,0.0535885421339533,1.647058173726034,41.11611186883432,11.855687353585116,7.518345206217875e-05,0.0,0.03125
lerobot-pusht,de_bjepa,0.01,strong_bc,empirical_task_gaussian,nll,clean,action_mse,6,0.0051943614976924,0.0002298674150545,9.384297922934868e-05,0.004408191715057,17.834292005725892,23.2145033230388,2.76001279814846e-06,0.0,0.03125
lerobot-pusht,de_bjepa,0.01,strong_bc,empirical_task_gaussian,nll,clean,nll,6,0.7657166439644572,0.0412255296254291,0.0168302519930487,,,,,,
lerobot-pusht,de_bjepa,0.01,strong_bc,empirical_task_gaussian,nll,clean,uncertainty,6,0.1846334781619896,0.0042182633773678,0.0017220988125367,,,,,,
lerobot-pusht,de_bjepa,0.01,strong_bc,empirical_task_gaussian,nll,desaturation,latent_mse,6,0.0789515595111169,0.0005991553995017,0.0002446041675687,0.1234326481889104,-36.03672879943102,-141.27308497393264,3.3711152402802737e-10,0.0,0.03125
lerobot-pusht,de_bjepa,0.01,strong_bc,empirical_task_gaussian,nll,desaturation,decision_kl,6,5.873529176522818,0.7949148384085056,0.3245226238446304,6.957377507300351,-15.578403351553872,-5.73874175894322,0.0022510341131286,0.0,0.03125
lerobot-pusht,de_bjepa,0.01,strong_bc,empirical_task_gaussian,nll,desaturation,action_mse,6,0.0258712074467234,0.0036016178108309,0.0014703543141759,0.0365997270313676,-29.313113661884305,-11.964320742510075,7.19274097192433e-05,0.0,0.03125
lerobot-pusht,de_bjepa,0.01,strong_bc,empirical_task_gaussian,nll,desaturation,nll,6,3.193396362447983,0.2488987400640865,0.1016124851297727,,,,,,
lerobot-pusht,de_bjepa,0.01,strong_bc,empirical_task_gaussian,nll,desaturation,uncertainty,6,0.1809726456199475,0.0083651238817851,0.0034150475242572,,,,,,
lerobot-pusht,de_vjepa,0.01,strong_bc,none,nll,blur,latent_mse,6,0.2161071803154763,0.0215167549541062,0.0087841784263437,0.283264537658031,-23.70835329328441,-11.2099405664342,9.86174012736834e-05,0.0,0.03125
lerobot-pusht,de_vjepa,0.01,strong_bc,none,nll,blur,decision_kl,6,10.524313544956811,3.792951054552571,1.5484657838341935,12.36022743667487,-14.853398945318697,-2.769898150214961,0.0393700698781713,1.0,0.0625
lerobot-pusht,de_vjepa,0.01,strong_bc,none,nll,blur,action_mse,6,0.0829238154567104,0.0104779826417769,0.0042776185010154,0.0989248800305931,-16.1749648510408,-6.99532231651603,0.0009195718339096,0.0,0.03125
lerobot-pusht,de_vjepa,0.01,strong_bc,none,nll,blur,nll,6,,,,,,,,,
lerobot-pusht,de_vjepa,0.01,strong_bc,none,nll,blur,uncertainty,6,,,,,,,,,
lerobot-pusht,de_vjepa,0.01,strong_bc,none,nll,brightness,latent_mse,6,0.0907646862346224,0.0015061392238242,0.0006148787633268,0.1253460850276171,-27.588734650448394,-30.866741906382032,6.698512676646058e-07,0.0,0.03125
lerobot-pusht,de_vjepa,0.01,strong_bc,none,nll,brightness,decision_kl,6,10.659012129122727,2.410734957155747,0.9841784250203076,14.800069838279514,-27.979987624424467,-5.980289645121592,0.0018735151334875,0.0,0.03125
lerobot-pusht,de_vjepa,0.01,strong_bc,none,nll,brightness,action_mse,6,0.0445250444727227,0.0053127505565475,0.0021689213323714,0.0646222860290405,-31.099552168869995,-7.59016479936872,0.0006302174096668,0.0,0.03125
lerobot-pusht,de_vjepa,0.01,strong_bc,none,nll,brightness,nll,6,,,,,,,,,
lerobot-pusht,de_vjepa,0.01,strong_bc,none,nll,brightness,uncertainty,6,,,,,,,,,
lerobot-pusht,de_vjepa,0.01,strong_bc,none,nll,clean,latent_mse,6,0.0238999039947604,0.0004755373657961,0.0001941373166379,0.0271298930546631,-11.90564612029522,-103.53786948587786,1.593579665599621e-09,0.0,0.03125
lerobot-pusht,de_vjepa,0.01,strong_bc,none,nll,clean,decision_kl,6,2.2865603658135893,0.0880183839760266,0.0359333547876047,1.647058173726034,38.82693412345301,17.963237201721153,9.819005245037417e-06,0.0,0.03125
lerobot-pusht,de_vjepa,0.01,strong_bc,none,nll,clean,action_mse,6,0.0054853879253995,0.0003234742780349,0.0001320578210168,0.004408191715057,24.43623780388608,13.79297714825044,3.5963430335369764e-05,0.0,0.03125
lerobot-pusht,de_vjepa,0.01,strong_bc,none,nll,clean,nll,6,,,,,,,,,
lerobot-pusht,de_vjepa,0.01,strong_bc,none,nll,clean,uncertainty,6,,,,,,,,,
lerobot-pusht,de_vjepa,0.01,strong_bc,none,nll,desaturation,latent_mse,6,0.0860135108863171,0.0020178304706159,0.0008237758400748,0.1234326481889104,-30.315429387307876,-81.43884481212199,5.2898639521668445e-09,0.0,0.03125
lerobot-pusht,de_vjepa,0.01,strong_bc,none,nll,desaturation,decision_kl,6,4.856046673415211,0.4774962737555161,0.1949370374635542,6.957377507300351,-30.202915274903823,-7.464271013680272,0.0006812051520683,0.0,0.03125
lerobot-pusht,de_vjepa,0.01,strong_bc,none,nll,desaturation,action_mse,6,0.0229634831872143,0.0020708871178663,0.0008454361256125,0.0365997270313676,-37.2577747163698,-18.89257297661012,7.65419101371465e-06,0.0,0.03125
lerobot-pusht,de_vjepa,0.01,strong_bc,none,nll,desaturation,nll,6,,,,,,,,,
lerobot-pusht,de_vjepa,0.01,strong_bc,none,nll,desaturation,uncertainty,6,,,,,,,,,
lerobot-pusht,linear_dynamics,0.0,none,none,nll,blur,latent_mse,6,0.2121088518368682,0.0139205026853275,0.0056830214236825,0.283264537658031,-25.119870778552915,-23.473600292500542,2.6121459495078056e-06,0.0,0.03125
lerobot-pusht,linear_dynamics,0.0,none,none,nll,blur,decision_kl,6,11.686253052236516,3.1788957829490063,1.2977787689517153,12.36022743667487,-5.452766851510831,-1.0694442143215308,0.3337569889196178,6.0,0.4375
lerobot-pusht,linear_dynamics,0.0,none,none,nll,blur,action_mse,6,0.0771025781301767,0.008909518502496,0.0036372956975001,0.0989248800305931,-22.05946764218239,-10.940597982673385,0.0001109147277628,0.0,0.03125
lerobot-pusht,linear_dynamics,0.0,none,none,nll,blur,nll,6,,,,,,,,,
lerobot-pusht,linear_dynamics,0.0,none,none,nll,blur,uncertainty,6,,,,,,,,,
lerobot-pusht,linear_dynamics,0.0,none,none,nll,brightness,latent_mse,6,0.0832399938700414,0.0017278246441827,0.0007053814572089,0.1253460850276171,-33.591867786136724,-76.44287672487908,7.258097305768205e-09,0.0,0.03125
lerobot-pusht,linear_dynamics,0.0,none,none,nll,brightness,decision_kl,6,12.708478737429552,3.320193558046601,1.355463344081656,14.800069838279514,-14.132305615478815,-2.618852910144592,0.0471629950244379,1.0,0.0625
lerobot-pusht,linear_dynamics,0.0,none,none,nll,brightness,action_mse,6,0.0451244650159462,0.0050202226232689,0.0020494973036975,0.0646222860290405,-30.171976590757247,-8.3296622525288,0.0004076963637841,0.0,0.03125
lerobot-pusht,linear_dynamics,0.0,none,none,nll,brightness,nll,6,,,,,,,,,
lerobot-pusht,linear_dynamics,0.0,none,none,nll,brightness,uncertainty,6,,,,,,,,,
lerobot-pusht,linear_dynamics,0.0,none,none,nll,clean,latent_mse,6,0.0212937420161805,0.0005194479762744,0.0002120637482989,0.0271298930546631,-21.511883687574823,-194.81872883660347,6.761261672900173e-11,0.0,0.03125
lerobot-pusht,linear_dynamics,0.0,none,none,nll,clean,decision_kl,6,2.8449891539161043,0.1336406756033613,0.0545585773515079,1.647058173726034,72.73155249155943,25.95967885311557,1.584627543312428e-06,0.0,0.03125
lerobot-pusht,linear_dynamics,0.0,none,none,nll,clean,action_mse,6,0.005671781577732,0.000227653616608,9.293919979816018e-05,0.004408191715057,28.6645850351518,19.89123795831149,5.933428392090802e-06,0.0,0.03125
lerobot-pusht,linear_dynamics,0.0,none,none,nll,clean,nll,6,,,,,,,,,
lerobot-pusht,linear_dynamics,0.0,none,none,nll,clean,uncertainty,6,,,,,,,,,
lerobot-pusht,linear_dynamics,0.0,none,none,nll,desaturation,latent_mse,6,0.0855749075023231,0.001886451861138,0.0007701407473519,0.1234326481889104,-30.67076761461605,-129.9961238269651,5.109478025903992e-10,0.0,0.03125
lerobot-pusht,linear_dynamics,0.0,none,none,nll,desaturation,decision_kl,6,5.7972722060038135,0.3960531780260107,0.1616880328618989,6.957377507300351,-16.674462469216934,-4.043073437396559,0.0098926908117463,0.0,0.03125
lerobot-pusht,linear_dynamics,0.0,none,none,nll,desaturation,action_mse,6,0.0246628329402719,0.00154795495295,0.0006319499632569,0.0365997270313676,-32.61470797545906,-17.232772295485002,1.2049959358302544e-05,0.0,0.03125
lerobot-pusht,linear_dynamics,0.0,none,none,nll,desaturation,nll,6,,,,,,,,,
lerobot-pusht,linear_dynamics,0.0,none,none,nll,desaturation,uncertainty,6,,,,,,,,,
lerobot-pusht,no_action_vjepa,0.0,none,none,nll,blur,latent_mse,6,0.2201184537139045,0.0227135335942622,0.009272761260251,0.283264537658031,-22.29226590317461,-9.723874673421284,0.00019548481426,0.0,0.03125
lerobot-pusht,no_action_vjepa,0.0,none,none,nll,blur,decision_kl,6,13.04371653244253,4.178085196729552,1.7056961389772125,12.36022743667487,5.529745300152272,1.4976292792844468,0.1944949413685981,4.0,0.21875
lerobot-pusht,no_action_vjepa,0.0,none,none,nll,blur,action_mse,6,0.0940804394522536,0.011609846481278,0.0047396999785296,0.0989248800305931,-4.897090172706116,-4.204433962490394,0.0084533875419959,1.0,0.0625
lerobot-pusht,no_action_vjepa,0.0,none,none,nll,blur,nll,6,,,,,,,,,
lerobot-pusht,no_action_vjepa,0.0,none,none,nll,blur,uncertainty,6,,,,,,,,,
lerobot-pusht,no_action_vjepa,0.0,none,none,nll,brightness,latent_mse,6,0.0899297421150694,0.0016916489685928,0.000690612799493,0.1253460850276171,-28.254845697609547,-35.02217407481753,3.5711009848859855e-07,0.0,0.03125
lerobot-pusht,no_action_vjepa,0.0,none,none,nll,brightness,decision_kl,6,14.231872624193732,3.079729416606964,1.2572942694210634,14.800069838279514,-3.8391522492425865,-1.0451497243042318,0.3438259413977682,7.0,0.5625
lerobot-pusht,no_action_vjepa,0.0,none,none,nll,brightness,action_mse,6,0.0543330501085996,0.0050462842327615,0.0020601369112196,0.0646222860290405,-15.922116892950967,-4.633895659521858,0.0056638108445324,0.0,0.03125
lerobot-pusht,no_action_vjepa,0.0,none,none,nll,brightness,nll,6,,,,,,,,,
lerobot-pusht,no_action_vjepa,0.0,none,none,nll,brightness,uncertainty,6,,,,,,,,,
lerobot-pusht,no_action_vjepa,0.0,none,none,nll,clean,latent_mse,6,0.0248183845440476,0.0004085117758703,0.0001667742341334,0.0271298930546631,-8.520153418806848,-28.373730914892995,1.0184955044738985e-06,0.0,0.03125
lerobot-pusht,no_action_vjepa,0.0,none,none,nll,clean,decision_kl,6,3.2941728237139114,0.1365132866102067,0.0557313158842202,1.647058173726034,100.00342891725045,32.720105581244496,5.010647974771605e-07,0.0,0.03125
lerobot-pusht,no_action_vjepa,0.0,none,none,nll,clean,action_mse,6,0.0071623028065768,0.0003349411418542,0.000136739148568,0.004408191715057,62.477116911968686,31.450667335966337,6.10185367744051e-07,0.0,0.03125
lerobot-pusht,no_action_vjepa,0.0,none,none,nll,clean,nll,6,,,,,,,,,
lerobot-pusht,no_action_vjepa,0.0,none,none,nll,clean,uncertainty,6,,,,,,,,,
lerobot-pusht,no_action_vjepa,0.0,none,none,nll,desaturation,latent_mse,6,0.0851981145454612,0.0021799603353001,0.0008899650801653,0.1234326481889104,-30.976029603555286,-97.01387814972848,2.206176517291001e-09,0.0,0.03125
lerobot-pusht,no_action_vjepa,0.0,none,none,nll,desaturation,decision_kl,6,7.341253360610679,0.3011129777772312,0.1229288584140378,6.957377507300351,5.5175366423272045,1.0362732502719467,0.3475682903470984,6.0,0.4375
lerobot-pusht,no_action_vjepa,0.0,none,none,nll,desaturation,action_mse,6,0.0314256830565062,0.001342937373662,0.0005482518869975,0.0365997270313676,-14.136837606540096,-5.151485511244576,0.0036103898782475,0.0,0.03125
lerobot-pusht,no_action_vjepa,0.0,none,none,nll,desaturation,nll,6,,,,,,,,,
lerobot-pusht,no_action_vjepa,0.0,none,none,nll,desaturation,uncertainty,6,,,,,,,,,
lerobot-pusht,persistence,0.0,none,none,nll,blur,latent_mse,6,0.283264537658031,0.0068444378098245,0.0027942300350471,0.283264537658031,0.0,,,,
lerobot-pusht,persistence,0.0,none,none,nll,blur,decision_kl,6,12.36022743667487,4.054684835253641,1.6553181523620493,12.36022743667487,0.0,,,,
lerobot-pusht,persistence,0.0,none,none,nll,blur,action_mse,6,0.0989248800305931,0.0101217671752131,0.0041321941457539,0.0989248800305931,0.0,,,,
lerobot-pusht,persistence,0.0,none,none,nll,blur,nll,6,,,,,,,,,
lerobot-pusht,persistence,0.0,none,none,nll,blur,uncertainty,6,,,,,,,,,
lerobot-pusht,persistence,0.0,none,none,nll,brightness,latent_mse,6,0.1253460850276171,0.0015195610023732,0.0006203581814744,0.1253460850276171,0.0,,,,
lerobot-pusht,persistence,0.0,none,none,nll,brightness,decision_kl,6,14.800069838279514,2.7547852982708148,1.1246363886140431,14.800069838279514,0.0,,,,
lerobot-pusht,persistence,0.0,none,none,nll,brightness,action_mse,6,0.0646222860290405,0.0051094102232202,0.0020859079889082,0.0646222860290405,0.0,,,,
lerobot-pusht,persistence,0.0,none,none,nll,brightness,nll,6,,,,,,,,,
lerobot-pusht,persistence,0.0,none,none,nll,brightness,uncertainty,6,,,,,,,,,
lerobot-pusht,persistence,0.0,none,none,nll,clean,latent_mse,6,0.0271298930546631,0.0005420909470691,0.0002213077024169,0.0271298930546631,0.0,,,,
lerobot-pusht,persistence,0.0,none,none,nll,clean,decision_kl,6,1.647058173726034,0.0501208036823447,0.0204617324199921,1.647058173726034,0.0,,,,
lerobot-pusht,persistence,0.0,none,none,nll,clean,action_mse,6,0.004408191715057,0.0002127542250829,8.685654867909739e-05,0.004408191715057,0.0,,,,
lerobot-pusht,persistence,0.0,none,none,nll,clean,nll,6,,,,,,,,,
lerobot-pusht,persistence,0.0,none,none,nll,clean,uncertainty,6,,,,,,,,,
lerobot-pusht,persistence,0.0,none,none,nll,desaturation,latent_mse,6,0.1234326481889104,0.0012265836962637,0.0005007506971105,0.1234326481889104,0.0,,,,
lerobot-pusht,persistence,0.0,none,none,nll,desaturation,decision_kl,6,6.957377507300351,0.6976494861619976,0.284814210068628,6.957377507300351,0.0,,,,
lerobot-pusht,persistence,0.0,none,none,nll,desaturation,action_mse,6,0.0365997270313676,0.0020912959713807,0.0008537680051701,0.0365997270313676,0.0,,,,
lerobot-pusht,persistence,0.0,none,none,nll,desaturation,nll,6,,,,,,,,,
lerobot-pusht,persistence,0.0,none,none,nll,desaturation,uncertainty,6,,,,,,,,,
lerobot-pusht,random_policy_kl,0.01,random,none,nll,blur,latent_mse,6,0.2196389557751509,0.0237752494863073,0.0097062049581368,0.283264537658031,-22.461541571324958,-9.199374683317648,0.0002547083262279,0.0,0.03125
lerobot-pusht,random_policy_kl,0.01,random,none,nll,blur,decision_kl,6,11.954414402080785,3.746502146412845,1.5295030964922376,12.36022743667487,-3.283216564364913,-0.7722455505864795,0.4748687037169123,7.0,0.5625
lerobot-pusht,random_policy_kl,0.01,random,none,nll,blur,action_mse,6,0.0874151878820028,0.0110846864111643,0.0045253042776858,0.0989248800305931,-11.634779991677451,-7.745511060404612,0.0005734026196329,0.0,0.03125
lerobot-pusht,random_policy_kl,0.01,random,none,nll,blur,nll,6,,,,,,,,,
lerobot-pusht,random_policy_kl,0.01,random,none,nll,blur,uncertainty,6,,,,,,,,,
lerobot-pusht,random_policy_kl,0.01,random,none,nll,brightness,latent_mse,6,0.0897395500277267,0.0007264126399755,0.0002965567184413,0.1253460850276171,-28.406579265754768,-57.49071857609261,3.0123703977652555e-08,0.0,0.03125
lerobot-pusht,random_policy_kl,0.01,random,none,nll,brightness,decision_kl,6,12.793190904577804,2.815017477711846,1.1492260729017572,14.800069838279514,-13.55992880865356,-4.1367236362404345,0.0090257425607829,0.0,0.03125
lerobot-pusht,random_policy_kl,0.01,random,none,nll,brightness,action_mse,6,0.0485862372597254,0.0045284187470115,0.0018487192119719,0.0646222860290405,-24.81504408882832,-8.883723856400877,0.0003006803433103,0.0,0.03125
lerobot-pusht,random_policy_kl,0.01,random,none,nll,brightness,nll,6,,,,,,,,,
lerobot-pusht,random_policy_kl,0.01,random,none,nll,brightness,uncertainty,6,,,,,,,,,
lerobot-pusht,random_policy_kl,0.01,random,none,nll,clean,latent_mse,6,0.0247758264073577,0.0004174888728565,0.0001704391186313,0.0271298930546631,-8.677021477977389,-29.62505307528102,8.217143523867345e-07,0.0,0.03125
lerobot-pusht,random_policy_kl,0.01,random,none,nll,clean,decision_kl,6,3.0105372385792584,0.1305678703442253,0.0533041098575373,1.647058173726034,82.78269016866074,28.131094416594696,1.062939809454909e-06,0.0,0.03125
lerobot-pusht,random_policy_kl,0.01,random,none,nll,clean,action_mse,6,0.0063570648186005,0.0002818799734707,0.0001150770172854,0.004408191715057,44.21026192864576,25.381228534366045,1.7723300053793503e-06,0.0,0.03125
lerobot-pusht,random_policy_kl,0.01,random,none,nll,clean,nll,6,,,,,,,,,
lerobot-pusht,random_policy_kl,0.01,random,none,nll,clean,uncertainty,6,,,,,,,,,
lerobot-pusht,random_policy_kl,0.01,random,none,nll,desaturation,latent_mse,6,0.0855123813539769,0.002324234362926,0.0009488647053019,0.1234326481889104,-30.7214237005573,-84.19037674389465,4.480591383665406e-09,0.0,0.03125
lerobot-pusht,random_policy_kl,0.01,random,none,nll,desaturation,decision_kl,6,6.187077554977282,0.2052765443555038,0.0838037983054637,6.957377507300351,-11.071699810953136,-2.4191204272080022,0.0601826847131211,2.0,0.09375
lerobot-pusht,random_policy_kl,0.01,random,none,nll,desaturation,action_mse,6,0.0260789674107448,0.0011421756302489,0.0004662912484586,0.0365997270313676,-28.745459253305476,-12.827190586791422,5.1259423480779474e-05,0.0,0.03125
lerobot-pusht,random_policy_kl,0.01,random,none,nll,desaturation,nll,6,,,,,,,,,
lerobot-pusht,random_policy_kl,0.01,random,none,nll,desaturation,uncertainty,6,,,,,,,,,
lerobot-pusht,vjepa,0.0,none,none,nll,blur,latent_mse,6,0.219706863095763,0.0237063270169127,0.0096780674778319,0.283264537658031,-22.43756846082776,-9.226446298904108,0.0002511696754306,0.0,0.03125
lerobot-pusht,vjepa,0.0,none,none,nll,blur,decision_kl,6,11.951733348794065,3.747820384809342,1.5300412650640314,12.36022743667487,-3.304907534862468,-0.7666122976740941,0.4779259235698108,7.0,0.5625
lerobot-pusht,vjepa,0.0,none,none,nll,blur,action_mse,6,0.087415684197457,0.0110737832747367,0.0045208530908785,0.0989248800305931,-11.634278282244908,-7.713611698861221,0.0005845564881719,0.0,0.03125
lerobot-pusht,vjepa,0.0,none,none,nll,blur,nll,6,,,,,,,,,
lerobot-pusht,vjepa,0.0,none,none,nll,blur,uncertainty,6,,,,,,,,,
lerobot-pusht,vjepa,0.0,none,none,nll,brightness,latent_mse,6,0.0897474579941642,0.0007377751877693,0.0003011954591534,0.1253460850276171,-28.400270359947477,-57.36970472415533,3.044234096240742e-08,0.0,0.03125
lerobot-pusht,vjepa,0.0,none,none,nll,brightness,decision_kl,6,12.792172056370465,2.814684230437901,1.149090025271867,14.800069838279514,-13.56681288567802,-4.105680123731328,0.009303030614236,0.0,0.03125
lerobot-pusht,vjepa,0.0,none,none,nll,brightness,action_mse,6,0.0485931036979483,0.0045071702824506,0.0018400445626399,0.0646222860290405,-24.80441859312885,-8.891852403821128,0.0002993784915552,0.0,0.03125
lerobot-pusht,vjepa,0.0,none,none,nll,brightness,nll,6,,,,,,,,,
lerobot-pusht,vjepa,0.0,none,none,nll,brightness,uncertainty,6,,,,,,,,,
lerobot-pusht,vjepa,0.0,none,none,nll,clean,latent_mse,6,0.0247767290629529,0.0004168976069301,0.0001701977353276,0.0271298930546631,-8.673694315598484,-29.49690552997382,8.396307947038093e-07,0.0,0.03125
lerobot-pusht,vjepa,0.0,none,none,nll,clean,decision_kl,6,3.0100264504789025,0.130722847112746,0.0533673788583475,1.647058173726034,82.75167802176125,28.09124111849052,1.0704603433316288e-06,0.0,0.03125
lerobot-pusht,vjepa,0.0,none,none,nll,clean,action_mse,6,0.0063555673518525,0.0002813528327568,0.0001148618129901,0.004408191715057,44.17629183739645,25.426658793056703,1.7566567470810104e-06,0.0,0.03125
lerobot-pusht,vjepa,0.0,none,none,nll,clean,nll,6,,,,,,,,,
lerobot-pusht,vjepa,0.0,none,none,nll,clean,uncertainty,6,,,,,,,,,
lerobot-pusht,vjepa,0.0,none,none,nll,desaturation,latent_mse,6,0.0855117336592717,0.0023213737127453,0.000947696849756,0.1234326481889104,-30.72194843588039,-84.41892339465747,4.4203036633632675e-09,0.0,0.03125
lerobot-pusht,vjepa,0.0,none,none,nll,desaturation,decision_kl,6,6.18775219952753,0.2062126008368851,0.0841859417637653,6.957377507300351,-11.062002988414182,-2.4179278775071165,0.0602713084708961,2.0,0.09375
lerobot-pusht,vjepa,0.0,none,none,nll,desaturation,action_mse,6,0.026080758149183,0.0011514142367605,0.0004700628937732,0.0365997270313676,-28.74056648884114,-12.808056759510391,5.163368228376102e-05,0.0,0.03125
lerobot-pusht,vjepa,0.0,none,none,nll,desaturation,nll,6,,,,,,,,,
lerobot-pusht,vjepa,0.0,none,none,nll,desaturation,uncertainty,6,,,,,,,,,
lerobot-pusht,weak_policy_kl,0.01,weak_bc,none,nll,blur,latent_mse,6,0.2199493724303501,0.0237508713929549,0.0096962526432009,0.283264537658031,-22.35195614359522,-9.173242376052906,0.0002581806126525,0.0,0.03125
lerobot-pusht,weak_policy_kl,0.01,weak_bc,none,nll,blur,decision_kl,6,12.112837748878826,4.19518572785149,1.7126774015737678,12.36022743667487,-2.0014978612933727,-0.3917400262476002,0.711389645604939,6.0,0.4375
lerobot-pusht,weak_policy_kl,0.01,weak_bc,none,nll,blur,action_mse,6,0.0898284612896708,0.0126529478942669,0.0051655443471628,0.0989248800305931,-9.195279021929762,-3.0754269235471137,0.0276128094263761,1.0,0.0625
lerobot-pusht,weak_policy_kl,0.01,weak_bc,none,nll,blur,nll,6,,,,,,,,,
lerobot-pusht,weak_policy_kl,0.01,weak_bc,none,nll,blur,uncertainty,6,,,,,,,,,
lerobot-pusht,weak_policy_kl,0.01,weak_bc,none,nll,brightness,latent_mse,6,0.0898808358338998,0.0011068141864979,0.0004518549994989,0.1253460850276171,-28.29386269695087,-41.45479921826925,1.5407277502186797e-07,0.0,0.03125
lerobot-pusht,weak_policy_kl,0.01,weak_bc,none,nll,brightness,decision_kl,6,12.317844270511296,2.878836928222916,1.1752802544712442,14.800069838279514,-16.771715234397657,-3.752594921949475,0.0132582261878742,1.0,0.0625
lerobot-pusht,weak_policy_kl,0.01,weak_bc,none,nll,brightness,action_mse,6,0.046575953451207,0.0047543558146487,0.0019409576335872,0.0646222860290405,-27.92586534268329,-8.673414529722187,0.000336826900179,0.0,0.03125
lerobot-pusht,weak_policy_kl,0.01,weak_bc,none,nll,brightness,nll,6,,,,,,,,,
lerobot-pusht,weak_policy_kl,0.01,weak_bc,none,nll,brightness,uncertainty,6,,,,,,,,,
lerobot-pusht,weak_policy_kl,0.01,weak_bc,none,nll,clean,latent_mse,6,0.0246439353679872,0.0004596925187128,0.0001876686849035,0.0271298930546631,-9.163168028959948,-32.877013740806525,4.892679411589225e-07,0.0,0.03125
lerobot-pusht,weak_policy_kl,0.01,weak_bc,none,nll,clean,decision_kl,6,2.891338605489322,0.0946583296140152,0.0386441012430865,1.647058173726034,75.54562744729485,32.984135670785314,4.81405255800235e-07,0.0,0.03125
lerobot-pusht,weak_policy_kl,0.01,weak_bc,none,nll,clean,action_mse,6,0.0062385630669584,0.0002191692672788,8.947547868878812e-05,0.004408191715057,41.52204509730135,26.35668061694028,1.469518979228609e-06,0.0,0.03125
lerobot-pusht,weak_policy_kl,0.01,weak_bc,none,nll,clean,nll,6,,,,,,,,,
lerobot-pusht,weak_policy_kl,0.01,weak_bc,none,nll,clean,uncertainty,6,,,,,,,,,
lerobot-pusht,weak_policy_kl,0.01,weak_bc,none,nll,desaturation,latent_mse,6,0.0858343218951561,0.00252151624173,0.0010294046950631,0.1234326481889104,-30.460600858381483,-70.60924856265173,1.0791033967225244e-08,0.0,0.03125
lerobot-pusht,weak_policy_kl,0.01,weak_bc,none,nll,desaturation,decision_kl,6,5.788210210170646,0.4260045130906744,0.1739156141991582,6.957377507300351,-16.804712636376312,-4.023903206556805,0.0100817805152077,0.0,0.03125
lerobot-pusht,weak_policy_kl,0.01,weak_bc,none,nll,desaturation,action_mse,6,0.0249793030115344,0.0015811597445898,0.000645505762679,0.0365997270313676,-31.750029200693238,-18.899540885527948,7.640258441315077e-06,0.0,0.03125
lerobot-pusht,weak_policy_kl,0.01,weak_bc,none,nll,desaturation,nll,6,,,,,,,,,
lerobot-pusht,weak_policy_kl,0.01,weak_bc,none,nll,desaturation,uncertainty,6,,,,,,,,,
