candidate,baseline,shift,metric,pairs,candidate_mean,baseline_mean,mean_change,change_stderr,relative_change_percent,paired_t,paired_t_p,wilcoxon_w,wilcoxon_p
vjepa,persistence,blur,latent_mse,6,0.21970686309576307,0.283264537658031,-0.0635576745622679,0.006888640816108918,-22.437568460827745,-9.226446298904108,0.00025116967543065935,0.0,0.03125
vjepa,persistence,blur,decision_kl,6,11.951733348794065,12.36022743667487,-0.4084940878808081,0.5328561635655746,-3.304907534862486,-0.7666122976740941,0.47792592356981084,7.0,0.5625
vjepa,persistence,blur,action_mse,6,0.08741568419745704,0.09892488003059317,-0.01150919583313611,0.0014920631582784033,-11.634278282244885,-7.713611698861221,0.0005845564881719614,0.0,0.03125
vjepa,persistence,blur,nll,0,,,,,,,,,
vjepa,persistence,blur,uncertainty,0,,,,,,,,,
vjepa,persistence,brightness,latent_mse,6,0.08974745799416423,0.12534608502761713,-0.035598627033452866,0.0006205126417264648,-28.400270359947445,-57.36970472415533,3.044234096240742e-08,0.0,0.03125
vjepa,persistence,brightness,decision_kl,6,12.792172056370463,14.800069838279514,-2.0078977819090538,0.48905363335617935,-13.566812885678036,-4.105680123731328,0.009303030614236006,0.0,0.03125
vjepa,persistence,brightness,action_mse,6,0.048593103697948316,0.06462228602904056,-0.01602918233109225,0.0018026820063054545,-24.80441859312886,-8.891852403821128,0.0002993784915552508,0.0,0.03125
vjepa,persistence,brightness,nll,0,,,,,,,,,
vjepa,persistence,brightness,uncertainty,0,,,,,,,,,
vjepa,persistence,clean,latent_mse,6,0.024776729062952908,0.027129893054663175,-0.0023531639917102644,7.977663925861829e-05,-8.673694315598471,-29.49690552997382,8.396307947038093e-07,0.0,0.03125
vjepa,persistence,clean,decision_kl,6,3.0100264504789025,1.647058173726034,1.3629682767528688,0.048519332805688,82.75167802176126,28.09124111849052,1.0704603433316288e-06,0.0,0.03125
vjepa,persistence,clean,action_mse,6,0.006355567351852516,0.004408191715057003,0.001947375636795514,7.658794860327016e-05,44.17629183739646,25.426658793056706,1.7566567470810104e-06,0.0,0.03125
vjepa,persistence,clean,nll,0,,,,,,,,,
vjepa,persistence,clean,uncertainty,0,,,,,,,,,
vjepa,persistence,desaturation,latent_mse,6,0.08551173365927171,0.12343264818891042,-0.037920914529638715,0.000449199219852152,-30.721948435880392,-84.41892339465747,4.4203036633632675e-09,0.0,0.03125
vjepa,persistence,desaturation,decision_kl,6,6.18775219952753,6.957377507300351,-0.7696253077728211,0.31829953032606784,-11.062002988414184,-2.4179278775071165,0.060271308470896144,2.0,0.09375
vjepa,persistence,desaturation,action_mse,6,0.026080758149183068,0.03659972703136765,-0.01051896888218458,0.0008212775036598673,-28.740566488841132,-12.808056759510393,5.163368228376102e-05,0.0,0.03125
vjepa,persistence,desaturation,nll,0,,,,,,,,,
vjepa,persistence,desaturation,uncertainty,0,,,,,,,,,
vjepa,linear_dynamics,blur,latent_mse,6,0.21970686309576307,0.21210885183686826,0.0075980112588948006,0.004215242662567367,3.5821283237808426,1.8025086257470881,0.13133275417804854,3.0,0.125
vjepa,linear_dynamics,blur,decision_kl,6,11.951733348794065,11.686253052236516,0.26548029655754757,0.8981709614711163,2.271731541075434,0.29557880174918677,0.7794332284204002,8.0,0.6875
vjepa,linear_dynamics,blur,action_mse,6,0.08741568419745704,0.07710257813017672,0.010313106067280335,0.0028242341234507584,13.37582518948734,3.6516470010918867,0.0147228865057864,0.0,0.03125
vjepa,linear_dynamics,blur,nll,0,,,,,,,,,
vjepa,linear_dynamics,blur,uncertainty,0,,,,,,,,,
vjepa,linear_dynamics,brightness,latent_mse,6,0.08974745799416423,0.08323999387004145,0.00650746412412279,0.0004593928302785517,7.817713362980993,14.165358480185697,3.156833706703123e-05,0.0,0.03125
vjepa,linear_dynamics,brightness,decision_kl,6,12.792172056370463,12.708478737429552,0.08369331894091274,0.36563816585391823,0.6585628435165543,0.22889656156504834,0.8280170590651873,8.0,0.6875
vjepa,linear_dynamics,brightness,action_mse,6,0.048593103697948316,0.045124465015946254,0.0034686386820020573,0.0013162884153445748,7.686825053274973,2.6351661547473593,0.046244550185623415,2.0,0.09375
vjepa,linear_dynamics,brightness,nll,0,,,,,,,,,
vjepa,linear_dynamics,brightness,uncertainty,0,,,,,,,,,
vjepa,linear_dynamics,clean,latent_mse,6,0.024776729062952908,0.021293742016180593,0.003482987046772313,5.4668930646033496e-05,16.35685754117654,63.71053916023546,1.8034403092837776e-08,0.0,0.03125
vjepa,linear_dynamics,clean,decision_kl,6,3.0100264504789025,2.8449891539161043,0.165037296562799,0.025087077664368147,5.800981572658248,6.57857797431727,0.001218198051935919,0.0,0.03125
vjepa,linear_dynamics,clean,action_mse,6,0.006355567351852516,0.005671781577732034,0.0006837857741204826,3.3902443039539335e-05,12.055925721912352,20.16921828680621,5.539716513398701e-06,0.0,0.03125
vjepa,linear_dynamics,clean,nll,0,,,,,,,,,
vjepa,linear_dynamics,clean,uncertainty,0,,,,,,,,,
vjepa,linear_dynamics,desaturation,latent_mse,6,0.08551173365927171,0.08557490750232312,-6.317384305142466e-05,0.00027318765325105545,-0.07382285870389012,-0.23124706515696317,0.8262880230192348,10.0,0.875
vjepa,linear_dynamics,desaturation,decision_kl,6,6.18775219952753,5.7972722060038135,0.3904799935237174,0.11185216503635345,6.735581488123425,3.491036524834421,0.0174510626765732,1.0,0.0625
vjepa,linear_dynamics,desaturation,action_mse,6,0.026080758149183068,0.02466283294027194,0.0014179252089111301,0.00045543536946408765,5.74923899596222,3.1133401223967465,0.026450650683863645,1.0,0.0625
vjepa,linear_dynamics,desaturation,nll,0,,,,,,,,,
vjepa,linear_dynamics,desaturation,uncertainty,0,,,,,,,,,
vjepa,no_action_vjepa,blur,latent_mse,6,0.21970686309576307,0.22011845371390457,-0.0004115906181414812,0.0005442526559119522,-0.18698596650894136,-0.7562491678645429,0.4835871950350752,7.0,0.59375
vjepa,no_action_vjepa,blur,decision_kl,6,11.951733348794065,13.04371653244253,-1.0919831836484686,0.22610820659833678,-8.371718144383706,-4.82947169444535,0.004758685118376983,0.0,0.03125
vjepa,no_action_vjepa,blur,action_mse,6,0.08741568419745704,0.09408043945225368,-0.00666475525479662,0.0011644448297527007,-7.0841030224768655,-5.723547466144917,0.0022776350969485634,0.0,0.03125
vjepa,no_action_vjepa,blur,nll,0,,,,,,,,,
vjepa,no_action_vjepa,blur,uncertainty,0,,,,,,,,,
vjepa,no_action_vjepa,brightness,latent_mse,6,0.08974745799416423,0.08992974211506945,-0.00018228412090521193,0.00043603925784840007,-0.20269614547762252,-0.41804520493103753,0.6932611734856438,7.0,0.59375
vjepa,no_action_vjepa,brightness,decision_kl,6,12.792172056370463,14.231872624193732,-1.4397005678232675,0.17206557159524477,-10.116030446870512,-8.367162323500255,0.0003991569640010204,0.0,0.03125
vjepa,no_action_vjepa,brightness,action_mse,6,0.048593103697948316,0.0543330501085996,-0.005739946410651286,0.0007300840560986468,-10.564373616387112,-7.862035011864061,0.0005347482931555716,0.0,0.03125
vjepa,no_action_vjepa,brightness,nll,0,,,,,,,,,
vjepa,no_action_vjepa,brightness,uncertainty,0,,,,,,,,,
vjepa,no_action_vjepa,clean,latent_mse,6,0.024776729062952908,0.02481838454404765,-4.165548109473852e-05,3.4249778621640116e-06,-0.16784122681638847,-12.162262873261097,6.641687487982417e-05,0.0,0.03125
vjepa,no_action_vjepa,clean,decision_kl,6,3.0100264504789025,3.2941728237139114,-0.28414637323500913,0.004195213094555957,-8.625727563214404,-67.73109418535618,1.328463501330259e-08,0.0,0.03125
vjepa,no_action_vjepa,clean,action_mse,6,0.006355567351852516,0.007162302806576884,-0.000806735454724367,2.3538590450647025e-05,-11.263632333215108,-34.2728871729102,3.977380767246828e-07,0.0,0.03125
vjepa,no_action_vjepa,clean,nll,0,,,,,,,,,
vjepa,no_action_vjepa,clean,uncertainty,0,,,,,,,,,
vjepa,no_action_vjepa,desaturation,latent_mse,6,0.08551173365927171,0.08519811454546128,0.0003136191138104251,0.00015608997033837385,0.36810569750704936,2.0092201512407084,0.10074654278517299,3.0,0.125
vjepa,no_action_vjepa,desaturation,decision_kl,6,6.18775219952753,7.341253360610679,-1.1535011610831492,0.08946376046939926,-15.712591630091836,-12.893501849586348,4.9987212193915e-05,0.0,0.03125
vjepa,no_action_vjepa,desaturation,action_mse,6,0.026080758149183068,0.03142568305650625,-0.005344924907323182,0.0003338934488893599,-17.008142345585675,-16.007875940969104,1.732391988176158e-05,0.0,0.03125
vjepa,no_action_vjepa,desaturation,nll,0,,,,,,,,,
vjepa,no_action_vjepa,desaturation,uncertainty,0,,,,,,,,,
cosine_jepa,vjepa,blur,latent_mse,6,0.29183221452343616,0.21970686309576307,0.07212535142767307,0.0037668127496614683,32.82799199414903,19.147580785414707,7.163506559763988e-06,0.0,0.03125
cosine_jepa,vjepa,blur,decision_kl,6,11.12781257988968,11.951733348794065,-0.823920768904382,0.6189233612203107,-6.893734530878871,-1.3312161416558663,0.2405851402142013,5.0,0.3125
cosine_jepa,vjepa,blur,action_mse,6,0.08712573943017728,0.08741568419745704,-0.0002899447672797655,0.002206857317759666,-0.331685063088713,-0.1313835583961126,0.9005947871521063,10.0,1.0
cosine_jepa,vjepa,blur,nll,0,,,,,,,,,
cosine_jepa,vjepa,blur,uncertainty,0,,,,,,,,,
cosine_jepa,vjepa,brightness,latent_mse,6,0.15093779457925516,0.08974745799416423,0.0611903365850909,0.0038702350174911744,68.18057909681382,15.810496341577904,1.8413635488701373e-05,0.0,0.03125
cosine_jepa,vjepa,brightness,decision_kl,6,11.506932427881415,12.792172056370463,-1.2852396284890462,0.6081682021987935,-10.04707897005654,-2.1132963279604953,0.08825226641611766,2.0,0.09375
cosine_jepa,vjepa,brightness,action_mse,6,0.04875056712192339,0.048593103697948316,0.00015746342397507732,0.002114290062387153,0.3240447964671285,0.0744757906099659,0.9435196247104354,6.0,0.4375
cosine_jepa,vjepa,brightness,nll,0,,,,,,,,,
cosine_jepa,vjepa,brightness,uncertainty,0,,,,,,,,,
cosine_jepa,vjepa,clean,latent_mse,6,0.05345655547482189,0.024776729062952908,0.02867982641186899,0.00048804709807906264,115.75307757129305,58.76446458702827,2.7001222091402124e-08,0.0,0.03125
cosine_jepa,vjepa,clean,decision_kl,6,3.205315407443638,3.0100264504789025,0.1952889569647355,0.08672980233465573,6.487948201706486,2.251693785847606,0.07411933904081912,3.0,0.15625
cosine_jepa,vjepa,clean,action_mse,6,0.008853743595146827,0.006355567351852516,0.00249817624329431,0.00018973441869895558,39.30689590703721,13.166700382696888,4.512801402680079e-05,0.0,0.03125
cosine_jepa,vjepa,clean,nll,0,,,,,,,,,
cosine_jepa,vjepa,clean,uncertainty,0,,,,,,,,,
cosine_jepa,vjepa,desaturation,latent_mse,6,0.13246840147449915,0.08551173365927171,0.04695666781522748,0.0005828179555093439,54.912543350284594,80.56832733334461,5.58168800507971e-09,0.0,0.03125
cosine_jepa,vjepa,desaturation,decision_kl,6,4.4634574515448895,6.18775219952753,-1.7242947479826398,0.11944039556207883,-27.866254051257894,-14.436445390759296,2.876941112773067e-05,0.0,0.03125
cosine_jepa,vjepa,desaturation,action_mse,6,0.02306015542528821,0.026080758149183068,-0.0030206027238948593,0.0004753304900856095,-11.581728976653517,-6.35474219916091,0.0014255401020223258,0.0,0.03125
cosine_jepa,vjepa,desaturation,nll,0,,,,,,,,,
cosine_jepa,vjepa,desaturation,uncertainty,0,,,,,,,,,
action_mse,vjepa,blur,latent_mse,6,0.21962488356583873,0.21970686309576307,-8.197952992436419e-05,0.0001073515749636508,-0.037313140231141524,-0.763654654830378,0.47953675429721837,7.0,0.59375
action_mse,vjepa,blur,decision_kl,6,11.931142907269184,11.951733348794065,-0.0205904415248801,0.06386648293465809,-0.17227996077203048,-0.32239823736569645,0.7601953699141988,7.0,0.5625
action_mse,vjepa,blur,action_mse,6,0.08689019528685478,0.08741568419745704,-0.0005254889106022833,0.0002320190208727922,-0.6011380170808867,-2.2648527203741207,0.0729071728252115,1.0,0.0625
action_mse,vjepa,blur,nll,0,,,,,,,,,
action_mse,vjepa,blur,uncertainty,0,,,,,,,,,
action_mse,vjepa,brightness,latent_mse,6,0.08979102129677873,0.08974745799416423,4.356330261447161e-05,4.188815998961998e-05,0.0485398735385957,1.0399908381095457,0.3459967934000419,3.0,0.125
action_mse,vjepa,brightness,decision_kl,6,13.252009189502553,12.792172056370463,0.4598371331320914,0.18921769999637728,3.5946759557779235,2.430201472382845,0.059365925499275676,2.0,0.09375
action_mse,vjepa,brightness,action_mse,6,0.04979886727075666,0.048593103697948316,0.001205763572808342,0.0006284564424271929,2.481347106995455,1.918611205816433,0.1131299480333268,3.0,0.15625
action_mse,vjepa,brightness,nll,0,,,,,,,,,
action_mse,vjepa,brightness,uncertainty,0,,,,,,,,,
action_mse,vjepa,clean,latent_mse,6,0.024776437980162852,0.024776729062952908,-2.9108279005439036e-07,1.0223216721475404e-06,-0.0011748233163255929,-0.28472720278239555,0.7872693365527491,10.0,0.875
action_mse,vjepa,clean,decision_kl,6,2.873690950838723,3.0100264504789025,-0.13633549964017955,0.010406351496029236,-4.529378790624523,-13.101181494032877,4.6239899702459454e-05,0.0,0.03125
action_mse,vjepa,clean,action_mse,6,0.0060160882168943915,0.006355567351852516,-0.00033947913495812454,1.856631496388726e-05,-5.3414450066235775,-18.284680380486623,8.99598896317117e-06,0.0,0.03125
action_mse,vjepa,clean,nll,0,,,,,,,,,
action_mse,vjepa,clean,uncertainty,0,,,,,,,,,
action_mse,vjepa,desaturation,latent_mse,6,0.08552135089298248,0.08551173365927171,9.61723371079489e-06,4.778390958398389e-06,0.011246683114992757,2.0126510774284516,0.10030636936102277,0.0,0.03125
action_mse,vjepa,desaturation,decision_kl,6,6.0766713167057285,6.18775219952753,-0.11108088282180069,0.025543575377035485,-1.7951734206531789,-4.348681857656704,0.007368346560305264,0.0,0.03125
action_mse,vjepa,desaturation,action_mse,6,0.025625167015315576,0.026080758149183068,-0.0004555911338674917,9.476392056542426e-05,-1.7468477383268182,-4.8076433641530825,0.0048508791905223945,0.0,0.03125
action_mse,vjepa,desaturation,nll,0,,,,,,,,,
action_mse,vjepa,desaturation,uncertainty,0,,,,,,,,,
random_policy_kl,vjepa,blur,latent_mse,6,0.21963895577515094,0.21970686309576307,-6.790732061214462e-05,3.7338606373412054e-05,-0.0309081471808853,-1.8186892122599367,0.12862594865416285,3.0,0.125
random_policy_kl,vjepa,blur,decision_kl,6,11.954414402080785,11.951733348794065,0.002681053286720303,0.009498055351523657,0.02243233854435702,0.2822739168697532,0.7890448960590715,10.0,1.0
random_policy_kl,vjepa,blur,action_mse,6,0.0874151878820028,0.08741568419745704,-4.963154542625414e-07,1.7665046835276767e-05,-0.0005677647653497168,-0.028095903672975764,0.9786725809987088,10.0,1.0
random_policy_kl,vjepa,blur,nll,0,,,,,,,,,
random_policy_kl,vjepa,blur,uncertainty,0,,,,,,,,,
random_policy_kl,vjepa,brightness,latent_mse,6,0.0897395500277267,0.08974745799416423,-7.907966437551798e-06,4.639113804905809e-06,-0.008811354231410107,-1.7046286791216925,0.14898512355205498,3.0,0.125
random_policy_kl,vjepa,brightness,decision_kl,6,12.793190904577804,12.792172056370463,0.0010188482073409943,0.004986362891833687,0.007964622449192363,0.20432692714956466,0.8461547129758363,9.0,0.84375
random_policy_kl,vjepa,brightness,action_mse,6,0.048586237259725405,0.048593103697948316,-6.866438222923275e-06,2.09590986778069e-05,-0.014130478813628833,-0.3276113314068218,0.7564781230015868,9.0,0.84375
random_policy_kl,vjepa,brightness,nll,0,,,,,,,,,
random_policy_kl,vjepa,brightness,uncertainty,0,,,,,,,,,
random_policy_kl,vjepa,clean,latent_mse,6,0.024775826407357756,0.024776729062952908,-9.026555951527812e-07,3.290311837020644e-07,-0.003643158840133041,-2.743374001809294,0.040628780473002064,3.0,0.125
random_policy_kl,vjepa,clean,decision_kl,6,3.0105372385792584,3.0100264504789025,0.0005107881003557265,0.00016151570661594326,0.01696955521020285,3.1624670507760175,0.0250256909791303,1.0,0.0625
random_policy_kl,vjepa,clean,action_mse,6,0.006357064818600566,0.006355567351852516,1.4974667480499755e-06,4.61363453202124e-07,0.02356149601047804,3.2457420232502323,0.022803383295863983,1.0,0.0625
random_policy_kl,vjepa,clean,nll,0,,,,,,,,,
random_policy_kl,vjepa,clean,uncertainty,0,,,,,,,,,
random_policy_kl,vjepa,desaturation,latent_mse,6,0.08551238135397699,0.08551173365927171,6.47694705299684e-07,1.3336209963982272e-06,0.0007574337200090866,0.4856662477937462,0.6477377461561723,7.0,0.59375
random_policy_kl,vjepa,desaturation,decision_kl,6,6.187077554977282,6.18775219952753,-0.0006746445502474607,0.0010707848370512954,-0.010902901869583169,-0.630046790824273,0.5563312306381747,10.0,1.0
random_policy_kl,vjepa,desaturation,action_mse,6,0.026078967410744832,0.026080758149183068,-1.790738438237997e-06,4.551634878226873e-06,-0.006866128768170371,-0.3934275235485483,0.7102200039692942,9.0,0.84375
random_policy_kl,vjepa,desaturation,nll,0,,,,,,,,,
random_policy_kl,vjepa,desaturation,uncertainty,0,,,,,,,,,
weak_policy_kl,vjepa,blur,latent_mse,6,0.21994937243035015,0.21970686309576307,0.00024250933458708213,0.000559752347027329,0.11037858862032007,0.43324397990463814,0.6828907950890528,7.0,0.59375
weak_policy_kl,vjepa,blur,decision_kl,6,12.112837748878826,11.951733348794065,0.16110440008476168,0.3922037732474702,1.347958454084965,0.41076708352601465,0.6982544336695425,10.0,1.0
weak_policy_kl,vjepa,blur,action_mse,6,0.08982846128967086,0.08741568419745704,0.002412777092213806,0.0018744597173239218,2.7601192101451226,1.287185352619055,0.25439272490679915,7.0,0.5625
weak_policy_kl,vjepa,blur,nll,0,,,,,,,,,
weak_policy_kl,vjepa,blur,uncertainty,0,,,,,,,,,
weak_policy_kl,vjepa,brightness,latent_mse,6,0.08988083583389984,0.08974745799416423,0.00013337783973561834,0.00023734710607692313,0.14861461562988354,0.5619526689842648,0.5984047131573993,10.0,0.875
weak_policy_kl,vjepa,brightness,decision_kl,6,12.317844270511296,12.792172056370463,-0.474327785859165,0.37342805694235237,-3.7079534559805363,-1.2701985751766611,0.2599116720331503,5.0,0.3125
weak_policy_kl,vjepa,brightness,action_mse,6,0.046575953451207054,0.048593103697948316,-0.0020171502467412616,0.0016579477831855775,-4.151103949399365,-1.216654871280393,0.278028187190554,5.0,0.3125
weak_policy_kl,vjepa,brightness,nll,0,,,,,,,,,
weak_policy_kl,vjepa,brightness,uncertainty,0,,,,,,,,,
weak_policy_kl,vjepa,clean,latent_mse,6,0.024643935367987254,0.024776729062952908,-0.00013279369496565588,1.7729956393961872e-05,-0.5359613636983825,-7.489792530503922,0.0006704848409091835,0.0,0.03125
weak_policy_kl,vjepa,clean,decision_kl,6,2.891338605489322,3.0100264504789025,-0.1186878449895803,0.017136016775062102,-3.9430831237611472,-6.926221335305047,0.0009625174107815528,0.0,0.03125
weak_policy_kl,vjepa,clean,action_mse,6,0.006238563066958473,0.006355567351852516,-0.00011700428489404251,2.7470312798567365e-05,-1.8409730936127708,-4.259299329862183,0.008020229836781223,0.0,0.03125
weak_policy_kl,vjepa,clean,nll,0,,,,,,,,,
weak_policy_kl,vjepa,clean,uncertainty,0,,,,,,,,,
weak_policy_kl,vjepa,desaturation,latent_mse,6,0.08583432189515618,0.08551173365927171,0.00032258823588448654,8.496459869322055e-05,0.3772444108896973,3.796737003952052,0.012670713886063696,0.0,0.03125
weak_policy_kl,vjepa,desaturation,decision_kl,6,5.788210210170646,6.18775219952753,-0.3995419893568852,0.15905529635313956,-6.4569810889872485,-2.511969098280195,0.05369866015663948,2.0,0.09375
weak_policy_kl,vjepa,desaturation,action_mse,6,0.024979303011534407,0.026080758149183068,-0.001101455137648662,0.0005444586597305038,-4.2232481561628346,-2.023028044395254,0.09898724732307479,3.0,0.15625
weak_policy_kl,vjepa,desaturation,nll,0,,,,,,,,,
weak_policy_kl,vjepa,desaturation,uncertainty,0,,,,,,,,,
de_vjepa,vjepa,blur,latent_mse,6,0.21610718031547635,0.21970686309576307,-0.0035996827802867726,0.0009309159159715378,-1.638402519414147,-3.8668183866316355,0.011798206749715845,0.0,0.03125
de_vjepa,vjepa,blur,decision_kl,6,10.524313544956813,11.951733348794065,-1.4274198038372514,0.3883473830127767,-11.943203234042022,-3.6756261694450223,0.014358889734079215,0.0,0.03125
de_vjepa,vjepa,blur,action_mse,6,0.08292381545671045,0.08741568419745704,-0.004491868740746606,0.0010171353675844173,-5.138515796090144,-4.416195605717942,0.0069164711101140945,0.0,0.03125
de_vjepa,vjepa,blur,nll,0,,,,,,,,,
de_vjepa,vjepa,blur,uncertainty,0,,,,,,,,,
de_vjepa,vjepa,brightness,latent_mse,6,0.09076468623462242,0.08974745799416423,0.0010172282404581716,0.0005021408968273948,1.1334340416909816,2.0257824982692707,0.0986401583825154,3.0,0.125
de_vjepa,vjepa,brightness,decision_kl,6,10.659012129122727,12.792172056370463,-2.1331599272477355,0.4673868576067986,-16.675509974753883,-4.564013498732804,0.006034762175216582,0.0,0.03125
de_vjepa,vjepa,brightness,action_mse,6,0.04452504447272271,0.048593103697948316,-0.004068059225225614,0.0013915940877876466,-8.371680167853476,-2.923308787329649,0.03288713633473305,1.0,0.0625
de_vjepa,vjepa,brightness,nll,0,,,,,,,,,
de_vjepa,vjepa,brightness,uncertainty,0,,,,,,,,,
de_vjepa,vjepa,clean,latent_mse,6,0.023899903994760427,0.024776729062952908,-0.0008768250681924829,7.455416014069899e-05,-3.538905664119904,-11.76091403266745,7.816869248310825e-05,0.0,0.03125
de_vjepa,vjepa,clean,decision_kl,6,2.2865603658135893,3.0100264504789025,-0.7234660846653135,0.02503340827507264,-24.035206884982966,-28.90002338937263,9.295178693431501e-07,0.0,0.03125
de_vjepa,vjepa,clean,action_mse,6,0.005485387925399536,0.006355567351852516,-0.0008701794264529813,4.2384206743511335e-05,-13.691608919844773,-20.530747023741302,5.073454819464342e-06,0.0,0.03125
de_vjepa,vjepa,clean,nll,0,,,,,,,,,
de_vjepa,vjepa,clean,uncertainty,0,,,,,,,,,
de_vjepa,vjepa,desaturation,latent_mse,6,0.08601351088631713,0.08551173365927171,0.0005017772270454376,0.0004125974579835201,0.5867934207073953,1.216142313376733,0.2782069870115715,10.0,0.875
de_vjepa,vjepa,desaturation,decision_kl,6,4.856046673415211,6.18775219952753,-1.3317055261123192,0.2033806759191796,-21.521636341772098,-6.547846889059995,0.0012444454654383312,0.0,0.03125
de_vjepa,vjepa,desaturation,action_mse,6,0.022963483187214393,0.026080758149183068,-0.0031172749619686716,0.0006439907212699697,-11.95239396085698,-4.840558813986183,0.004712640520776039,0.0,0.03125
de_vjepa,vjepa,desaturation,nll,0,,,,,,,,,
de_vjepa,vjepa,desaturation,uncertainty,0,,,,,,,,,
bjepa,vjepa,blur,latent_mse,6,0.18336008568271867,0.21970686309576307,-0.03634677741304442,0.00892555285176347,-16.54330543020044,-4.0722158074346275,0.009613011918633774,0.0,0.03125
bjepa,vjepa,blur,decision_kl,6,14.545005741571266,11.951733348794065,2.5932723927772003,1.004393115999561,21.697876927942527,2.581929676206915,0.049316627062280925,2.0,0.09375
bjepa,vjepa,blur,action_mse,6,0.0771147496638901,0.08741568419745704,-0.01030093453356695,0.003073042294942151,-11.78385163730905,-3.3520314870124053,0.02028372911314614,1.0,0.0625
bjepa,vjepa,blur,nll,6,6.233460878078586,,,,,,,,
bjepa,vjepa,blur,uncertainty,6,0.20658659119397318,,,,,,,,
bjepa,vjepa,brightness,latent_mse,6,0.07223277630795621,0.08974745799416423,-0.017514681686208015,0.0008406357452517457,-19.515518408718492,-20.835042746086042,4.717067549002704e-06,0.0,0.03125
bjepa,vjepa,brightness,decision_kl,6,19.30540754742373,12.792172056370463,6.513235491053266,1.0288551643110995,50.915790237590606,6.330565969812084,0.0014503378671837813,0.0,0.03125
bjepa,vjepa,brightness,action_mse,6,0.051713563019910924,0.048593103697948316,0.003120459321962607,0.0006616404389242428,6.421609414700461,4.7162463755029,0.005260207907474268,0.0,0.03125
bjepa,vjepa,brightness,nll,6,2.688426382228036,,,,,,,,
bjepa,vjepa,brightness,uncertainty,6,0.22317630191792015,,,,,,,,
bjepa,vjepa,clean,latent_mse,6,0.021375481840833797,0.024776729062952908,-0.0034012472221191096,1.2589586099833138e-05,-13.727587743633125,-270.1635458980014,1.3185796622731872e-11,0.0,0.03125
bjepa,vjepa,clean,decision_kl,6,3.2508264368081794,3.0100264504789025,0.24079998632927682,0.044598402005459815,7.999929246168749,5.399296286440885,0.0029439431546738927,0.0,0.03125
bjepa,vjepa,clean,action_mse,6,0.006109969832739829,0.006355567351852516,-0.00024559751911268704,7.261943894681717e-05,-3.86428945703959,-3.381980399112562,0.019631820479648406,0.0,0.03125
bjepa,vjepa,clean,nll,6,0.761108935058911,,,,,,,,
bjepa,vjepa,clean,uncertainty,6,0.18272897028084403,,,,,,,,
bjepa,vjepa,desaturation,latent_mse,6,0.0790010293927061,0.08551173365927171,-0.006510704266565591,0.0005727775093296092,-7.613813903607672,-11.366899294258003,9.220159877870198e-05,0.0,0.03125
bjepa,vjepa,desaturation,decision_kl,6,7.255552881315663,6.18775219952753,1.0678006817881331,0.32399489606591103,17.256681382128807,3.295733033926893,0.021576699392006776,0.0,0.03125
bjepa,vjepa,desaturation,action_mse,6,0.029196468737330852,0.026080758149183068,0.003115710588147786,0.0008002580588956405,11.946395769347602,3.893382332753362,0.011485666493546588,0.0,0.03125
bjepa,vjepa,desaturation,nll,6,3.271262742489832,,,,,,,,
bjepa,vjepa,desaturation,uncertainty,6,0.1761807149751471,,,,,,,,
de_bjepa,vjepa,blur,latent_mse,6,0.1736480899719658,0.21970686309576307,-0.046058773123797275,0.010354604924620989,-20.96373889955443,-4.448143937802937,0.00671388679348921,0.0,0.03125
de_bjepa,vjepa,blur,decision_kl,6,13.06245176210839,11.951733348794065,1.1107184133143277,0.9429588278069438,9.29336675191469,1.1779076461880584,0.2918382591533702,6.0,0.4375
de_bjepa,vjepa,blur,action_mse,6,0.07098981664005834,0.08741568419745704,-0.016425867557398697,0.0033286207592681228,-18.79052678955813,-4.934736861104694,0.004341781687109398,0.0,0.03125
de_bjepa,vjepa,blur,nll,6,5.425646606850717,,,,,,,,
de_bjepa,vjepa,blur,uncertainty,6,0.2306742583805761,,,,,,,,
de_bjepa,vjepa,brightness,latent_mse,6,0.07259883137914765,0.08974745799416423,-0.01714862661501659,0.0004387680552677911,-19.107646052918476,-39.08358051396963,2.0667633848921928e-07,0.0,0.03125
de_bjepa,vjepa,brightness,decision_kl,6,14.900287867140696,12.792172056370463,2.1081158107702342,0.7918691073526515,16.479733085831963,2.662202365512164,0.04476538961024191,1.0,0.0625
de_bjepa,vjepa,brightness,action_mse,6,0.046173675750161784,0.048593103697948316,-0.002419427947786533,0.0013417067914836345,-4.978953315732919,-1.8032464046121242,0.13120807893152125,6.0,0.4375
de_bjepa,vjepa,brightness,nll,6,2.6393220964920054,,,,,,,,
de_bjepa,vjepa,brightness,uncertainty,6,0.22956463416994188,,,,,,,,
de_bjepa,vjepa,clean,latent_mse,6,0.021314848086110543,0.024776729062952908,-0.00346188097684237,3.744885730908188e-05,-13.972308322242197,-92.442900146991,2.807965086266267e-09,0.0,0.03125
de_bjepa,vjepa,clean,decision_kl,6,2.3242644549800096,3.0100264504789025,-0.685761995498893,0.052243423189840044,-22.78259034533689,-13.126283723924423,4.581007639631417e-05,0.0,0.03125
de_bjepa,vjepa,clean,action_mse,6,0.005194361497692485,0.006355567351852516,-0.0011612058541600318,6.672408503185528e-05,-18.27068757003361,-17.40309895003658,1.1479652472657261e-05,0.0,0.03125
de_bjepa,vjepa,clean,nll,6,0.7657166439644572,,,,,,,,
de_bjepa,vjepa,clean,uncertainty,6,0.18463347816198963,,,,,,,,
de_bjepa,vjepa,desaturation,latent_mse,6,0.07895155951111697,0.08551173365927171,-0.006560174148154736,0.0007371407637385178,-7.671665474932681,-8.899486327257023,0.00029816195808659484,0.0,0.03125
de_bjepa,vjepa,desaturation,decision_kl,6,5.873529176522818,6.18775219952753,-0.31422302300471233,0.3496588648692191,-5.078144904198087,-0.898655960352212,0.4100219721647772,6.0,0.4375
de_bjepa,vjepa,desaturation,action_mse,6,0.025871207446723457,0.026080758149183068,-0.00020955070245960947,0.0015092125383429258,-0.8034686003411801,-0.13884770841467461,0.8949895427085657,8.0,0.6875
de_bjepa,vjepa,desaturation,nll,6,3.193396362447983,,,,,,,,
de_bjepa,vjepa,desaturation,uncertainty,6,0.18097264561994755,,,,,,,,
de_bjepa,de_vjepa,blur,latent_mse,6,0.1736480899719658,0.21610718031547635,-0.0424590903435105,0.009602787561140328,-19.647237209577263,-4.421538024576324,0.006882106461125994,0.0,0.03125
de_bjepa,de_vjepa,blur,decision_kl,6,13.06245176210839,10.524313544956813,2.5381382171515794,1.0367148351482423,24.116900416444164,2.4482510822647243,0.05806116445221679,1.0,0.0625
de_bjepa,de_vjepa,blur,action_mse,6,0.07098981664005834,0.08292381545671045,-0.011933998816652093,0.0032061060535933696,-14.391521604408226,-3.7222720075889546,0.013679901173093279,1.0,0.0625
de_bjepa,de_vjepa,blur,nll,6,5.425646606850717,,,,,,,,
de_bjepa,de_vjepa,blur,uncertainty,6,0.2306742583805761,,,,,,,,
de_bjepa,de_vjepa,brightness,latent_mse,6,0.07259883137914765,0.09076468623462242,-0.01816585485547476,0.0006327742376624621,-20.01423197620811,-28.708271883162368,9.608137777880944e-07,0.0,0.03125
de_bjepa,de_vjepa,brightness,decision_kl,6,14.900287867140696,10.659012129122727,4.241275738017971,0.826535456479626,39.790514230018445,5.131389954016472,0.0036717897028127997,0.0,0.03125
de_bjepa,de_vjepa,brightness,action_mse,6,0.046173675750161784,0.04452504447272271,0.0016486312774390808,0.002022701202973954,3.702705515429813,0.8150641701379906,0.4520965796753586,8.0,0.6875
de_bjepa,de_vjepa,brightness,nll,6,2.6393220964920054,,,,,,,,
de_bjepa,de_vjepa,brightness,uncertainty,6,0.22956463416994188,,,,,,,,
de_bjepa,de_vjepa,clean,latent_mse,6,0.021314848086110543,0.023899903994760427,-0.0025850559086498873,3.962827800860015e-05,-10.816176957098273,-65.2326075861504,1.6028293600985884e-08,0.0,0.03125
de_bjepa,de_vjepa,clean,decision_kl,6,2.3242644549800096,2.2865603658135893,0.03770408916642028,0.03358952088293875,1.6489435280229154,1.1224955931292093,0.31264248426164365,6.0,0.4375
de_bjepa,de_vjepa,clean,action_mse,6,0.005194361497692485,0.005485387925399536,-0.0002910264277070504,6.016769901635997e-05,-5.305484893046157,-4.836921345918822,0.004727689376109535,0.0,0.03125
de_bjepa,de_vjepa,clean,nll,6,0.7657166439644572,,,,,,,,
de_bjepa,de_vjepa,clean,uncertainty,6,0.18463347816198963,,,,,,,,
de_bjepa,de_vjepa,desaturation,latent_mse,6,0.07895155951111697,0.08601351088631713,-0.007061951375200173,0.0005792103570691958,-8.210281503953322,-12.192377586156514,6.562338779878606e-05,0.0,0.03125
de_bjepa,de_vjepa,desaturation,decision_kl,6,5.873529176522818,4.856046673415211,1.017482503107607,0.3148417692301046,20.952897933990023,3.2317265450378403,0.023161301760423532,1.0,0.0625
de_bjepa,de_vjepa,desaturation,action_mse,6,0.025871207446723457,0.022963483187214393,0.0029077242595090622,0.001103155963958195,12.662383297007942,2.6358233599861616,0.04620796328492833,1.0,0.0625
de_bjepa,de_vjepa,desaturation,nll,6,3.193396362447983,,,,,,,,
de_bjepa,de_vjepa,desaturation,uncertainty,6,0.18097264561994755,,,,,,,,
