method,planner_score,planner_alpha,planning_horizon,task,visual_condition,success_mean,success_std,success_count,return_mean,return_std,return_count,episode_length_mean,episode_length_std,episode_length_count,final_distance_to_goal_mean,final_distance_to_goal_std,final_distance_to_goal_count,mean_action_norm_mean,mean_action_norm_std,mean_action_norm_count,mean_action_deviation_from_bc_mean,mean_action_deviation_from_bc_std,mean_action_deviation_from_bc_count,mean_selected_planner_score_mean,mean_selected_planner_score_std,mean_selected_planner_score_count,mean_predicted_value_mean,mean_predicted_value_std,mean_predicted_value_count,mean_predicted_progress_selected_mean,mean_predicted_progress_selected_std,mean_predicted_progress_selected_count,mean_predicted_progress_bc_action_mean,mean_predicted_progress_bc_action_std,mean_predicted_progress_bc_action_count,mean_policy_entropy_mean,mean_policy_entropy_std,mean_policy_entropy_count,mean_prediction_latent_mse_mean,mean_prediction_latent_mse_std,mean_prediction_latent_mse_count,mean_decision_kl_mean,mean_decision_kl_std,mean_decision_kl_count,mean_action_mse_mean,mean_action_mse_std,mean_action_mse_count,success_stderr,return_stderr,episode_length_stderr,final_distance_to_goal_stderr,mean_action_norm_stderr,mean_action_deviation_from_bc_stderr,mean_selected_planner_score_stderr,mean_predicted_value_stderr,mean_predicted_progress_selected_stderr,mean_predicted_progress_bc_action_stderr,mean_policy_entropy_stderr,mean_prediction_latent_mse_stderr,mean_decision_kl_stderr,mean_action_mse_stderr
bc_only,bc_only,0.0,0,button-press-v3,background_shift,0.75,0.4366668823046865,60,51.48558942063605,28.17456053599694,60,106.91666666666667,54.26716448500822,60,0.02203589614105812,0.01001929992135568,60,0.773541901043482,0.02821887972270376,60,0.0,0.0,60,,,0,,,0,,,0,,,0,-0.9759128343393171,0.5168358592047253,60,,,0,,,0,,,0,0.05637345210021216,3.6373201247542952,7.005860809877848,0.0012934860578689277,0.003643041707155394,0.0,,,,,0.06672322251409007,,,
bc_only,bc_only,0.0,0,button-press-v3,brightness,0.4,0.49403218175557095,60,63.018457963233296,23.338917952998173,60,158.61666666666667,51.14820329752523,60,0.053288735817012385,0.03576495424331728,60,0.7832790368653265,0.03294584203090279,60,0.0,0.0,60,,,0,,,0,,,0,,,0,-2.426553727116601,0.5359740831956145,60,,,0,,,0,,,0,0.06377928041432807,3.0130413516821073,6.6032046519915495,0.00461723573874127,0.004253289917082228,0.0,,,,,0.06919395660718011,,,
bc_only,bc_only,0.0,0,button-press-v3,clean,0.95,0.21978417765108285,60,61.830306794512495,29.369615081416416,60,76.61666666666666,28.944184549042642,60,0.01968278728388651,0.0012833348624710491,60,0.8538666910039634,0.04164026565289059,60,0.0,0.0,60,,,0,,,0,,,0,,,0,-2.731547003245439,0.5882767350715327,60,,,0,,,0,,,0,0.02837401532675121,3.791601003161599,3.7366781575998727,0.0001656778183319253,0.005375735180176599,0.0,,,,,0.07594619992977729,,,
bc_only,bc_only,0.0,0,drawer-open-v3,background_shift,0.0,0.0,60,637.9405310387859,283.7283017621984,60,200.0,0.0,60,0.15780630418415573,0.04545027881650741,60,0.3563091879238685,0.050343361681268135,60,0.0,0.0,60,,,0,,,0,,,0,,,0,-1.9697537530958653,0.3865502504638217,60,,,0,,,0,,,0,0.0,36.62916625242356,0.0,0.005867605764560564,0.0064993000461216035,0.0,,,,,0.04990342275062291,,,
bc_only,bc_only,0.0,0,drawer-open-v3,brightness,0.0,0.0,60,265.28125597737693,31.113370159658853,60,200.0,0.0,60,0.18999300143362227,0.00011137067147594664,60,0.7314463530605038,0.11326981756322596,60,0.0,0.0,60,,,0,,,0,,,0,,,0,-6.155859801411628,1.0627571929965194,60,,,0,,,0,,,0,0.0,4.016718815758185,0.0,1.4377891862742624e-05,0.014623070568344217,0.0,,,,,0.13720136365125538,,,
bc_only,bc_only,0.0,0,drawer-open-v3,clean,1.0,0.0,60,371.77738256953756,40.588389263886434,60,92.51666666666667,7.153265620648239,60,0.02757162548864831,0.0012330128813572059,60,1.1901286664643433,0.024731536317291757,60,0.0,0.0,60,,,0,,,0,,,0,,,0,-8.349722279390551,0.5505037590880457,60,,,0,,,0,,,0,0.0,5.239938522280536,0.9234826206589564,0.00015918127850518934,0.003192827609433163,0.0,,,,,0.07106972969908604,,,
bc_only,bc_only,0.0,0,reach-v3,background_shift,0.16666666666666666,0.37582301400141443,60,702.4175077852279,309.30718861641344,60,174.25,58.199721881798055,60,0.23297925968446512,0.09182657611913636,60,0.6646801493360996,0.04878884654848038,60,0.0,0.0,60,,,0,,,0,,,0,,,0,-2.9388194371273664,0.2228213549993513,60,,,0,,,0,,,0,0.048518542478298496,39.93138634578685,7.513551786736908,0.011854760001622094,0.006298613005431124,0.0,,,,,0.028766113236395278,,,
bc_only,bc_only,0.0,0,reach-v3,brightness,0.0,0.0,60,766.3734025155437,351.80086824867027,60,200.0,0.0,60,0.23492447947085046,0.059963045265624584,60,0.8923807135572036,0.06340500411762498,60,0.0,0.0,60,,,0,,,0,,,0,,,0,-4.7152387712001795,0.38800860151740646,60,,,0,,,0,,,0,0.0,45.417296796946985,0.0,0.007741195856721517,0.008185550833792474,0.0,,,,,0.0500916950620715,,,
bc_only,bc_only,0.0,0,reach-v3,clean,0.43333333333333335,0.4997174342809082,60,750.1642100942728,474.98695166939643,60,133.9,76.46328464240263,60,0.12326768518201929,0.07725692895461607,60,0.6136449071761821,0.08281736703965857,60,0.0,0.0,60,,,0,,,0,,,0,,,0,-6.226228050367404,0.726587046427817,60,,,0,,,0,,,0,0.06451324335931523,61.320551782713316,9.871367600544756,0.009973826640678586,0.01069167611071149,0.0,,,,,0.09380198434616568,,,
bc_plus_de_vjepa_value_planner,value_score,0.0,1,button-press-v3,background_shift,0.7166666666666667,0.4544196025054849,60,63.53177715556664,31.015013869496414,60,108.58333333333333,58.23514334921787,60,0.029929702393703284,0.026109574165075342,60,0.765523630533197,0.11282720444119769,60,0.1602001781917714,0.003911735066255731,60,-0.5407838542591767,0.06800806446829018,60,0.5407838542591767,0.06800806446829018,60,0.5407838542591767,0.06800806446829018,60,0.5406663842256406,0.06799331144536618,60,-1.0721691612299165,0.5046270846825064,60,0.010704559083044012,0.00199803337643527,60,3.5694577122945,1.0418866924103711,60,0.001190626389427566,0.0002802666296787334,60,0.05866531842313124,4.0040210732983885,7.518124678517414,0.0033707315305968075,0.014565929459996605,0.0005050028255461338,0.008779803369782941,0.008779803369782941,0.008779803369782941,0.008777898762713244,0.06514707650068491,0.00025794499973667915,0.13450699361134988,3.618226630811386e-05
bc_plus_de_vjepa_value_planner,value_score,0.0,1,button-press-v3,brightness,0.55,0.5016920522135438,60,62.403456167789706,25.26452997114896,60,144.23333333333332,51.376762757227404,60,0.04948850786251334,0.036426649961146584,60,0.7130785500634109,0.04453283869145504,60,0.15988749272664887,0.0031132326332804945,60,-0.6473118948860492,0.050141102103318125,60,0.6473118948860492,0.050141102103318125,60,0.6473118948860492,0.050141102103318125,60,0.6470254295708794,0.05017288798515547,60,-2.6746452723621186,0.45628674687527687,60,0.007753572402155461,0.0007734545049784042,60,4.065754648123071,1.5167571623764662,60,0.0022469157130380907,0.000512508478085269,60,0.0647681654382559,3.261636794267269,6.632711551359706,0.004702660288588259,0.005749164753711555,0.00040191660471882725,0.0064731884468878925,0.0064731884468878925,0.0064731884468878925,0.006477291986587911,0.05890636572477021,9.985254722768202e-05,0.19581250767082908,6.616456001381185e-05
bc_plus_de_vjepa_value_planner,value_score,0.0,1,button-press-v3,clean,0.5333333333333333,0.5030977485864635,60,115.1221289294805,65.9157181556369,60,131.83333333333334,65.59872018870094,60,0.04874935436468785,0.03821128745034669,60,0.8328509561726641,0.08003120953934578,60,0.15813967322835729,0.0031504994122733884,60,-0.6983412846807325,0.133824940728398,60,0.6983412846807325,0.133824940728398,60,0.6983412846807325,0.133824940728398,60,0.6977330744415929,0.13407407113298986,60,-3.1517585851640804,1.002467086268205,60,0.004216548563747886,0.0008626478714090764,60,1.1870206708858126,1.0330703965799697,60,0.0010890861279462974,0.0004871947965928731,60,0.06494964005966064,8.509682622336118,8.468758360778633,0.004933055997744573,0.010331984724090745,0.00040672772519903625,0.017276725558276005,0.017276725558276005,0.017276725558276005,0.017308888155209944,0.12941794434126105,0.00011136736132028767,0.1333688147138038,6.289657778543692e-05
bc_plus_de_vjepa_value_planner,value_score,0.0,1,drawer-open-v3,background_shift,0.0,0.0,60,505.9031925690952,225.7951414046324,60,200.0,0.0,60,0.18748475024079264,0.014755891024600678,60,0.43624921244258685,0.12733993777590405,60,0.1595741460227097,0.0022066563651791144,60,-0.5948701217149694,0.04018774215480649,60,0.5948701217149694,0.04018774215480649,60,0.5948701217149694,0.04018774215480649,60,0.5947121197817226,0.0401646118602164,60,-2.0921152318269014,0.38579824119206446,60,0.009526882065692917,0.0024577353947061956,60,98.6182967677402,42.495329306861166,60,0.007953530664719438,0.0018349303165875617,60,0.0,29.150027410489667,0.0,0.0019049773398909973,0.016439515277105504,0.00028487811177137673,0.00518821520290811,0.00518821520290811,0.00518821520290811,0.005185229094716767,0.04980633877109926,0.0003172922751027203,5.486123423235775,0.00023688848525315766
bc_plus_de_vjepa_value_planner,value_score,0.0,1,drawer-open-v3,brightness,0.0,0.0,60,309.1059908712629,115.27525785596913,60,200.0,0.0,60,0.18727165199817836,0.017942703206539325,60,0.8540557484005888,0.08901376730867204,60,0.15424962069342532,0.0050298546699847554,60,-0.4145418615092834,0.0612963045699594,60,0.4145418615092834,0.0612963045699594,60,0.4145418615092834,0.0612963045699594,60,0.4141576987269024,0.0611803009568663,60,-6.0969586486717064,0.956299625165597,60,0.00675445306506784,0.0008397526456019493,60,140.15314676862087,84.88397260441043,60,0.007593709681254646,0.0035766920895672696,60,0.0,14.881971796864471,0.0,0.0023163930234956407,0.011491627945655633,0.0006493514456898187,0.007913318892783678,0.007913318892783678,0.007913318892783678,0.007898342890730029,0.12345775074169174,0.00010841160037833228,10.958473741893608,0.0004617489632468614
bc_plus_de_vjepa_value_planner,value_score,0.0,1,drawer-open-v3,clean,0.16666666666666666,0.37582301400141443,60,312.03717879492916,93.4259993431376,60,186.15,33.31809962635721,60,0.16064506914548238,0.061340739681194335,60,1.0615959819673286,0.03826639414158564,60,0.14806138716536743,0.0050005775978641245,60,-0.4593578033479001,0.09488882700279608,60,0.4593578033479001,0.09488882700279608,60,0.4593578033479001,0.09488882700279608,60,0.4586327454728262,0.09480995991246002,60,-7.0283743558131135,1.8353323472871808,60,0.0076550466259375505,0.002802506769615789,60,36.460903714106195,54.57355288867232,60,0.0050414905594404645,0.004050539020700241,60,0.048518542478298496,12.061244651958567,4.301348166005368,0.007919055440977004,0.004940170240992341,0.0006455717919315214,0.012250094890766195,0.012250094890766195,0.012250094890766195,0.012239913193185015,0.2369403871933006,0.00036180206821184984,7.045415382706585,0.0005229223390111777
bc_plus_de_vjepa_value_planner,value_score,0.0,1,reach-v3,background_shift,0.16666666666666666,0.3758230140014144,60,684.1775662964052,377.220543619615,60,175.41666666666666,55.60096684522935,60,0.21156734755698783,0.11495149503770649,60,0.6916322109040711,0.087579507934685,60,0.16044591133647992,0.0028147216874854167,60,-0.5060931178526192,0.05223813580330004,60,0.5060931178526192,0.05223813580330004,60,0.5060931178526192,0.05223813580330004,60,0.5059399219968378,0.052242785341759176,60,-2.485081850392573,0.47768732881824166,60,0.01312774482481566,0.00234927428399074,60,3.4095098203207503,1.8868635447345594,60,0.001388046704609329,0.0005170673134057441,60,0.04851854247829849,48.69896277620258,7.178053954153467,0.014840174196756059,0.011306465856669176,0.0003633790073279952,0.006743914333436749,0.006743914333436749,0.006743914333436749,0.006744514586270741,0.06166916897357854,0.000303290005918983,0.24359303617742806,6.675310312295526e-05
bc_plus_de_vjepa_value_planner,value_score,0.0,1,reach-v3,brightness,0.03333333333333333,0.18102033471939252,60,629.1287289759204,335.73766064939286,60,194.96666666666667,27.334690609817834,60,0.2513175126320891,0.09126501744722988,60,0.8140838852936609,0.08746360101420729,60,0.15947141365613787,0.0027642859528243134,60,-0.568147375797439,0.05296608278364587,60,0.568147375797439,0.05296608278364587,60,0.568147375797439,0.05296608278364587,60,0.5677686072759744,0.05294950011888588,60,-4.591959679934714,0.435921466275007,60,0.006311377016905074,0.0006643936116465533,60,4.7366042081367015,1.9242340099307707,60,0.003039263885758576,0.0006119605123336817,60,0.023369624723103315,43.34354561299119,3.5288933835185574,0.011782263088815022,0.011291502337578498,0.0003568677819814556,0.006837891884496794,0.006837891884496794,0.006837891884496794,0.0068357510716817544,0.05627721930458067,8.577284644112329e-05,0.2484175424889264,7.900376242683026e-05
bc_plus_de_vjepa_value_planner,value_score,0.0,1,reach-v3,clean,0.4166666666666667,0.4971671160112441,60,791.1262293468084,419.27578117904403,60,141.73333333333332,71.65758187064382,60,0.13584511134430619,0.08455255984208859,60,0.5453119386084311,0.12370349378600352,60,0.15910836567223097,0.004929497248611119,60,-0.6211994323410891,0.12718512597065593,60,0.6211994323410891,0.12718512597065593,60,0.6211994323410891,0.12718512597065593,60,0.6203834260097775,0.12731928317108693,60,-6.672698147904488,0.8931972809497003,60,0.004271961094393818,0.0014332227670490671,60,3.5592465159530517,3.5780088944673487,60,0.002372966435025528,0.0023118652693532257,60,0.06418399868645064,54.12827059915142,9.250954040483268,0.010915688538253837,0.015970052376695475,0.0006363953583015382,0.016419529158988092,0.016419529158988092,0.016419529158988092,0.01643684877908953,0.11531127313319788,0.00018502826360621162,0.4619189620284684,0.0002984605228960122
bc_plus_de_vjepa_value_planner,value_score,0.01,1,button-press-v3,background_shift,0.7,0.4621247905424446,60,56.29063983561867,30.339588328741943,60,112.65,57.746912750409344,60,0.025133065170937694,0.019246373834585058,60,0.749267082617436,0.042390760915215715,60,0.03692862272318791,0.02431734452961512,60,-0.5455192847719789,0.06737534746148655,60,0.5455459316227348,0.06738170575353825,60,0.5455459316227348,0.06738170575353825,60,0.5455081526254273,0.06737282790157614,60,-1.003475573563731,0.5285180130449698,60,0.010417657775087406,0.0020220807974661447,60,3.6877056122837937,1.0730442925834192,60,0.0011810039967876675,0.0002718771659967412,60,0.059660053921349286,3.9168240109335484,7.455094379240937,0.002484696177874337,0.005472623701923024,0.003139355679572913,0.008698119955442517,0.008698940807416736,0.008698940807416736,0.008697794681656759,0.06823138208979342,0.00026104950844240636,0.13852942249728337,3.50991912039816e-05
bc_plus_de_vjepa_value_planner,value_score,0.01,1,button-press-v3,brightness,0.55,0.501692052213544,60,58.09320257818682,22.444604373421846,60,142.4,52.73991187975902,60,0.04745366395714414,0.035200529179635676,60,0.7271333370538191,0.04217384073354032,60,0.08761567307513067,0.022364420782109488,60,-0.6365108816374991,0.06007959237532101,60,0.636606528568947,0.060070827833294024,60,0.636606528568947,0.060070827833294024,60,0.6364019994042007,0.060092308985226744,60,-2.5461066613491297,0.39221248363982497,60,0.007686730858460199,0.0007665966099622455,60,3.9706680097768206,1.4181749812975297,60,0.002293615562281645,0.0004792203545149774,60,0.06476816543825592,2.8975859650158986,6.808693346358446,0.00454436877634724,0.005444619426886855,0.002887234307889503,0.007756242023884946,0.00775511052637469,0.00775511052637469,0.0077578837311644494,0.0506344139103897,9.896719678809464e-05,0.18308560281911157,6.186708174000406e-05
bc_plus_de_vjepa_value_planner,value_score,0.01,1,button-press-v3,clean,0.6666666666666666,0.47538268854152826,60,98.29923913645433,60.66722278190582,60,112.78333333333333,62.33047290938314,60,0.030824415846247028,0.028233944175698654,60,0.8461812943760539,0.0631452219711827,60,0.09654903057166209,0.031471001468586175,60,-0.667363490543534,0.12705315857159782,60,0.6674977970701451,0.1270065733279082,60,0.6674977970701451,0.1270065733279082,60,0.6668878788216245,0.12726170679276794,60,-3.1329331821179336,1.0638532201635986,60,0.003966079658098061,0.0006367896112340473,60,0.9744729504893518,0.6474418966949885,60,0.0009507483387003894,0.0002927905160676445,60,0.06137164119322155,7.832104783165881,8.046829451309115,0.0036449865196743593,0.00815201310289871,0.0040628888192101136,0.016402492241028282,0.016396478111928653,0.016396478111928653,0.016429415700610718,0.13734286015009167,8.220918531157869e-05,0.08358438945122111,3.779909308858207e-05
bc_plus_de_vjepa_value_planner,value_score,0.01,1,drawer-open-v3,background_shift,0.0,0.0,60,640.0245760688874,283.78393958109274,60,200.0,0.0,60,0.16011895521872946,0.04172023103230903,60,0.37631217654887583,0.08117897647228409,60,0.05180775756315173,0.02885439333771841,60,-0.6044951642391582,0.03449681503408718,60,0.6045375842613478,0.034500640091308876,60,0.6045375842613478,0.034500640091308876,60,0.6044721700648467,0.034493437434249145,60,-2.001918795123696,0.37581185229492214,60,0.009295536718719329,0.0018791510980821452,60,112.85742255452648,46.46327465750104,60,0.008267040549630716,0.0019153050031268692,60,0.0,36.6363490639568,0.0,0.0053860586662686245,0.010480160797977332,0.003725086162063388,0.004453519670807243,0.004454013483571173,0.004454013483571173,0.004453083624543147,0.0485171015081865,0.00024259736359598426,5.998382965292088,0.0002472648126672703
bc_plus_de_vjepa_value_planner,value_score,0.01,1,drawer-open-v3,brightness,0.16666666666666666,0.37582301400141443,60,335.97623958318457,153.5389566172782,60,195.2,11.417797585126268,60,0.16295534535727604,0.06100053633521691,60,0.8424594416148818,0.12305383508202118,60,0.0965325932615102,0.027086154288965672,60,-0.42513138229903374,0.06324664414860438,60,0.4252470796438692,0.06326783954006704,60,0.4252470796438692,0.06326783954006704,60,0.4249403337294086,0.06318094086165546,60,-6.030023993521251,0.8415010349895418,60,0.006624342821656735,0.0005634038705280386,60,149.763186542718,90.3823175452223,60,0.007567599806029131,0.0038902755872325923,60,0.048518542478298496,19.82179406575938,1.4740313299187098,0.007875135377867184,0.015886181798654066,0.0034968074824656215,0.008165106649701718,0.008167842962973425,0.008167842962973425,0.008156624391830243,0.10863731647769333,7.273512692479644e-05,11.66830702147588,0.0005022324187169703
bc_plus_de_vjepa_value_planner,value_score,0.01,1,drawer-open-v3,clean,0.18333333333333332,0.39020492949942315,60,329.5464443013021,97.5809833186969,60,184.5,35.946051856466745,60,0.15952531565792236,0.06316437338734927,60,1.0661362442080302,0.04063079781853005,60,0.1231942440071624,0.011906035993332863,60,-0.4767034887981346,0.0877670102118908,60,0.47687199750168763,0.08777007078608506,60,0.47687199750168763,0.08777007078608506,60,0.4761607623280927,0.08770680393850933,60,-7.179654359926032,1.8165377658151876,60,0.007430342362003054,0.0028479248307638864,60,31.088984569812265,48.56903245688105,60,0.004569557290665273,0.0037594071481129396,60,0.050375239785310166,12.597650776661894,4.640615340066796,0.008154485540094356,0.005245413443142917,0.0015370626373841418,0.01133067229656898,0.011331067414998452,0.011331067414998452,0.011322899700097522,0.23451401715863499,0.0003676655146933036,6.27023512823026,0.00048533737587515117
bc_plus_de_vjepa_value_planner,value_score,0.01,1,reach-v3,background_shift,0.16666666666666666,0.37582301400141443,60,698.5514316323922,303.4691934978247,60,174.18333333333334,58.314021823596924,60,0.23207175685885523,0.09588104402577112,60,0.6383868006026153,0.05678712024069743,60,0.049060724846978064,0.029913055822500482,60,-0.49481534981509706,0.060287090006085814,60,0.4948584947135567,0.06029549176093139,60,0.4948584947135567,0.06029549176093139,60,0.4947878928892067,0.06028208625691182,60,-2.9050152575967516,0.2487118406997012,60,0.012683554573839554,0.0019070948806839529,60,3.6494407477459045,1.423532423695639,60,0.001521531461184951,0.00045266935608091004,60,0.048518542478298496,39.17770441680237,7.528307845772225,0.012378189557626389,0.007331185699043309,0.003861758901157239,0.007783029852829265,0.0077841145147157925,0.0077841145147157925,0.007782383871588615,0.03210856056781782,0.00024620489041754566,0.18377724565864967,5.843936258132665e-05
bc_plus_de_vjepa_value_planner,value_score,0.01,1,reach-v3,brightness,0.016666666666666666,0.12909944487358055,60,660.5384690579472,300.98489520611406,60,197.45,19.752215065657825,60,0.24394121308061598,0.07082598566506022,60,0.8260016910401272,0.07771748827568989,60,0.09686250472558226,0.026311960522134647,60,-0.5739535673299263,0.039446166094190674,60,0.5740700848734812,0.039450463857247764,60,0.5740700848734812,0.039450463857247764,60,0.5737842586489909,0.039436862653211495,60,-4.660829546046384,0.4485074042653497,60,0.0063622289251301645,0.0006274687546339952,60,4.855254521278477,2.122310916332249,60,0.0029860149895835704,0.0006874860715005253,60,0.016666666666666663,38.85698288644215,2.55,0.00914359543198345,0.01003328459336057,0.0033968594969431497,0.005092478145151072,0.00509303298397594,0.00509303298397594,0.005091277076085246,0.05790205691234722,8.100586789876571e-05,0.2739891611476334,8.875407018903653e-05
bc_plus_de_vjepa_value_planner,value_score,0.01,1,reach-v3,clean,0.38333333333333336,0.49030141772790004,60,832.0013373062974,425.3688090781191,60,144.93333333333334,71.08359048443032,60,0.13749099036226173,0.07875279040332098,60,0.5255733869942373,0.11729056032358545,60,0.1303971535257746,0.011103807866514895,60,-0.6395875003436745,0.11504568548706452,60,0.6397747262165391,0.1150307913203445,60,0.6397747262165391,0.1150307913203445,60,0.6390053493116866,0.1151759580077543,60,-6.631740824109617,0.8422498684481386,60,0.004438011350475525,0.001582734453113644,60,3.6234326753923884,3.25320075769955,60,0.0024982638421650414,0.0022034183374823315,60,0.06329764084940143,54.914877118521254,9.176852071160887,0.01016694152331418,0.015142146226686096,0.0014334954315499697,0.014852334131480573,0.014850411302825163,0.014850411302825163,0.014869152241583906,0.10873399046150095,0.00020433013927926156,0.4199864118813235,0.0002844600841932368
bc_plus_de_vjepa_value_planner,value_score,0.1,1,button-press-v3,background_shift,0.75,0.4366668823046865,60,51.48574134674172,28.174830941117218,60,106.91666666666667,54.26716448500822,60,0.02203589703726211,0.010019300189423505,60,0.7735335343444619,0.028229938268710692,60,7.734056562185287e-07,5.990774452793962e-06,60,-0.5351834940577986,0.06261321620836979,60,0.5351834947780213,0.06261321745632902,60,0.5351834947780213,0.06261321745632902,60,0.5351834940379304,0.06261321617394336,60,-0.9759617782860759,0.5169156294008935,60,0.010427047802008383,0.0019381025227369435,60,3.715337343380027,1.1098035481483335,60,0.0011760779166251685,0.00025592345706969977,60,0.05637345210021216,3.637355033905214,7.005860809877848,0.001293486092476335,0.003644469359305998,7.734056562185287e-07,0.008083331454250017,0.00808333161536086,0.00808333161536086,0.008083331449805583,0.06673352080213285,0.00025020795979342547,0.1432750219846799,3.303957623782587e-05
bc_plus_de_vjepa_value_planner,value_score,0.1,1,button-press-v3,brightness,0.4,0.49403218175557095,60,63.03045690582941,23.374898146821664,60,158.56666666666666,51.209230718049874,60,0.05330671496159652,0.03579149324177543,60,0.782776865328352,0.03276245079812238,60,0.0007518432883946065,0.001083954081017067,60,-0.6374545235955053,0.06560879818778785,60,0.6374573736303956,0.06560792007515623,60,0.6374573736303956,0.06560792007515623,60,0.6374539084033588,0.06560891786736182,60,-2.427997697401983,0.5367508153671909,60,0.007620294697278097,0.0008599708887347254,60,3.9643348246326426,1.577071836620967,60,0.0023674970326920466,0.0005890708524914519,60,0.06377928041432807,3.0176863747311637,6.611083258103347,0.004620661908709718,0.004229614210735595,0.00013993787012775552,0.00847005942486619,0.00846994606101291,0.00846994606101291,0.008470074875432752,0.06929423229934609,0.00011102176434309276,0.203599098633525,7.60487200478533e-05
bc_plus_de_vjepa_value_planner,value_score,0.1,1,button-press-v3,clean,0.9,0.3025316904537665,60,67.00243238250322,38.926587484439764,60,82.05,39.92086451630042,60,0.01999240951244074,0.0016875677326221258,60,0.858101914166851,0.044112580377312846,60,0.019240357344491702,0.008294347064876648,60,-0.598939125132157,0.08438628232848915,60,0.5990746598992103,0.08435103483552213,60,0.5990746598992103,0.08435103483552213,60,0.5988792512444832,0.08440303143188478,60,-2.7951598069757684,0.7316096920671901,60,0.0036773943580387753,0.0005543210164145228,60,0.9224234073280397,1.028609175560646,60,0.0009289667983957792,0.00037900431564227204,60,0.03905667329424716,5.025400835064042,5.153761447927804,0.00021786405746808347,0.005694909638652291,0.0010707956016643876,0.01089422220355319,0.010889671771777963,0.010889671771777963,0.010896384503503696,0.09445040511000545,7.156253550087383e-05,0.13279287355675076,4.892924675410863e-05
bc_plus_de_vjepa_value_planner,value_score,0.1,1,drawer-open-v3,background_shift,0.0,0.0,60,637.9376208540474,283.7265166621283,60,200.0,0.0,60,0.15780341363162134,0.0454597628351358,60,0.3562677527635048,0.050415678344489984,60,7.471136942816278e-06,1.911708651320827e-05,60,-0.5960669732615352,0.03510252492734354,60,0.5960669815664491,0.03510252924373058,60,0.5960669815664491,0.03510252924373058,60,0.5960669715479017,0.0351025245791314,60,-1.96994856535395,0.38624430385659525,60,0.009412018646330882,0.0017097121644129602,60,126.48106861610339,58.408908328279495,60,0.008338312705457308,0.002092818579608752,60,0.0,36.628935796995464,0.0,0.0058688301461006604,0.006508636087198654,2.4680052564554013e-06,0.004531716481781074,0.004531717039024245,0.004531717039024245,0.0045317164368270805,0.04986392521346902,0.00022072289131932105,7.540557640852739,0.0002701817168486052
bc_plus_de_vjepa_value_planner,value_score,0.1,1,drawer-open-v3,brightness,0.0,0.0,60,265.16611071967276,31.036422947937137,60,200.0,0.0,60,0.19000292915988112,4.992737693773427e-05,60,0.7329392774949471,0.11320357674055322,60,0.0021611690633775043,0.0030852549564401328,60,-0.4217586165467898,0.04089626668000673,60,0.42176812257617713,0.04090503935097836,60,0.42176812257617713,0.04090503935097836,60,0.42175594718009235,0.04089367040675228,60,-6.153056380112966,1.0597256770072463,60,0.006661745541360385,0.0006705752351467894,60,157.94938233382007,98.33067471822004,60,0.007507208561986773,0.0039847463014460235,60,0.0,4.006784973440341,0.0,6.445596646655503e-06,0.014614518914909197,0.0003983047021698841,0.005279685325790778,0.0052808178727432745,0.0052808178727432745,0.005279350148354889,0.13680999661991483,8.657089060342126e-05,12.694435520166829,0.000514428535478735
bc_plus_de_vjepa_value_planner,value_score,0.1,1,drawer-open-v3,clean,1.0,0.0,60,364.50169517826754,39.374256720288265,60,91.91666666666667,7.0789534481379315,60,0.027778200466819714,0.0012548583415550403,60,1.185173225845631,0.023155111295850586,60,0.010388228331574826,0.003507842727904064,60,-0.5350857753378375,0.011201060231097968,60,0.5351337846288744,0.01119711597768649,60,0.5351337846288744,0.01119711597768649,60,0.5350691944995882,0.01120155638913936,60,-8.457713522841992,0.5646987502324576,60,0.0031401664662986553,0.0002775973927056881,60,1.1300749077837544,0.27003605791234153,60,0.0010015464836783455,0.00028466553910027405,60,0.0,5.0831946848990635,0.9138889604405259,0.00016200151528973766,0.0029893120142802853,0.00045286054887624114,0.0014460506578302876,0.001445541456904425,0.001445541456904425,0.0014461147115580008,0.07290229517581501,3.5837669296657677e-05,0.03486150517233334,3.675016307248392e-05
bc_plus_de_vjepa_value_planner,value_score,0.1,1,reach-v3,background_shift,0.16666666666666666,0.37582301400141443,60,702.4276184761252,309.31852684890214,60,174.25,58.199721881798055,60,0.23297552184717302,0.09183027100979194,60,0.6646432916615804,0.048786576271954644,60,1.7981431602189937e-05,4.595547814248932e-05,60,-0.4943695976042995,0.05932653859248065,60,0.49436962746622654,0.05932654521898678,60,0.49436962746622654,0.05932654521898678,60,0.4943695938243716,0.05932653720620714,60,-2.9388496923258454,0.2228084014291192,60,0.012682647708768603,0.001905987301265642,60,3.4022325118611545,1.2428274703796172,60,0.0014733701484212361,0.0004337541093008552,60,0.048518542478298496,39.93285010530699,7.513551786736908,0.011855237009954597,0.006298319913991942,5.9328267170953365e-06,0.007659023198560305,0.007659024054038568,0.007659024054038568,0.007659023019593165,0.02876444093766918,0.0002460619025294883,0.16044833649964496,5.5997414722374795e-05
bc_plus_de_vjepa_value_planner,value_score,0.1,1,reach-v3,brightness,0.0,0.0,60,765.7175401923239,351.5689866320009,60,200.0,0.0,60,0.23477275315812882,0.05945287959773256,60,0.891687963783741,0.0639359640470065,60,0.0010348199671910455,0.0023640440839418388,60,-0.5810857494783899,0.020041823967692607,60,0.5810898616872728,0.020042352507110207,60,0.5810898616872728,0.020042352507110207,60,0.581084812503308,0.020041756889103132,60,-4.712669429798921,0.38955219315706086,60,0.00661608785619804,0.0006843980409821438,60,4.887093065570885,1.9870606279891825,60,0.002896062475813854,0.0007339565297771335,60,0.0,45.38736100895858,0.0,0.007675333752203097,0.008254097465925743,0.00030519677889356367,0.0025873883484831372,0.002587456582628543,0.002587456582628543,0.0025873796886744732,0.05029097188586238,8.83554071633608e-05,0.2565284240035518,9.475338055556753e-05
bc_plus_de_vjepa_value_planner,value_score,0.1,1,reach-v3,clean,0.4666666666666667,0.5030977485864634,60,728.3272496652044,457.40574847018485,60,129.73333333333332,76.03742759641615,60,0.1186359183780994,0.07585793248787619,60,0.6010520528649275,0.08218539385791176,60,0.01800612347303404,0.013666452184682628,60,-0.6392571022916922,0.1350317587132038,60,0.6393922469809666,0.1349706404448622,60,0.6393922469809666,0.1349706404448622,60,0.6391872261396364,0.1350661197250516,60,-6.317241181505269,0.7155837994330622,60,0.004930736917506807,0.0018521070399152185,60,3.4063886358850715,3.3998482448170417,60,0.0021178382636170994,0.0022398898592183533,60,0.06494964005966063,59.05082820948548,9.8163896923124,0.009793216973442367,0.010610088723772986,0.0017643313904338596,0.017432525090177887,0.01742463475566335,0.01742463475566335,0.017436961077732727,0.09238147126733594,0.00023910599069950522,0.4389185210602973,0.00028916853740305193
bc_plus_de_vjepa_value_planner,value_score,0.3,1,button-press-v3,background_shift,0.75,0.4366668823046865,60,51.48558942063605,28.17456053599694,60,106.91666666666667,54.26716448500822,60,0.02203589614105812,0.01001929992135568,60,0.773541901043482,0.02821887972270376,60,0.0,0.0,60,-0.5351798036809208,0.06260682794328819,60,0.5351798036809208,0.06260682794328819,60,0.5351798036809208,0.06260682794328819,60,0.5351798036809208,0.06260682794328819,60,-0.9759128343393171,0.5168358592047253,60,0.010427027888042237,0.0019381237956776947,60,3.7155184445134535,1.1098460776690073,60,0.0011760997562947635,0.0002559044373386802,60,0.05637345210021216,3.6373201247542952,7.005860809877848,0.0012934860578689277,0.003643041707155394,0.0,0.008082506732774277,0.008082506732774277,0.008082506732774277,0.008082506732774277,0.06672322251409007,0.00025021070611826727,0.14328051252218962,3.303712080110959e-05
bc_plus_de_vjepa_value_planner,value_score,0.3,1,button-press-v3,brightness,0.4,0.49403218175557095,60,63.015482117041316,23.34089652095105,60,158.61666666666667,51.14820329752523,60,0.05329526849368715,0.035758555000536756,60,0.7833055648600222,0.03290179042011106,60,6.266559901026388e-06,2.1480724496298845e-05,60,-0.6372634145086432,0.06552658237121417,60,0.6372634366731221,0.06552657814323101,60,0.6372634366731221,0.06552657814323101,60,0.6372634109167633,0.06552658262400439,60,-2.426469748292381,0.5359775293348955,60,0.0076249231866039845,0.0008600134305441059,60,3.9590873440414245,1.5827591291563523,60,0.002367241151192081,0.0005912760447424832,60,0.06377928041432807,3.013296783706468,6.6032046519915495,0.004616409600050693,0.004247602878583228,2.7731496079545043e-06,0.008459445408586699,0.00845944486275642,0.00845944486275642,0.008459445441221776,0.06919440150184825,0.0001110272564670677,0.20433332494267686,7.633340914330096e-05
bc_plus_de_vjepa_value_planner,value_score,0.3,1,button-press-v3,clean,0.95,0.21978417765108285,60,61.453717228095464,29.49678061893002,60,76.35,29.03114925590519,60,0.019677389080159303,0.0012769417881622845,60,0.8542104256526477,0.041564337216750555,60,0.0005103516759097231,0.0005438833034033567,60,-0.586572742125316,0.06339509790717392,60,0.586577746250183,0.06339420901093806,60,0.586577746250183,0.06339420901093806,60,0.5865716596023881,0.06339524500217233,60,-2.71754382683195,0.5834695266281327,60,0.003707830194677262,0.0005932405822140918,60,0.7917111311121608,0.6227284405405126,60,0.0009186174743577559,0.0003610719766077025,60,0.02837401532675121,3.8080180034616555,3.7479052529794217,0.00016485247598762825,0.005365932861220801,7.021503254538253e-05,0.00818427194752244,0.008184157191511842,0.008184157191511842,0.008184290937405081,0.07532559198834275,7.658702984031898e-05,0.0803938959807707,4.661419173946086e-05
bc_plus_de_vjepa_value_planner,value_score,0.3,1,drawer-open-v3,background_shift,0.0,0.0,60,637.9405310387859,283.7283017621984,60,200.0,0.0,60,0.15780630418415573,0.04545027881650741,60,0.3563091879238685,0.050343361681268135,60,0.0,0.0,60,-0.5960710273807248,0.0351207217460413,60,0.5960710273807248,0.0351207217460413,60,0.5960710273807248,0.0351207217460413,60,0.5960710273807248,0.0351207217460413,60,-1.9697537530958653,0.3865502504638217,60,0.009412186019471847,0.0017089122076293269,60,126.41855397505687,58.28510734148665,60,0.008338720275722154,0.002095248469576986,60,0.0,36.62916625242356,0.0,0.005867605764560564,0.0064993000461216035,0.0,0.00453406568097342,0.00453406568097342,0.00453406568097342,0.00453406568097342,0.04990342275062291,0.00022061961734263114,7.524575002182981,0.0002704954142946081
bc_plus_de_vjepa_value_planner,value_score,0.3,1,drawer-open-v3,brightness,0.0,0.0,60,265.2644859685654,31.098917796836,60,200.0,0.0,60,0.18999307515239813,0.00011139588909411066,60,0.7315660044265291,0.11326464540169917,60,2.4433966143988073e-05,5.4978283166597735e-05,60,-0.4219748675636947,0.04068658004026602,60,0.4219749992179374,0.04068671086275634,60,0.4219749992179374,0.04068671086275634,60,0.42197484189396106,0.040686555090990534,60,-6.155506336609522,1.0634043638337498,60,0.006664357108956514,0.0006717737487673179,60,155.82148092323789,97.35624999473868,60,0.007440142906745071,0.003982718848798977,60,0.0,4.014853023740643,0.0,1.4381147443248632e-05,0.014622402845162311,7.097665836910286e-06,0.005252614897002846,0.005252631786113723,0.005252631786113723,0.005252611676065231,0.13728491304708018,8.67256180465049e-05,12.568637829294293,0.0005141667924674938
bc_plus_de_vjepa_value_planner,value_score,0.3,1,drawer-open-v3,clean,1.0,0.0,60,371.1236087843521,39.91098303019276,60,92.4,7.147833617518586,60,0.027601526993404568,0.0011270168210692206,60,1.190180616942597,0.024667938953097608,60,0.0002562404114414192,0.0002470171793692006,60,-0.5384651907852679,0.011824303826763685,60,0.5384665315022745,0.011824534499728255,60,0.5384665315022745,0.011824534499728255,60,0.5384648542517634,0.01182431172730635,60,-8.355159754357253,0.5492277350023309,60,0.0029611928318467847,0.00025911581363512735,60,1.077182688356047,0.22641174414364676,60,0.000977295209535397,0.00031021959503329264,60,0.0,5.152485753556779,0.9227813520703666,0.00014549724596322385,0.0031846172250202752,3.188978073080147e-05,0.001526511060051746,0.0015265408398034194,0.0015265408398034194,0.001526512080007418,0.07090499569797493,3.34517076982611e-05,0.02922963048180395,4.004917750770505e-05
bc_plus_de_vjepa_value_planner,value_score,0.3,1,reach-v3,background_shift,0.16666666666666666,0.37582301400141443,60,702.4175077852279,309.30718861641344,60,174.25,58.199721881798055,60,0.23297925968446512,0.09182657611913636,60,0.6646801493360996,0.04878884654848038,60,0.0,0.0,60,-0.494372402449871,0.059327363406100855,60,0.494372402449871,0.059327363406100855,60,0.494372402449871,0.059327363406100855,60,0.494372402449871,0.059327363406100855,60,-2.9388194371273664,0.2228213549993513,60,0.012681846548535509,0.0019066003144361946,60,3.4026153597247144,1.2427461599982206,60,0.0014730927936251342,0.00043364145740080746,60,0.048518542478298496,39.93138634578685,7.513551786736908,0.011854760001622094,0.006298613005431124,0.0,0.0076591296815407975,0.0076591296815407975,0.0076591296815407975,0.0076591296815407975,0.028766113236395278,0.00024614104218950684,0.1604378393745442,5.598287142461467e-05
bc_plus_de_vjepa_value_planner,value_score,0.3,1,reach-v3,brightness,0.0,0.0,60,766.3652905292145,351.7998009086952,60,200.0,0.0,60,0.2349184779244788,0.05995214277699723,60,0.8923510348175963,0.06342895055142173,60,4.356858825000624e-06,1.591731192964657e-05,60,-0.5812539977443715,0.020310520746499104,60,0.5812540138326585,0.020310511352528104,60,0.5812540138326585,0.020310511352528104,60,0.5812539947194358,0.02031052252776953,60,-4.715269640425841,0.38817630400729497,60,0.006612092032000267,0.0006855332109114723,60,4.885310187779211,1.9988045450464065,60,0.002886890518288662,0.000731858408863453,60,0.0,45.41715900394871,0.0,0.007739788351491985,0.008188642305102337,2.0549161339969933e-06,0.0026220769534663754,0.002622075740709934,0.002622075740709934,0.0026220771834273987,0.050113345360420024,8.85019569710743e-05,0.25804455717628083,9.448251431033374e-05
bc_plus_de_vjepa_value_planner,value_score,0.3,1,reach-v3,clean,0.45,0.5016920522135438,60,732.0179747017171,458.41348696024266,60,131.85,76.2775540656443,60,0.12256375738368322,0.07775398242624106,60,0.6087636144105912,0.08180753294989923,60,0.0010134547587686683,0.0015549268240259277,60,-0.6405500903104233,0.13489744233311965,60,0.6405633646868694,0.13488989379597158,60,0.6405633646868694,0.13488989379597158,60,0.6405467628803578,0.13489908502902018,60,-6.269418470640357,0.7100171816224314,60,0.0050352748008053155,0.001929673777732134,60,3.423743471677578,3.333544649340105,60,0.002109344121908231,0.002226005419892191,60,0.0647681654382559,59.18092668912969,9.847389886189207,0.01003799596793786,0.010561307090309141,0.00020074018980078694,0.017415184920071592,0.01741421040811617,0.01741421040811617,0.017415396991200448,0.09166282399816013,0.0002491198134923236,0.4303587636911023,0.00028737606399366344
bc_plus_vjepa_value_planner,value_score,0.0,1,button-press-v3,background_shift,0.5166666666666667,0.5039392842990978,60,76.72885035853031,24.34421606954826,60,134.55,63.941293254444304,60,0.04502762838832738,0.03757258940102837,60,0.7140855925814552,0.05024284282080931,60,0.1605547494362338,0.0033879117835481187,60,-0.560120135247327,0.06668266771170131,60,0.560120135247327,0.06668266771170131,60,0.560120135247327,0.06668266771170131,60,0.5599448150151818,0.06671609648504216,60,-1.1392697867635693,0.5049676677754257,60,0.011940493911490222,0.0011425663502930327,60,3.337180247127669,1.9857823818492424,60,0.001252621459578007,0.0004224964792165804,60,0.06505828185300302,3.1428247804611797,8.25478546364758,0.004850600434135739,0.0064863231170370446,0.00043737753053672433,0.008608695384270074,0.008608695384270074,0.008608695384270074,0.008613011020351183,0.06519104558891411,0.0001475046815540635,0.25636340313647377,5.45440609279028e-05
bc_plus_vjepa_value_planner,value_score,0.0,1,button-press-v3,brightness,0.3,0.4621247905424446,60,67.46880916936331,20.016956010092716,60,173.36666666666667,42.493854657065626,60,0.07053159585297171,0.034818439424876106,60,0.713606466820836,0.04671506787462852,60,0.16022026038973788,0.002540014784098252,60,-0.659064410117323,0.053282750901575526,60,0.659064410117323,0.053282750901575526,60,0.659064410117323,0.053282750901575526,60,0.6587107373418732,0.053273477107640625,60,-2.7321264763431854,0.5846872475530479,60,0.00868450568762676,0.0013259010033200827,60,3.665796433599526,2.3514547855088916,60,0.002818991334458476,0.0007909742330801243,60,0.059660053921349286,2.5841779089618515,5.485933046765788,0.0044950412011158965,0.006030889329846179,0.0003279144985977719,0.006878773562730674,0.006878773562730674,0.006878773562730674,0.006877576321081807,0.07548279908376025,0.00017117308348594618,0.3035715074545223,0.00010211433439995016
bc_plus_vjepa_value_planner,value_score,0.0,1,button-press-v3,clean,0.6166666666666667,0.4903014177279,60,105.65064516865691,67.62687555863141,60,118.53333333333333,64.90918471131035,60,0.04149099454278825,0.03369646095603146,60,0.8670834105511755,0.06959412420641631,60,0.15788207244674496,0.0029815082279652043,60,-0.6731027281423858,0.134922784757325,60,0.6731027281423858,0.134922784757325,60,0.6731027281423858,0.134922784757325,60,0.6724465366210298,0.13514215283835765,60,-3.091847540382423,1.031173886018165,60,0.00454093239646615,0.0010895887916547462,60,1.5875406607135545,1.7850838219641112,60,0.001144362748337098,0.0005445392311141192,60,0.06329764084940141,8.730592093154028,8.379739713426869,0.0043501944036279435,0.00898456280151136,0.0003849110571163208,0.017418456612968255,0.017418456612968255,0.017418456612968255,0.01744677691045255,0.13312397625307792,0.00014066530814310315,0.23045333046837627,7.029971244871917e-05
bc_plus_vjepa_value_planner,value_score,0.0,1,drawer-open-v3,background_shift,0.016666666666666666,0.12909944487358055,60,509.4427094526913,284.4790484713398,60,199.51666666666668,3.743883901333835,60,0.17650094916035047,0.03972413899597306,60,0.4474085369579263,0.14338533098786665,60,0.1599618882688278,0.002527906669172531,60,-0.5693811597863601,0.03456817740557763,60,0.5693811597863601,0.03456817740557763,60,0.5693811597863601,0.03456817740557763,60,0.5691939473603044,0.03455450267133598,60,-2.258112064163442,0.524741649365518,60,0.010671896582783643,0.0006862175815105105,60,123.11110810998099,45.84529813934191,60,0.00988674571479237,0.0022093131355167823,60,0.016666666666666663,36.72608723581438,0.4833333333333331,0.005128364292461076,0.018510966633548193,0.00032635134768239585,0.004462732513351522,0.004462732513351522,0.004462732513351522,0.004460967112752132,0.06774385563513544,8.859030883549792e-05,5.918602539852836,0.00028522109934712623
bc_plus_vjepa_value_planner,value_score,0.0,1,drawer-open-v3,brightness,0.016666666666666666,0.12909944487358055,60,280.75068583702273,97.79400419309124,60,199.41666666666666,4.51848057057532,60,0.18694260658463685,0.021261450214234187,60,0.8626872193816335,0.09586866261624863,60,0.15521154402416537,0.005929001377373392,60,-0.3811207511937152,0.059243549062217724,60,0.3811207511937152,0.059243549062217724,60,0.3811207511937152,0.059243549062217724,60,0.38070801404329263,0.059124840319483736,60,-5.806287844603411,1.057207292451228,60,0.007351125081668307,0.0009801615713668636,60,128.96933880190915,160.3475715328934,60,0.006284425920209113,0.00414375004774944,60,0.016666666666666663,12.625151653292688,0.5833333333333333,0.002744841419864904,0.012376591124530283,0.0007654307864735993,0.007648309296273042,0.007648309296273042,0.007648309296273042,0.007632984063484444,0.13648487457175465,0.0001265383147498785,20.700782471723286,0.0005349558308593256
bc_plus_vjepa_value_planner,value_score,0.0,1,drawer-open-v3,clean,0.15,0.36008473579027556,60,320.632916778682,106.82783822268605,60,189.75,26.023213235852403,60,0.16182444014719308,0.058402856153907445,60,1.0728249012392361,0.04020532266022817,60,0.14811263438762567,0.004046930297924744,60,-0.49494405940517655,0.09191784243167607,60,0.49494405940517655,0.09191784243167607,60,0.49494405940517655,0.09191784243167607,60,0.49402903464277453,0.0917699790627718,60,-6.4923791856570245,1.5446364341601395,60,0.009455612103828092,0.0031596192138331025,60,78.36789586652672,116.81651575957844,60,0.008557180256906872,0.006702222728711664,60,0.0464867394979745,13.79141461159344,3.359582382575359,0.007539776308501029,0.005190484836398646,0.0005224564549041584,0.01186654243190663,0.01186654243190663,0.01186654243190663,0.01184745335306395,0.19941170618158097,0.00040790508651775256,15.080947336627451,0.0008652532336957701
bc_plus_vjepa_value_planner,value_score,0.0,1,reach-v3,background_shift,0.16666666666666666,0.3758230140014144,60,815.1524651286653,410.8434223276648,60,177.56666666666666,51.06438828980944,60,0.17816134662600805,0.07750914107687591,60,0.5629105784438071,0.07488686164510658,60,0.16080506362495325,0.002951609671784247,60,-0.5108379752258156,0.06615804174963241,60,0.5108379752258156,0.06615804174963241,60,0.5108379752258156,0.06615804174963241,60,0.5106739393250602,0.06613988882220033,60,-2.7366850527235473,0.5412780039668169,60,0.01396027601420262,0.0014471700101629109,60,3.7044296625993764,1.441438522775258,60,0.0018199751440267165,0.0005345517782614214,60,0.04851854247829849,53.03965775246354,6.592384181023367,0.01000638708565272,0.009667852266707891,0.0003810511701108376,0.00854096646380071,0.00854096646380071,0.00854096646380071,0.008538622930946399,0.0698786898343958,0.00018682884494972574,0.18608891310967982,6.901033782973483e-05
bc_plus_vjepa_value_planner,value_score,0.0,1,reach-v3,brightness,0.03333333333333333,0.18102033471939252,60,569.3607025352017,286.89135231341487,60,195.51666666666668,24.35576127622852,60,0.29753303712527435,0.09637906284228837,60,0.75416561331897,0.08304018651460833,60,0.15982323256819017,0.0023901587436230866,60,-0.5474395094812566,0.04803025598908616,60,0.5474395094812566,0.04803025598908616,60,0.5474395094812566,0.04803025598908616,60,0.5468983266643584,0.0480071349097949,60,-4.690380532680256,0.49018708745461453,60,0.006858220032675765,0.0008582517709500726,60,3.9902771876436787,1.7387112729611336,60,0.0031547043419226425,0.0009980280138893309,60,0.023369624723103315,37.03751432269268,3.144315260234552,0.012442483510375362,0.010720441981234527,0.00030856816696147525,0.006200679385326991,0.006200679385326991,0.006200679385326991,0.006197694466825611,0.06328288087458803,0.00011079982719142179,0.22446666013471894,0.00012884486256139476
bc_plus_vjepa_value_planner,value_score,0.0,1,reach-v3,clean,0.36666666666666664,0.4859611014169709,60,826.1461202380194,440.5855484511155,60,147.31666666666666,70.9608370545347,60,0.13763882459994348,0.08569561503100329,60,0.5544355215409784,0.12081526753378546,60,0.15962277893104249,0.003727648342508463,60,-0.6506617622811854,0.12376611475735665,60,0.6506617622811854,0.12376611475735665,60,0.6506617622811854,0.12376611475735665,60,0.6497395656121588,0.12400260194091642,60,-6.6563664606492035,0.9796423205533421,60,0.0050377275189443385,0.0018684487765327346,60,4.036709636166917,4.0565617729229135,60,0.002291173125595617,0.0020152318850714416,60,0.06273730842308473,56.87934972436104,9.161004671505035,0.01106325632860259,0.015597183970864823,0.00048123733170176526,0.01597813670933461,0.01597813670933461,0.01597813670933461,0.01600866707345189,0.1264712797581027,0.0002412156998250968,0.5236998729797359,0.0002601653176542624
bc_plus_vjepa_value_planner,value_score,0.01,1,button-press-v3,background_shift,0.8,0.40337558727168865,60,51.76573687254237,27.338473314177712,60,100.95,50.11323618244949,60,0.022085805598681712,0.011382912112155677,60,0.7344879070239758,0.046679894044184184,60,0.056852778145838244,0.03269083897124499,60,-0.528441079549044,0.05472676511226187,60,0.528492845798392,0.054733677118019006,60,0.528492845798392,0.054733677118019006,60,0.5284066802632821,0.054719378775504826,60,-0.9626554161756522,0.49347564990118525,60,0.011998514954743964,0.0012489457247594172,60,4.077483862720914,2.750693778313577,60,0.0014682228723116749,0.000644641372299036,60,0.052075564392329556,3.5293817285515385,6.469590971972861,0.0014695276347240543,0.006026348407861737,0.0042203691636393415,0.007065194995719843,0.007066087331826052,0.007066087331826052,0.007064241423744859,0.0637074324608724,0.0001612381997436725,0.3551130397974947,8.322284330634873e-05
bc_plus_vjepa_value_planner,value_score,0.01,1,button-press-v3,brightness,0.43333333333333335,0.4997174342809082,60,59.25212109418979,19.532744488764713,60,155.61666666666667,51.55418136115839,60,0.059356873005338644,0.036978961662554384,60,0.7168074060998698,0.03915360721763674,60,0.10790948950881854,0.010262632305046282,60,-0.6375891406450939,0.0519241501629816,60,0.6377192524997176,0.05192949785180857,60,0.6377192524997176,0.05192949785180857,60,0.6374328649972415,0.05190775756691967,60,-2.556986481832904,0.407669419533385,60,0.008831573585635504,0.0012414199794398666,60,3.6936901068402057,2.151023925855721,60,0.003016633811389084,0.000785587316247666,60,0.06451324335931523,2.5216664703570144,6.655616194637442,0.004773963422637188,0.005054708956595121,0.0013249001335231495,0.006703378961573362,0.006704069345232281,0.006704069345232281,0.00670126268652173,0.05262989575369482,0.00016026663020065856,0.27769599473776346,0.00010141888642729966
bc_plus_vjepa_value_planner,value_score,0.01,1,button-press-v3,clean,0.6666666666666666,0.4753826885415283,60,99.41272074481587,62.00735773673878,60,113.0,62.218586791833204,60,0.03023015366721426,0.026183909081104663,60,0.85411093605396,0.0636118072389456,60,0.1017235442615833,0.027209389840585463,60,-0.6708918486041894,0.12572518851511275,60,0.6710310460045175,0.125680728904594,60,0.6710310460045175,0.125680728904594,60,0.6704145222991412,0.12591686351250883,60,-3.154742465686219,1.0042932761225194,60,0.004213554984143916,0.0007837641808685121,60,1.3372760876690921,1.3634286844853591,60,0.0010191886382723435,0.00047399633996110014,60,0.061371641193221554,8.005115461890497,8.032385015644358,0.0033803281269909166,0.008212249001953092,0.003512717123768426,0.016231052043927323,0.016225312332890054,0.016225312332890054,0.016255797179687302,0.1296537044376868,0.00010118352066192149,0.1760178862917761,6.1192664361087e-05
bc_plus_vjepa_value_planner,value_score,0.01,1,drawer-open-v3,background_shift,0.0,0.0,60,662.7515159754702,290.70954308317096,60,200.0,0.0,60,0.15272151938446626,0.05046511525207749,60,0.3826784218576116,0.09108131509365798,60,0.05920117216759051,0.027321000124601133,60,-0.5997131399909655,0.030740845157318345,60,0.5997641433775426,0.03074325339685956,60,0.5997641433775426,0.03074325339685956,60,0.5996830205048124,0.030740171850819502,60,-1.9918262622803449,0.37096530803856315,60,0.010470132006060643,0.0007732785796387818,60,140.28829142976056,45.57128644418118,60,0.009743653648015122,0.0017880609464217883,60,0.0,37.53044063148962,0.0,0.006515018364524467,0.01175854721694692,0.0035271259494770316,0.0039686260447544955,0.003968936947142389,0.003968936947142389,0.003968539121259265,0.047891415335135315,9.982983536399759e-05,5.883227782118718,0.00023083767558318194
bc_plus_vjepa_value_planner,value_score,0.01,1,drawer-open-v3,brightness,0.0,0.0,60,270.78899892582143,82.95151373327425,60,200.0,0.0,60,0.19000418052375842,0.0001306477011705974,60,0.8331095031226675,0.0963380992576177,60,0.10807641210826113,0.019870037444854525,60,-0.3842468639053404,0.054002402850669345,60,0.38438034112627306,0.054028874518512925,60,0.38438034112627306,0.054028874518512925,60,0.384040653159221,0.05391183334613117,60,-5.935417192300161,1.039331179259543,60,0.00712582537526032,0.0008430038286661083,60,123.57093466506588,116.71687384178374,60,0.006168341444014611,0.0032637259353344825,60,0.0,10.708994374388901,0.0,1.6866545695133565e-05,0.012437195134334349,0.0025652108037479784,0.006971680229860877,0.006975097707484361,0.006975097707484361,0.006959987757102523,0.13417707828221084,0.0001088313263070976,15.068083620354017,0.00042134520647118916
bc_plus_vjepa_value_planner,value_score,0.01,1,drawer-open-v3,clean,0.3333333333333333,0.4753826885415283,60,328.69939763148903,107.37566858591616,60,173.0,41.850014681163,60,0.13460284692532096,0.07642909222403628,60,1.0874162787828936,0.043931618820810765,60,0.12392941239977727,0.011524336632150316,60,-0.5011160202799628,0.06777086562594282,60,0.5012866190764261,0.06777666444124483,60,0.5012866190764261,0.06777666444124483,60,0.5004930508837698,0.06773631531498968,60,-6.890357766028313,1.6284506016111735,60,0.008686546713797604,0.0034617286496178394,60,63.90061648927294,118.27957020306155,60,0.006765299126116376,0.006153416639290139,60,0.061371641193221554,13.862139207371339,5.40281366328934,0.009866953378314777,0.005671547602164414,0.0014877854617468748,0.008749181130911242,0.008749929754747655,0.008749929754747655,0.00874472070494698,0.2102320686720508,0.00044690724696863274,15.269826853100946,0.0007944026722082107
bc_plus_vjepa_value_planner,value_score,0.01,1,reach-v3,background_shift,0.13333333333333333,0.3428033318008816,60,803.3495556250432,331.46190933461025,60,179.75,52.25576766479742,60,0.22012103487304027,0.07925141401610632,60,0.5988539756384677,0.06538510777414326,60,0.05200426818115404,0.03188684644227014,60,-0.5061952059941831,0.0609853518056782,60,0.5062434009387943,0.061001794623527596,60,0.5062434009387943,0.061001794623527596,60,0.5061614032770156,0.06097069508721727,60,-3.008224697827877,0.26758549363408507,60,0.014339652825420279,0.001364545371941391,60,3.0724116962428245,0.7898790404259333,60,0.0015929888402680039,0.00037730277096275695,60,0.04425571983630766,42.79154849183527,6.746190596968147,0.010231313554925627,0.008441181116641132,0.004116574174466182,0.007873175063533069,0.007875297822189584,0.007875297822189584,0.007871282889316095,0.03454513868438341,0.0001761620500224471,0.10197294563626448,4.8709578280555634e-05
bc_plus_vjepa_value_planner,value_score,0.01,1,reach-v3,brightness,0.016666666666666666,0.12909944487358055,60,606.4785888657539,291.19116814622157,60,197.7,17.815723392554116,60,0.28335486469163595,0.09097963688363199,60,0.7617301884294958,0.08108631150157669,60,0.12386222541783885,0.010863778196077757,60,-0.5529620528652142,0.049298888056492435,60,0.5531312134969699,0.0492983406257802,60,0.5531312134969699,0.0492983406257802,60,0.5526674781023495,0.049291267265529015,60,-4.669924788470871,0.45015222890780787,60,0.006898250683248343,0.00093868690534331,60,3.8736633979728827,1.8472701645083052,60,0.0031326437844477026,0.0011550791131551162,60,0.016666666666666663,37.59261815976666,2.3,0.011745420616476824,0.010468197801699781,0.0014025077343433469,0.006364459080977964,0.006364388407976908,0.006364388407976908,0.006363475241095089,0.05811440286060296,0.00012118395838992057,0.23848155276955002,0.00014912007229339323
bc_plus_vjepa_value_planner,value_score,0.01,1,reach-v3,clean,0.35,0.48099473199130754,60,865.7014098972097,472.96190192612255,60,148.06666666666666,71.89938041426228,60,0.133158065912596,0.0789071130609423,60,0.5385537878271083,0.13683099656800576,60,0.13085194604928735,0.015087922221676953,60,-0.6543463998510457,0.1340478224213084,60,0.6545379278398229,0.13403303082695053,60,0.6545379278398229,0.13403303082695053,60,0.6536557233420337,0.13421892814425207,60,-6.504643322334592,0.9900660964048884,60,0.005263680995993256,0.0020264506221058342,60,4.045359951661954,4.021088965879364,60,0.0022451257649905723,0.0018455486567934157,60,0.062096152887194465,61.059118985015274,9.282170098235651,0.010186864492744509,0.017664805698428352,0.001947842383114255,0.017305499461103217,0.017303589874482824,0.017303589874482824,0.01732758911494994,0.12781698343402398,0.0002616136503775852,0.519120353282306,0.0002382593070792122
bc_plus_vjepa_value_planner,value_score,0.1,1,button-press-v3,background_shift,0.75,0.4366668823046865,60,51.48996815701458,28.181680289860726,60,106.91666666666667,54.26716448500822,60,0.022005123228352644,0.00999861317648418,60,0.773515389907432,0.028272268250912815,60,1.9336581982093206e-05,6.27442563000178e-05,60,-0.5358760391249248,0.06249680634666587,60,0.5358760701806138,0.0624968241159818,60,0.5358760701806138,0.0624968241159818,60,0.5358760330784291,0.062496799938634065,60,-0.9758488858575819,0.5169622564348298,60,0.011904149584206127,0.0011917701553437892,60,4.184050665929464,2.8518086543837153,60,0.001471505186481857,0.0006908934358110254,60,0.05637345210021216,3.6382392810257467,7.005860809877848,0.0012908154105897756,0.003649934136509801,8.100248657337957e-06,0.008068303005726231,0.008068305299735052,0.008068305299735052,0.008068302178452882,0.06673954032633013,0.00015385686547178407,0.3681669141666104,8.919395903000414e-05
bc_plus_vjepa_value_planner,value_score,0.1,1,button-press-v3,brightness,0.4,0.49403218175557095,60,63.01999341514576,23.409334008346676,60,158.53333333333333,51.2509501083214,60,0.053363615520978784,0.035698558746812326,60,0.7828210338758764,0.03270325819756203,60,0.0007550981428091693,0.0008876460695120274,60,-0.6359303037584213,0.06647903458202803,60,0.6359326247695984,0.0664783418131334,60,0.6359326247695984,0.0664783418131334,60,0.6359298072027276,0.06647911328971487,60,-2.4287503452410246,0.5377208012262279,60,0.008566408407266244,0.0011716660528577087,60,3.449070556852571,2.518216092941919,60,0.003187875712754418,0.0009328499933028709,60,0.06377928041432807,3.022132025337786,6.6164692082278656,0.004608664117000375,0.00422197247886263,0.00011459461481821844,0.008582406460271383,0.008582317024191662,0.008582317024191662,0.008582416621390062,0.06941945693528298,0.0001512614370011495,0.3251002996705187,0.00012043041628572397
bc_plus_vjepa_value_planner,value_score,0.1,1,button-press-v3,clean,0.9,0.3025316904537665,60,66.72753816616392,38.820941324306084,60,81.88333333333334,40.04196598005677,60,0.019984540774680096,0.0016964617882453403,60,0.8588984923534396,0.04599840775540818,60,0.02025712117042507,0.008701297815359449,60,-0.5998906068152994,0.08391652267059452,60,0.6000342690084218,0.08388310256372843,60,0.6000342690084218,0.08388310256372843,60,0.5998318812860324,0.0839306256677581,60,-2.801513278938382,0.7338734341397226,60,0.003831572338269459,0.0006374246582442046,60,1.005325964946465,1.318949020113087,60,0.0008781803705185853,0.00038964856860678306,60,0.03905667329424716,5.011761974437759,5.169395579672128,0.0002190122751117152,0.005938368906291799,0.001123332717642604,0.01083357649249499,0.010829261975250961,0.010829261975250961,0.010835397181599862,0.09474265295490637,8.229116952805863e-05,0.17027558631315257,5.030341390292096e-05
bc_plus_vjepa_value_planner,value_score,0.1,1,drawer-open-v3,background_shift,0.0,0.0,60,637.8937608199716,283.67935885286784,60,200.0,0.0,60,0.15779732476368877,0.04546424186711817,60,0.3562907314573725,0.050395587523211514,60,1.2627915789683661e-05,2.9784540586473783e-05,60,-0.5966108412469426,0.033468868950221185,60,0.5966108585124215,0.03346886701691262,60,0.5966108585124215,0.03346886701691262,60,0.596610838226974,0.03346886876352937,60,-1.9697688199530046,0.3861491167269251,60,0.010506579835355903,0.0007821435098566828,60,151.35473258710653,49.91063305829584,60,0.009777757200924194,0.0016936765016046635,60,0.0,36.622847749998485,0.0,0.005869408386643155,0.006506042373324549,3.8451676555283945e-06,0.004320812402020172,0.00432081215243111,0.00432081215243111,0.004320812377918363,0.04985163660786949,0.00010097429293397163,6.443435021114972,0.00021865269615259003
bc_plus_vjepa_value_planner,value_score,0.1,1,drawer-open-v3,brightness,0.0,0.0,60,264.9450412491754,30.938739863466402,60,200.0,0.0,60,0.19000182617470646,5.766331949800067e-05,60,0.7339535247373085,0.11335804107600173,60,0.00278184422016299,0.0037769623348101614,60,-0.419781030635039,0.039683801762228944,60,0.41979402968287466,0.039693816397940826,60,0.41979402968287466,0.039693816397940826,60,0.4197771917345623,0.03968072314224408,60,-6.146363015532494,1.0600485002712818,60,0.00733850861461057,0.0007825299402615102,60,126.33104487609367,95.64203232406115,60,0.006361624887026967,0.003275742854762714,60,0.0,3.99417414146163,0.0,7.4443025367598e-06,0.014634460174868365,0.00048760374073241456,0.005123156777976975,0.005124449661887989,0.005124449661887989,0.005122759329845952,0.1368516729240941,0.00010102418088471712,12.347333279617342,0.0004228965840984644
bc_plus_vjepa_value_planner,value_score,0.1,1,drawer-open-v3,clean,1.0,0.0,60,361.289002953805,39.87535216114599,60,91.96666666666667,6.925674822817807,60,0.027895365627281433,0.0011660583758791446,60,1.185553817259295,0.02373200583195905,60,0.0104130460450928,0.004083036406156842,60,-0.5349662658483374,0.010656701761837039,60,0.5350157123995778,0.010654419105069752,60,0.5350157123995778,0.010654419105069752,60,0.5349478439856948,0.010656942967576669,60,-8.428858286241072,0.5546055503740907,60,0.0032892136237497233,0.00031104014414648365,60,1.287662332448591,0.30862670423447813,60,0.0011277570162842943,0.00035203142575375543,60,0.0,5.147885828142478,0.8941007750007123,0.0001505374890161865,0.00306378877864249,0.0005271177334334676,0.0013757742816364695,0.001375479591914976,0.001375479591914976,0.0013758054211635562,0.07159926867710172,4.0155109942709516e-05,0.03984353618983386,4.544706164286492e-05
bc_plus_vjepa_value_planner,value_score,0.1,1,reach-v3,background_shift,0.16666666666666666,0.37582301400141443,60,702.4006222289448,309.29724471528175,60,174.25,58.199721881798055,60,0.23300726887137582,0.09183139879089017,60,0.6646470257199705,0.04879389301543125,60,2.6753368289468603e-05,5.4021547739167414e-05,60,-0.4970931453639087,0.06159665808166432,60,0.4970931899167249,0.0615966992117073,60,0.4970931899167249,0.0615966992117073,60,0.4970931348312712,0.061596647997145426,60,-2.938948949291694,0.22285703002410132,60,0.014444861720323844,0.0013180093469956277,60,3.1988106691250033,1.1009375676321969,60,0.0016604810393708446,0.0006118790667863086,60,0.048518542478298496,39.930102593670874,7.513551786736908,0.011855382605868317,0.006299264501513054,6.974151824338144e-06,0.007952094364410613,0.00795209967427633,0.00795209967427633,0.007952093062504823,0.028770718862286354,0.00017015427503532595,0.14213042882178667,7.899324785187697e-05
bc_plus_vjepa_value_planner,value_score,0.1,1,reach-v3,brightness,0.0,0.0,60,763.4653893087541,348.7325706878085,60,200.0,0.0,60,0.23611098383133475,0.05983004110003107,60,0.889850380765895,0.06516886261055634,60,0.002188189131945061,0.0031482411029960687,60,-0.5760728909211854,0.028675261322318412,60,0.5760819291509688,0.028678128547976564,60,0.5760819291509688,0.028678128547976564,60,0.5760708533376455,0.02867456874320744,60,-4.713246496071418,0.3889802754165138,60,0.007584501677192748,0.0009539280046009372,60,3.6871956776631993,1.923160787392386,60,0.0030947837129880703,0.0012833731897664308,60,0.0,45.02118128513277,0.0,0.00772402509277752,0.008413263986065463,0.0004064361787249814,0.0037019603183161627,0.0037023304755569573,0.0037023304755569573,0.003701870906737405,0.05021713762304441,0.0001231515758433434,0.2482789900549951,0.0001656827663644826
bc_plus_vjepa_value_planner,value_score,0.1,1,reach-v3,clean,0.43333333333333335,0.49971743428090815,60,779.1933449759669,478.146267366099,60,135.16666666666666,74.99811673718409,60,0.12000317646342983,0.07495353871380944,60,0.5865250946472677,0.09818275512185816,60,0.02311508344921159,0.014653824477509927,60,-0.6516288272426353,0.1332773465467272,60,0.651814506360144,0.13320183008343284,60,0.651814506360144,0.13320183008343284,60,0.6515168052431856,0.13332758117267213,60,-6.36203740451002,0.7730100304239174,60,0.005532518324752175,0.0020824664532852494,60,3.7748932942986575,3.9108839194006544,60,0.0020427450885131203,0.0019251961373204691,60,0.06451324335931521,61.72841768533801,9.682215237334457,0.009676460239263229,0.012675339182390586,0.0018918006053214181,0.017206031453406302,0.01719628231991618,0.01719628231991618,0.017212516715729223,0.09979516580943736,0.00026884526308697986,0.5048929429596375,0.00024854175260083416
bc_plus_vjepa_value_planner,value_score,0.3,1,button-press-v3,background_shift,0.75,0.4366668823046865,60,51.48558942063605,28.17456053599694,60,106.91666666666667,54.26716448500822,60,0.02203589614105812,0.01001929992135568,60,0.773541901043482,0.02821887972270376,60,0.0,0.0,60,-0.5358617933414644,0.06247968824582633,60,0.5358617933414644,0.06247968824582633,60,0.5358617933414644,0.06247968824582633,60,0.5358617933414644,0.06247968824582633,60,-0.9759128343393171,0.5168358592047253,60,0.011901919073181657,0.001194063599259037,60,4.183795733358356,2.8518435525304104,60,0.001471139228573914,0.0006909871215377798,60,0.05637345210021216,3.6373201247542952,7.005860809877848,0.0012934860578689277,0.003643041707155394,0.0,0.008066093068410555,0.008066093068410555,0.008066093068410555,0.008066093068410555,0.06672322251409007,0.00015415294780809122,0.3681714194979759,8.920605380532071e-05
bc_plus_vjepa_value_planner,value_score,0.3,1,button-press-v3,brightness,0.4,0.49403218175557095,60,63.01548143071206,23.340093180502294,60,158.61666666666667,51.14820329752523,60,0.05329870491293465,0.03575640023305171,60,0.7833125867491127,0.032910511812285534,60,4.060009339203437e-06,1.6755522169036307e-05,60,-0.6359649842149716,0.06631506556989639,60,0.6359649943529717,0.06631505877334462,60,0.6359649943529717,0.06631505877334462,60,0.6359649827463064,0.06631506618808643,60,-2.4265825895408932,0.5360225633713299,60,0.008566240351201099,0.0011718489046614543,60,3.4390923001515716,2.512235410522782,60,0.003190634267170476,0.0009307960793091096,60,0.06377928041432807,3.0131930729004894,6.6032046519915495,0.004616131420764542,0.004248728805471478,2.1631286105895594e-06,0.008561238151828719,0.008561237274397658,0.008561237274397658,0.00856123823163671,0.06920021537095235,0.0001512850430675072,0.3243281968902429,0.00012016525712931132
bc_plus_vjepa_value_planner,value_score,0.3,1,button-press-v3,clean,0.95,0.21978417765108285,60,61.711220687574475,29.219546751695844,60,76.56666666666666,28.947858834004393,60,0.0196621601402336,0.0012737666599229843,60,0.8537594381453772,0.04130996962781959,60,0.0005600181823407848,0.0005865090007787128,60,-0.5896725718977414,0.062320332053806195,60,0.5896775984209447,0.06231958567234999,60,0.5896775984209447,0.06231958567234999,60,0.5896713625226873,0.06232047736065494,60,-2.7306670085137674,0.583220687345349,60,0.0038446339143958013,0.0006384880725066567,60,0.9451813493677822,1.241756511919625,60,0.0008785940780522837,0.000378485355375517,60,0.02837401532675121,3.7722272651015674,3.737152505748742,0.00016444256869453214,0.005333094146695983,7.571798641389026e-05,0.008045520272483588,0.008045423915051928,0.008045423915051928,0.008045539031517099,0.07529346697507265,8.242845571901183e-05,0.1603100763569773,4.8862249271759105e-05
bc_plus_vjepa_value_planner,value_score,0.3,1,drawer-open-v3,background_shift,0.0,0.0,60,637.9393575200222,283.7275584278328,60,200.0,0.0,60,0.15781110900895826,0.04544998935544778,60,0.35631040172775585,0.050344589926447136,60,4.048589617013931e-07,3.1360240324646442e-06,60,-0.5966208111171921,0.03348024581438086,60,0.5966208117082715,0.033480245533255105,60,0.5966208117082715,0.033480245533255105,60,0.5966208110476534,0.03348024584745454,60,-1.9697278880973659,0.3865493169310434,60,0.0105072049452768,0.0007819417073372949,60,151.33590313530712,49.92549520881024,60,0.009777966132569418,0.001694214764193748,60,0.0,36.629070288369604,0.0,0.005867568395298454,0.006499458611892381,4.048589617013931e-07,0.004322281148867588,0.004322281112574409,0.004322281112574409,0.004322281153137382,0.04990330223205946,0.00010094824034074458,6.445353716496008,0.00021872218555403706
bc_plus_vjepa_value_planner,value_score,0.3,1,drawer-open-v3,brightness,0.0,0.0,60,265.2614610680018,31.098139466700975,60,200.0,0.0,60,0.1899930740613018,0.00011139575508999189,60,0.731599466562271,0.11328474129528603,60,4.091564872457336e-05,0.0001174095646375664,60,-0.41994604320824147,0.03974407471662889,60,0.41994631723562875,0.03974434076904481,60,0.41994631723562875,0.03974434076904481,60,0.41994598797708754,0.03974402645098851,60,-6.155852465967338,1.0630720577677764,60,0.007332027926905236,0.0007759284786510428,60,124.09947381193564,92.51746251992382,60,0.006291112600743873,0.003248206717889312,60,0.0,4.014752541752283,0.0,1.438113014339129e-05,0.014624997213868613,1.5157509617558596e-05,0.0051309379829308985,0.005130972330150101,0.005130972330150101,0.005130931751863519,0.1372420125184349,0.00010017193585545152,11.94395305243446,0.00041934168411414527
bc_plus_vjepa_value_planner,value_score,0.3,1,drawer-open-v3,clean,1.0,0.0,60,370.4602774474649,38.96907304103383,60,92.4,7.028272203713481,60,0.027689099145664288,0.0012250576834482415,60,1.1902248205959627,0.02459827041658994,60,0.00026170271445864757,0.00023972558729015464,60,-0.5383852829860791,0.011708285692635371,60,0.5383866954702314,0.011708497819792753,60,0.5383866954702314,0.011708497819792753,60,0.5383848760835959,0.011708220783016173,60,-8.35310197542001,0.5503024210901005,60,0.0030988153236185876,0.00031596600811438014,60,1.2469682132278423,0.24776289133343327,60,0.0011188844062863846,0.0003643549565875133,60,0.0,5.030885696835481,0.9073460399198271,0.00015815426687128256,0.0031756230556319806,3.094844024115204e-05,0.001511533183340512,0.0015115605688387726,0.0015115605688387726,0.0015115248035447067,0.07104373707531934,4.079103624648773e-05,0.031986051731419496,4.7038022632385514e-05
bc_plus_vjepa_value_planner,value_score,0.3,1,reach-v3,background_shift,0.16666666666666666,0.37582301400141443,60,702.4175077852279,309.30718861641344,60,174.25,58.199721881798055,60,0.23297925968446512,0.09182657611913636,60,0.6646801493360996,0.04878884654848038,60,0.0,0.0,60,-0.4970963184494591,0.06160464387444628,60,0.4970963184494591,0.06160464387444628,60,0.4970963184494591,0.06160464387444628,60,0.4970963184494591,0.06160464387444628,60,-2.9388194371273664,0.2228213549993513,60,0.014444810753527795,0.0013181807527430634,60,3.1995512011538025,1.1008851300165796,60,0.0016605782615185332,0.0006118061375539636,60,0.048518542478298496,39.93138634578685,7.513551786736908,0.011854760001622094,0.006298613005431124,0.0,0.00795312532582564,0.00795312532582564,0.00795312532582564,0.00795312532582564,0.028766113236395278,0.00017017640342216803,0.14212365915471997,7.898383272846616e-05
bc_plus_vjepa_value_planner,value_score,0.3,1,reach-v3,brightness,0.0,0.0,60,766.3864656133501,351.8144805801401,60,200.0,0.0,60,0.23490942116181865,0.05996358979372567,60,0.8923438504040242,0.06344967087125405,60,1.1773390734257797e-05,3.559770665594184e-05,60,-0.5766367480953535,0.028585564950869218,60,0.5766368031303089,0.028585610289314733,60,0.5766368031303089,0.028585610289314733,60,0.5766367392241954,0.028585560460509894,60,-4.7152002060810725,0.3880942401000968,60,0.007596618468349334,0.0009389481958592027,60,3.7045990693078688,1.949055389902683,60,0.0031112908317171184,0.0012890516792903842,60,0.0,45.41905414138318,0.0,0.007741266154997086,0.008191317286890293,4.5956441680546555e-06,0.0036903805665548972,0.0036903864197230444,0.0036903864197230444,0.003690379986852001,0.05010275095555659,0.00012121769085047305,0.2516219688642965,0.0001664158562097454
bc_plus_vjepa_value_planner,value_score,0.3,1,reach-v3,clean,0.45,0.5016920522135438,60,733.0692383933779,458.8161973479892,60,131.88333333333333,76.21359184503052,60,0.12252520837156768,0.07797949625427877,60,0.60840277590893,0.08146104290003274,60,0.002028132648772498,0.0029730804699853977,60,-0.6432268369513945,0.1339279526339653,60,0.643258608522082,0.13390703682057467,60,0.643258608522082,0.13390703682057467,60,0.6432172911449715,0.133933811760561,60,-6.279276134020292,0.7124712090182614,60,0.005567565406907618,0.0022358809164276833,60,3.695345481383292,3.779598369574936,60,0.001936869254741915,0.001782188635429853,60,0.0647681654382559,59.23291637663259,9.839132399015087,0.010067109677948844,0.010516575417217157,0.0003838230382395988,0.01729002433810011,0.017287324118202302,0.017287324118202302,0.01729078074809106,0.09197963757266633,0.00028865098511424647,0.4879440513572144,0.00023007956349399805
