method,planner_score,planner_alpha,planning_horizon,task,visual_condition,success_mean,success_std,success_stderr,success_count,return_mean,return_std,return_stderr,return_count,episode_length_mean,episode_length_std,episode_length_stderr,episode_length_count,final_distance_to_goal_mean,final_distance_to_goal_std,final_distance_to_goal_stderr,final_distance_to_goal_count,mean_action_norm_mean,mean_action_norm_std,mean_action_norm_stderr,mean_action_norm_count,mean_action_deviation_from_bc_mean,mean_action_deviation_from_bc_std,mean_action_deviation_from_bc_stderr,mean_action_deviation_from_bc_count,mean_selected_planner_score_mean,mean_selected_planner_score_std,mean_selected_planner_score_stderr,mean_selected_planner_score_count,mean_predicted_value_mean,mean_predicted_value_std,mean_predicted_value_stderr,mean_predicted_value_count,mean_policy_entropy_mean,mean_policy_entropy_std,mean_policy_entropy_stderr,mean_policy_entropy_count,mean_prediction_latent_mse_mean,mean_prediction_latent_mse_std,mean_prediction_latent_mse_stderr,mean_prediction_latent_mse_count,mean_decision_kl_mean,mean_decision_kl_std,mean_decision_kl_stderr,mean_decision_kl_count,mean_action_mse_mean,mean_action_mse_std,mean_action_mse_stderr,mean_action_mse_count,success_ci_low,success_ci_high
bc_only,bc_only,0.0,0,reach-v3,clean,0.43333333333333335,0.4997174342809082,0.06451324335931523,60,809.8896025930884,509.3422139538326,65.75579707212029,60,133.8,76.76506090840537,9.910326748961733,60,0.11496998413509248,0.07018487658038447,0.0090608286050484,60,0.6107428932750232,0.10021129414694875,0.012937222444434177,60,0.0,0.0,0.0,60,,,,0,,,,0,-6.246728457716315,0.6529806484399359,0.08429943922678639,60,,,,0,,,,0,,,,0,0.3,0.5666666666666667
bc_plus_vjepa_value_planner,value_score,0.0,1,reach-v3,clean,0.4166666666666667,0.4971671160112441,0.06418399868645064,60,747.7143487523501,431.47368012996844,55.703012582339795,60,139.66666666666666,73.54939921096424,9.495186608920847,60,0.13179850397042123,0.08896692468199817,0.011485580588555616,60,0.5653322933836562,0.11681400720443609,0.01508062348355114,60,0.1591718682781869,0.003773907442011456,0.0004872093557679534,60,-0.6484383381481293,0.15521058730680942,0.020037600659811507,60,0.6484383381481293,0.15521058730680942,0.020037600659811507,60,-6.491528464918743,0.750679463896369,0.0969123020670183,60,0.005286037205387887,0.0019334039785226407,0.000249601380343645,60,3.641216250238507,3.4313805696283355,0.44298932668900876,60,0.0021171923968921432,0.0018060547015158446,0.00023316065937701577,60,0.3,0.55
bc_plus_de_vjepa_value_planner,value_score,0.0,1,reach-v3,clean,0.3333333333333333,0.4753826885415284,0.06137164119322156,60,916.8753773322679,467.3591822161127,60.33581098067073,60,150.96666666666667,71.17273489258648,9.18836056476743,60,0.12847148183637824,0.0715974809414375,0.009243195043886345,60,0.5404479564510314,0.12256307791298209,0.01582282532056339,60,0.1593804594560268,0.003227979721503729,0.0004167303901093066,60,-0.6574541858754409,0.1358346610796344,0.01753617933997176,60,0.6574541858754409,0.1358346610796344,0.01753617933997176,60,-6.545787781128598,0.750725290066667,0.09691821820016445,60,0.004347043562351708,0.0014507714478312038,0.00018729378855344915,60,3.2868971505212508,2.775831582221052,0.3583583163272906,60,0.002427424963432998,0.002009736228377884,0.00025945583142590833,60,0.21666666666666667,0.45
bc_plus_vjepa_value_planner,value_score,0.01,1,reach-v3,clean,0.38333333333333336,0.4903014177279001,0.06329764084940143,60,829.9983516963672,472.42330490131667,60.98958640810227,60,144.36666666666667,72.76755811571729,9.394251357545114,60,0.12403964425201469,0.07582626402227909,0.009789128592113784,60,0.5447605221505406,0.12882960337049149,0.016631830278414014,60,0.13062911790034193,0.010603775452804396,0.001368941524521148,60,-0.6573719656912173,0.14463270372570827,0.018672001761553984,60,0.6575611912813576,0.14462147549944215,0.018670552203776114,60,-6.359188294434874,0.7445401087258748,0.09611971472262576,60,0.005396526296793267,0.001930260917001429,0.00024919561284605305,60,3.879869867146932,3.392257865319524,0.43793860728078793,60,0.0023633132667328946,0.0017828394353553098,0.0002301635814030983,60,0.26666666666666666,0.5166666666666667
bc_plus_de_vjepa_value_planner,value_score,0.01,1,reach-v3,clean,0.4,0.49403218175557095,0.06377928041432807,60,938.8144042192531,504.5775640921372,65.14068341995844,60,143.71666666666667,70.64187351553831,9.119826655685689,60,0.1025133366917337,0.05587168079618626,0.007213002974941538,60,0.5063253545810726,0.12618589630435773,0.016290529163767782,60,0.12639799458277914,0.014331445118782265,0.0018501816090709762,60,-0.6678163581994983,0.13568969253535648,0.017517463981381348,60,0.6679977297935099,0.13567326566222798,0.01751534328117945,60,-6.557494418983791,0.7376159388604934,0.09522580823679463,60,0.004320972194191741,0.0014300970670730433,0.0001846247374744656,60,3.196157709104535,2.944887049835265,0.38018328334912904,60,0.00231696917705318,0.0020190914652312257,0.0002606635873103356,60,0.26666666666666666,0.5333333333333333
bc_plus_vjepa_value_planner,value_score,0.1,1,reach-v3,clean,0.4166666666666667,0.49716711601124414,0.06418399868645064,60,861.4268380333737,523.6098338844336,67.5977388848281,60,137.23333333333332,75.33954026727011,9.72629282553534,60,0.11125188456174666,0.06499368545218104,0.00839064871216468,60,0.5950789218000173,0.1089508154118329,0.014065489788191572,60,0.019974416343468825,0.012783924464755047,0.0016503975517056621,60,-0.6557669517812383,0.15323654394178474,0.019782752757230442,60,0.6559196308513432,0.153151730481723,0.019771803386618665,60,-6.24254086911541,0.7191704684854838,0.09284450825094882,60,0.00552535590203582,0.0021155336942395987,0.0002731142255376873,60,4.082745088809336,4.05677083602722,0.5237268629104455,60,0.0022253518435149965,0.001945591454079904,0.000251174776672498,60,0.3,0.5333333333333333
bc_plus_de_vjepa_value_planner,value_score,0.1,1,reach-v3,clean,0.43333333333333335,0.4997174342809082,0.06451324335931523,60,832.4893050204131,512.8795151087543,66.21246068757135,60,134.35,76.10314699833935,9.82487403061811,60,0.11096485612828826,0.0650955942462562,0.00840380508090752,60,0.595230129372608,0.10363547019387771,0.013379281671242117,60,0.015357336023028354,0.010542115169792294,0.0013609812162135376,60,-0.6498340061397168,0.14858296651565828,0.019181978494841292,60,0.649944388702561,0.14852219414653914,0.01917413281572436,60,-6.3029232195283615,0.6509639507840106,0.08403908467892858,60,0.004846534279175934,0.0018570666588212828,0.00023974627474706263,60,3.5415540768460914,3.1435245741292275,0.405827277466542,60,0.002328452925647865,0.002320908788821328,0.00029962803623904765,60,0.31666666666666665,0.55
bc_plus_vjepa_value_planner,value_score,0.3,1,reach-v3,clean,0.43333333333333335,0.4997174342809082,0.06451324335931523,60,812.1387401150334,508.6075638620413,65.6609541530937,60,133.95,76.60716986402952,9.8899431027823,60,0.1148846872094284,0.07016770877292998,0.009058612250636328,60,0.6094751049477745,0.10008481136970504,0.012920893588105945,60,0.0014215166926870727,0.0021040074442134375,0.0002716261930578358,60,-0.6486547532680442,0.1483396872746986,0.01915057127988413,60,0.6486748758901218,0.14832731395251078,0.019148973890858442,60,-6.247985924991124,0.6558237089631543,0.08466647676207588,60,0.00547985991823308,0.002204432634778697,0.00028459102941113434,60,3.9522867806602187,4.071207953755137,0.525590686794694,60,0.002066322789225613,0.001811972171774582,0.0002339246015024747,60,0.31625000000000003,0.55
bc_plus_de_vjepa_value_planner,value_score,0.3,1,reach-v3,clean,0.43333333333333335,0.4997174342809082,0.06451324335931523,60,811.8044098203336,508.6795753754616,65.67025079950076,60,133.91666666666666,76.62727125876903,9.892538181684357,60,0.11483665521099405,0.07017482771603444,0.0090595313022392,60,0.6093955088907639,0.09970500893509023,0.012871861304635537,60,0.0008850577829639486,0.0017586599279458633,0.00022704202041922214,60,-0.6473323281346061,0.14720287746720084,0.01900380976480933,60,0.6473436794915991,0.14719604410525322,0.01900292758157527,60,-6.255641084694836,0.6548042043801705,0.0845348592863666,60,0.0049753648596213,0.0019792087854077177,0.00025551475548505,60,3.7088646948001744,3.294898864718581,0.4253696143497596,60,0.0023650589941286914,0.0024230277601055648,0.0003128115387429037,60,0.31666666666666665,0.55
bc_only,bc_only,0.0,0,reach-v3,brightness,0.0,0.0,0.0,60,737.6101973576795,349.88466166693473,45.16991559098182,60,200.0,0.0,0.0,60,0.2377408172371552,0.05748262500888711,0.007420974978523525,60,0.9126210133483013,0.05233623585698813,0.006756578995909949,60,0.0,0.0,0.0,60,,,,0,,,,0,-4.656681467384101,0.3265806240780529,0.04216137727494412,60,,,,0,,,,0,,,,0,0.0,0.0
bc_plus_vjepa_value_planner,value_score,0.0,1,reach-v3,brightness,0.15,0.3600847357902755,0.046486739497974494,60,688.6443724753682,331.1645011157856,42.753153255884165,60,178.91666666666666,50.764424907194524,6.553659074845379,60,0.19004005596103343,0.07538807312646091,0.009732558390715,60,0.7627225315414933,0.07282631199827437,0.0094018364511674,60,0.15922385166705058,0.0027429140897767524,0.00035410868632610126,60,-0.5775258168015053,0.0712791634781848,0.009202100436086855,60,0.5775258168015053,0.0712791634781848,0.009202100436086855,60,-4.741542843752811,0.6071835312436983,0.0783870568199418,60,0.007586808798412713,0.0009841645357299153,0.0001270550952269972,60,4.36878137056597,3.125618813642328,0.403515653727644,60,0.0030640296619101454,0.0013717145150425266,0.00017708758241702296,60,0.06666666666666667,0.25
bc_plus_de_vjepa_value_planner,value_score,0.0,1,reach-v3,brightness,0.06666666666666667,0.2515488742932317,0.03247482002983031,60,821.2256961531225,373.3322784532707,48.196989901706246,60,191.3,33.1847933318045,4.284138397380459,60,0.18415378579601702,0.07378415926311228,0.009525494001331652,60,0.8093809456323967,0.054669111446645144,0.007057751939493796,60,0.1594961885258735,0.0027733601064075194,0.0003580392501717451,60,-0.6113815965718782,0.04219429917731574,0.005447260600621239,60,0.6113815965718782,0.04219429917731574,0.005447260600621239,60,-4.771364100883516,0.45812933360421637,0.05914424264860773,60,0.0070651000452658244,0.0007273395769957681,9.389913562473858e-05,60,4.944098630245015,1.7917261959179942,0.23131085725846529,60,0.00268748988124535,0.0006496457508292938,8.386890579654227e-05,60,0.016666666666666666,0.13333333333333333
bc_plus_vjepa_value_planner,value_score,0.01,1,reach-v3,brightness,0.06666666666666667,0.2515488742932317,0.03247482002983031,60,773.629890460903,370.5996819268871,47.84421320708665,60,190.73333333333332,35.119585856533995,4.53391903826859,60,0.19966066769599863,0.07172440896252637,0.00925958138094782,60,0.7896346678285161,0.06911144859356513,0.008922249647838259,60,0.11084625787367584,0.013982956359544033,0.0018051919037086375,60,-0.594283557130212,0.05361490619888409,0.006921654627225029,60,0.5944230515342982,0.05361110617964215,0.006921164046850385,60,-4.713299114018095,0.4854878442868072,0.06267621119029812,60,0.007677677595637309,0.0009545568111377754,0.0001232327544181821,60,3.906149432397754,2.079456009392397,0.2684566164515896,60,0.0028742924155855804,0.001037468731642578,0.00013393663732875455,60,0.016666666666666666,0.13333333333333333
bc_plus_de_vjepa_value_planner,value_score,0.01,1,reach-v3,brightness,0.06666666666666667,0.2515488742932317,0.03247482002983031,60,790.4167347482737,362.65798255200554,46.81894422643658,60,191.03333333333333,34.209210112149265,4.4163900350421486,60,0.1972980861841198,0.07143643177771879,0.009222403686252906,60,0.8293199967909373,0.06261422937979774,0.008083462254118927,60,0.09654864457047617,0.014889003882965891,0.0019221621360114819,60,-0.6062501018169315,0.052756898638792744,0.006810886327519901,60,0.6063626457354945,0.05275259978592183,0.006810331348000673,60,-4.794144989649525,0.4294593497607212,0.055442963649877976,60,0.006991118268851896,0.0006394268700906959,8.254965396595996e-05,60,4.938565766872796,1.756569586451366,0.2267721584926863,60,0.002652935879079797,0.0006561774667801625,8.471214669987132e-05,60,0.016666666666666666,0.13333333333333333
bc_plus_vjepa_value_planner,value_score,0.1,1,reach-v3,brightness,0.0,0.0,0.0,60,738.7961033759336,350.5709974782692,45.258521163221964,60,200.0,0.0,0.0,60,0.2368003928772406,0.05758571235478184,0.007434283497652025,60,0.9110788136472305,0.052285097461123836,0.006749977057392144,60,0.0015091862071421448,0.001654347787549486,0.00021357538100047482,60,-0.608165358805408,0.03901192465700732,0.005036417816669594,60,0.6081708561542134,0.03900863665751105,0.005035993337759882,60,-4.657065932810308,0.32568006935541405,0.04204511616017317,60,0.0076743609974703605,0.0008100165849926021,0.00010457269146093842,60,3.987514465418334,2.0337916223532964,0.2625613694343494,60,0.003199791895937275,0.001365768639152108,0.00017631997314028272,60,0.0,0.0
bc_plus_de_vjepa_value_planner,value_score,0.1,1,reach-v3,brightness,0.0,0.0,0.0,60,738.4306649025092,350.4041061260811,45.23697558230028,60,200.0,0.0,0.0,60,0.23735056298712384,0.05712524047732128,0.007374836833891971,60,0.9123300821309287,0.052161060606024545,0.0067339639682549605,60,0.00041547421534773594,0.0003505504204972046,4.525586468638935e-05,60,-0.6080925508886577,0.027677974463447986,0.0035732111384562735,60,0.6080937129482626,0.0276779705378234,0.003573210631660319,60,-4.6557803086241085,0.32689582724294575,0.042202069828554185,60,0.006655242957892622,0.0005813245667657317,7.504867886083069e-05,60,4.9967291545365,1.7855067985100974,0.23050793650565762,60,0.0027841599713376865,0.0006888498606144231,8.893013460656537e-05,60,0.0,0.0
bc_plus_vjepa_value_planner,value_score,0.3,1,reach-v3,brightness,0.0,0.0,0.0,60,737.6100138404039,349.8772376279924,45.16895715167565,60,200.0,0.0,0.0,60,0.23773932783011206,0.057481438911775394,0.007420821854044836,60,0.9126091574927173,0.052334439027506244,0.006756347026221305,60,5.393379038044563e-06,1.475355314458337e-05,1.9046755208785818e-06,60,-0.6080381037555633,0.03900371152135574,0.005035357505416304,60,0.6080381183388331,0.03900369969912086,0.005035355979172344,60,-4.656616517951092,0.32661247837477286,0.042165489646967515,60,0.007666859333228734,0.0008091933927103298,0.00010446641779427285,60,3.9835612179314093,2.030461491486402,0.2621314513880769,60,0.003204904073289625,0.001366263975623831,0.00017638392080380778,60,0.0,0.0
bc_plus_de_vjepa_value_planner,value_score,0.3,1,reach-v3,brightness,0.0,0.0,0.0,60,737.6133777352808,349.88200432549604,45.169572529677254,60,200.0,0.0,0.0,60,0.23773940301360702,0.05748243422691179,0.007420950348676418,60,0.9126126493761936,0.05233515580583263,0.0067564395619053395,60,1.0613501071929934e-06,5.8528102888201966e-06,7.555945592370681e-07,60,-0.6079507568031549,0.02765565949508908,0.0035703302884287674,60,0.6079507588893175,0.02765565753941862,0.0035703300359527968,60,-4.656634842544795,0.3265384586480798,0.042155933741341745,60,0.00665142831848542,0.0005800498248612772,7.488411038860852e-05,60,4.996285376631034,1.7986128807937034,0.23219992445293863,60,0.0027833464315497386,0.0006895418671994057,8.901947227253549e-05,60,0.0,0.0
bc_only,bc_only,0.0,0,reach-v3,background_shift,0.15,0.3600847357902755,0.046486739497974494,60,697.3599105416334,307.86266786308863,39.744899518424255,60,177.76666666666668,53.71436277534699,6.934494416035417,60,0.23960925111136674,0.09043597753514244,0.011675234496386492,60,0.6704678452597882,0.04903907933777643,0.006330917919618412,60,0.0,0.0,0.0,60,,,,0,,,,0,-2.906789362105009,0.2586498703531439,0.03339155467921446,60,,,,0,,,,0,,,,0,0.06666666666666667,0.25
bc_plus_vjepa_value_planner,value_score,0.0,1,reach-v3,background_shift,0.11666666666666667,0.32373177151309335,0.041793591990281174,60,656.6604859321485,356.33812824451076,46.00305454365709,60,184.2,44.09573560226754,5.692734987544922,60,0.2497586977600042,0.11714207868079637,0.015122977329028108,60,0.598786823565558,0.07597519215009732,0.00980835513074118,60,0.1598765849099818,0.002617229900522767,0.00033788292726402567,60,-0.4576213646114701,0.029849016457377957,0.0038534914546698644,60,0.4576213646114701,0.029849016457377957,0.0038534914546698644,60,-2.978872744630896,0.6495786703054492,0.08386024573815211,60,0.013650746852511749,0.001268414403741771,0.00016375159539271631,60,3.403655693121531,1.1677091874139252,0.15075060786891759,60,0.00174615244241368,0.0005604871642825111,7.235858176763953e-05,60,0.05,0.2
bc_plus_de_vjepa_value_planner,value_score,0.0,1,reach-v3,background_shift,0.06666666666666667,0.2515488742932317,0.03247482002983031,60,647.7052365602087,316.73449302910973,40.890247222373034,60,190.5,36.23159965498794,4.677479402340755,60,0.27187126554368635,0.10776942454157094,0.013912972882662038,60,0.631098915225506,0.09168831084825843,0.011836910031906457,60,0.1600934586577566,0.002706670763504926,0.0003494296930240364,60,-0.46930127668755356,0.040169953932274995,0.005185918753254006,60,0.46930127668755356,0.040169953932274995,0.005185918753254006,60,-2.7435618638698585,0.47737434072847107,0.061628762384937114,60,0.012574808328809693,0.0019381737344299345,0.0002502171531834591,60,3.270817653587,1.5689897804039044,0.2025557096624651,60,0.0014236812665719967,0.00046660752933691963,6.023877301122928e-05,60,0.016666666666666666,0.13333333333333333
bc_plus_vjepa_value_planner,value_score,0.01,1,reach-v3,background_shift,0.15,0.3600847357902755,0.046486739497974494,60,703.0232623784207,317.63333889778863,41.0062877250464,60,177.63333333333333,53.96765090897294,6.967193773479592,60,0.2390101924334445,0.09215940813172147,0.011897728429682987,60,0.6415608453156199,0.05388709584820662,0.006956794159852902,60,0.02788377628428741,0.019128315980539164,0.002469454974454046,60,-0.44754247158834304,0.03637885701687945,0.004696490246014498,60,0.4475629106302377,0.03638684365095032,0.0046975213160394555,60,-2.9267447023236026,0.2430079184447997,0.03137218737110798,60,0.014383789145511677,0.0012890131623161743,0.00016641088368975668,60,3.0549244971910228,1.0842789366290446,0.1399798088069259,60,0.0016143495740393202,0.0005300358155478131,6.84273295503382e-05,60,0.06666666666666667,0.25
bc_plus_de_vjepa_value_planner,value_score,0.01,1,reach-v3,background_shift,0.13333333333333333,0.34280333180088157,0.044255719836307654,60,702.0214052207888,310.5259005203064,40.088721376040255,60,180.1,51.42600410594902,6.639068582144493,60,0.2474003274524584,0.09185915939782885,0.011858966484813455,60,0.6453076151554116,0.05487249888275798,0.007084009144590224,60,0.032127833156983095,0.022396079381114327,0.0028913214154465032,60,-0.4482107285697783,0.03483575923547797,0.004497277179049913,60,0.4482345668097049,0.03484426917751383,0.0044983758078426484,60,-2.918787491060674,0.25420792062449626,0.032818101435089696,60,0.01265092219462751,0.0020175533417834185,0.0002604650164270767,60,3.414672105038326,1.3303373062703054,0.17174580773411097,60,0.0014429388146574085,0.00041569755522767376,5.366632361519728e-05,60,0.05,0.21666666666666667
bc_plus_vjepa_value_planner,value_score,0.1,1,reach-v3,background_shift,0.15,0.3600847357902755,0.046486739497974494,60,697.3597423528231,307.86580805235474,39.745304915115305,60,177.76666666666668,53.71436277534699,6.934494416035417,60,0.23960459039620688,0.09043842272964896,0.01167555016963989,60,0.670458564069055,0.04903916981824984,0.006330929600597301,60,2.1386951751386126e-06,9.46803916218375e-06,1.2223185998792428e-06,60,-0.4468431285563714,0.036041841807434125,0.004652981769561153,60,0.44684313040908236,0.03604184263738954,0.004652981876707937,60,-2.90678187453973,0.25865183351571575,0.03339180812241268,60,0.014417511686355921,0.0013156365174185312,0.00016984794405414317,60,3.056022497478321,1.0705603966254078,0.13820875290798038,60,0.0016031469085427317,0.0005329777703183973,6.880713427806381e-05,60,0.06666666666666667,0.25
bc_plus_de_vjepa_value_planner,value_score,0.1,1,reach-v3,background_shift,0.15,0.3600847357902755,0.046486739497974494,60,697.3566690808487,307.86008843459496,39.74456651563763,60,177.76666666666668,53.71436277534699,6.934494416035417,60,0.23960149047402554,0.09043293089922799,0.011674841177381204,60,0.6704703213584249,0.04903800605963421,0.006330779360006056,60,2.441987977363169e-06,9.550191333476562e-06,1.2329243995883042e-06,60,-0.4453670957053595,0.035141938171906466,0.0045368047097748155,60,0.4453670976176752,0.03514193953517984,0.004536804885772652,60,-2.906757795455334,0.2586025804889446,0.03338544958399818,60,0.012653958369629122,0.001992898974433287,0.0002572821512884654,60,3.2570518857708604,1.2478744347963349,0.16109989680413994,60,0.0014110442691988398,0.0004002946955459728,5.1677822980824026e-05,60,0.06666666666666667,0.25
bc_plus_vjepa_value_planner,value_score,0.3,1,reach-v3,background_shift,0.15,0.3600847357902755,0.046486739497974494,60,697.3599105416334,307.86266786308863,39.744899518424255,60,177.76666666666668,53.71436277534699,6.934494416035417,60,0.23960925111136674,0.09043597753514244,0.011675234496386492,60,0.6704678452597882,0.04903907933777643,0.006330917919618412,60,0.0,0.0,0.0,60,-0.4468436416530219,0.03604283548832135,0.004653110053212076,60,0.4468436416530219,0.03604283548832135,0.004653110053212076,60,-2.906789362105009,0.2586498703531439,0.03339155467921446,60,0.014417591982659997,0.0013153794975457708,0.00016981476293124833,60,3.055826880882796,1.0700994758343823,0.13814924828972827,60,0.0016032059252298052,0.0005329540250457917,6.880406877655205e-05,60,0.06666666666666667,0.25
bc_plus_de_vjepa_value_planner,value_score,0.3,1,reach-v3,background_shift,0.15,0.3600847357902755,0.046486739497974494,60,697.3599105416334,307.86266786308863,39.744899518424255,60,177.76666666666668,53.71436277534699,6.934494416035417,60,0.23960925111136674,0.09043597753514244,0.011675234496386492,60,0.6704678452597882,0.04903907933777643,0.006330917919618412,60,0.0,0.0,0.0,60,-0.44537493555147384,0.03514511429181867,0.004537214745092333,60,0.44537493555147384,0.03514511429181867,0.004537214745092333,60,-2.906789362105009,0.2586498703531439,0.03339155467921446,60,0.012654391406220981,0.0019926052961633995,0.00025724423758685146,60,3.256871430977474,1.2478715875659858,0.16109952922828244,60,0.0014110703743126381,0.00040029518508141515,5.167788617957788e-05,60,0.06666666666666667,0.25
bc_only,bc_only,0.0,0,button-press-v3,clean,0.9333333333333333,0.2515488742932317,0.03247482002983031,60,63.59795036977693,33.80182674834581,4.363797068924391,60,78.56666666666666,33.12552739160166,4.276487197400361,60,0.01980882322308617,0.0014433635048346737,0.000186337427224942,60,0.8488781983460505,0.042817635635761686,0.005527732991376075,60,0.0,0.0,0.0,60,,,,0,,,,0,-2.7493472509427224,0.629139420634727,0.08122154995202936,60,,,,0,,,,0,,,,0,0.8666666666666667,0.9833333333333333
bc_plus_vjepa_value_planner,value_score,0.0,1,button-press-v3,clean,0.4166666666666667,0.4971671160112441,0.06418399868645064,60,131.67714113388266,61.387220925174184,7.925056143771836,60,147.78333333333333,62.38809416695874,8.054268323675043,60,0.055871502088763715,0.039271212324015675,0.005069891710542939,60,0.7981105369565007,0.06768223660867856,0.008737739173982734,60,0.1592389244815808,0.002782567238180217,0.0003592278857724782,60,-0.7514016981372522,0.11440760109653618,0.014769957790880868,60,0.7514016981372522,0.11440760109653618,0.014769957790880868,60,-3.6083002411164813,0.9962828346882716,0.1286195608953331,60,0.005096861814306774,0.0012371737122060798,0.00015971843945799182,60,2.2619983784386988,2.4410780099615046,0.315141815979135,60,0.0015318963106120533,0.001568495501253361,0.00020249189849851738,60,0.3,0.5333333333333333
bc_plus_de_vjepa_value_planner,value_score,0.0,1,button-press-v3,clean,0.43333333333333335,0.4997174342809082,0.06451324335931523,60,128.16193571480858,60.9460601482948,7.868102532376709,60,147.06666666666666,62.91314073256999,8.122051543828235,60,0.04925759562124843,0.036956001311955367,0.004770999254120753,60,0.7698577337769767,0.09841482803579814,0.012705299666750432,60,0.1588972921835778,0.0033756116987425735,0.00043578959641643047,60,-0.743916270045586,0.1223773831527993,0.01579885223010786,60,0.743916270045586,0.1223773831527993,0.01579885223010786,60,-3.4698965262324792,1.005930105844133,0.1298650182460997,60,0.004729139270409257,0.0010773838856458562,0.00013908966155262123,60,1.7109129915394037,1.312808078672584,0.16948279418218246,60,0.0013976589198014084,0.0008612456007821322,0.00011118632896078665,60,0.3,0.55
bc_plus_vjepa_value_planner,value_score,0.01,1,button-press-v3,clean,0.5166666666666667,0.5039392842990978,0.06505828185300302,60,116.27639144337311,57.63024781249197,7.440033000519594,60,134.73333333333332,63.728998977972836,8.227378390405276,60,0.045252803375921156,0.041616003856247884,0.00537260299569839,60,0.8105654460803985,0.06278681104125425,0.008105742450808322,60,0.08714629354123224,0.031193270963888086,0.004027033965229131,60,-0.7310746468634087,0.11920579598763899,0.01538940208771749,60,0.7311926049099015,0.11916604630573448,0.015384270425849717,60,-3.5928060194311526,1.0343151881397141,0.13352951661315013,60,0.004513562195186959,0.000994421749062607,0.00012837929577419759,60,1.8444807247534385,2.268588806520075,0.29287355556816036,60,0.001306187359035048,0.001398755152309523,0.00018057851367722004,60,0.38333333333333336,0.65
bc_plus_de_vjepa_value_planner,value_score,0.01,1,button-press-v3,clean,0.48333333333333334,0.5039392842990978,0.06505828185300302,60,120.13648752710716,59.483723699973304,7.679315708680001,60,138.45,64.2825924719535,8.298847003163806,60,0.03685617261773207,0.03447437313967655,0.0044506224346969195,60,0.7931428294240617,0.081957157615635,0.010580623551595024,60,0.08239691417947734,0.03282580384429107,0.004237793053827024,60,-0.7346409712811979,0.12380131120503003,0.015982680551190766,60,0.7347530440376564,0.12375474228243816,0.015976668529135794,60,-3.560913323286134,1.0523827454965085,0.13586202823813384,60,0.004239727457395164,0.0007109540907084175,9.178377844105794e-05,60,1.3851699057435336,0.7744885867592343,0.09998604661154108,60,0.0011163555996747117,0.00046039347478529666,5.9436542018200604e-05,60,0.35,0.6
bc_plus_vjepa_value_planner,value_score,0.1,1,button-press-v3,clean,0.9333333333333333,0.2515488742932317,0.03247482002983031,60,64.20960612757334,33.14184562181072,4.27859387186167,60,78.91666666666667,33.140835411187396,4.278463454230994,60,0.019725003831727598,0.0014745745832503764,0.000190366760122315,60,0.8500175296574246,0.04400050479267073,0.0056804407428911125,60,0.015184779287179616,0.004710239325727816,0.0006080892821731694,60,-0.599796783773528,0.07234313502242072,0.009339458571809,60,0.5998901388937845,0.07232232417822919,0.009336771903376522,60,-2.8002069038177595,0.6316216485291408,0.08154200419524789,60,0.00384605465026529,0.0005981023997438254,7.721468778448423e-05,60,0.7737567584706001,0.37950314777255956,0.04899364570521385,60,0.000895839909521235,0.0004353008651446395,5.619710004316231e-05,60,0.8666666666666667,0.9833333333333333
bc_plus_de_vjepa_value_planner,value_score,0.1,1,button-press-v3,clean,0.9166666666666666,0.27871780678530217,0.03598231413236439,60,66.14991816584288,37.506079367144245,4.842014025682776,60,80.68333333333334,36.596976658803,4.724649370702853,60,0.019913266282928926,0.0017420911945729225,0.00022490300613851712,60,0.8507092173128527,0.04449608826051063,0.005744420293477767,60,0.014321199559272158,0.007274503378423222,0.0009391343478854243,60,-0.6011781357691388,0.07930564385536074,0.010238314597068957,60,0.6012696226987917,0.07928364616817049,0.010235474707864192,60,-2.822102082815824,0.7057409943328714,0.09111077059290246,60,0.0036842066308905635,0.0005840352803275791,7.539863047687646e-05,60,0.7907162575957012,0.4327598564817592,0.055869057235365505,60,0.0009732419117112449,0.0005279267366610986,6.815504863686878e-05,60,0.8333333333333334,0.9833333333333333
bc_plus_vjepa_value_planner,value_score,0.3,1,button-press-v3,clean,0.9333333333333333,0.2515488742932317,0.03247482002983031,60,64.13620541254197,33.6551924988177,4.344866668710857,60,78.96666666666667,33.00126688203362,4.260445234595419,60,0.01983236171174684,0.0014040684681249744,0.00018126445979943284,60,0.8480404556279375,0.04226223371337471,0.005456030911514196,60,0.0001965423061399895,0.0002655665382837673,3.428449266943284e-05,60,-0.5957540718455945,0.07169725295994524,0.009256075556089611,60,0.5957555289130048,0.07169695683503896,0.009256037326528598,60,-2.7641501677053157,0.619276607026335,0.07994826619029435,60,0.0038036623911263524,0.0005675081872424767,7.326499193421575e-05,60,0.7317494307640817,0.36891983008831203,0.047627345267256746,60,0.0008923976554927767,0.00044187088394554325,5.704528582316798e-05,60,0.8666666666666667,0.9833333333333333
bc_plus_de_vjepa_value_planner,value_score,0.3,1,button-press-v3,clean,0.9333333333333333,0.2515488742932317,0.03247482002983031,60,63.65205393771043,33.649307355180504,4.344106899934294,60,78.63333333333334,33.13248529647156,4.277385459056548,60,0.019822692003426786,0.0014111527237502617,0.00018217903326799996,60,0.8486181683067962,0.0430084517586704,0.005552367246916518,60,0.0003389645990228626,0.0005052309786110048,6.522503887161658e-05,60,-0.5930604899366367,0.07246100388311584,0.00935467537629262,60,0.5930634847676729,0.07246075580553439,0.00935464334961457,60,-2.7539705007725623,0.6314122795230542,0.08151497477278838,60,0.0036914533112468897,0.0005146015329183129,6.64347722308478e-05,60,0.7515451717448929,0.3816781790630674,0.04927444103740108,60,0.0009926332888517417,0.0005602333362825454,7.232581271375058e-05,60,0.8666666666666667,0.9833333333333333
bc_only,bc_only,0.0,0,button-press-v3,brightness,0.35,0.48099473199130766,0.06209615288719448,60,63.71741491432989,22.91937578251522,2.958878690371701,60,163.88333333333333,49.6854825390802,6.414368214071233,60,0.05716032871273428,0.03577855677686472,0.0046189918182711195,60,0.7918243247582788,0.03655350530976011,0.00471903724367351,60,0.0,0.0,0.0,60,,,,0,,,,0,-2.3017769320474613,0.5325125982012362,0.06874708081596764,60,,,,0,,,,0,,,,0,0.23333333333333334,0.4666666666666667
bc_plus_vjepa_value_planner,value_score,0.0,1,button-press-v3,brightness,0.6,0.494032181755571,0.06377928041432807,60,60.44849614461142,22.572404555545315,2.914084897582781,60,140.05,49.73162721812662,6.420325466519996,60,0.0437942024399891,0.03481732688635144,0.004494897573009962,60,0.7242488188015056,0.055162847238041664,0.007121492956077305,60,0.1599231632002587,0.003345658330267369,0.0004319226331741878,60,-0.6607122699977467,0.06920060722011419,0.008933759977031433,60,0.6607122699977467,0.06920060722011419,0.008933759977031433,60,-2.5756720659035497,0.5729333531699214,0.07396537784379593,60,0.008685485248894013,0.0009301684259497574,0.00012008422742904592,60,3.4039129433561524,1.708514769003851,0.22056830823671086,60,0.0029280980338684333,0.0007207559680926742,9.304919537008438e-05,60,0.4666666666666667,0.7166666666666667
bc_plus_de_vjepa_value_planner,value_score,0.0,1,button-press-v3,brightness,0.48333333333333334,0.5039392842990978,0.06505828185300302,60,68.96703857391533,23.753304895221635,3.066538475886017,60,154.41666666666666,49.027937959544786,6.32947957387358,60,0.05263443831857249,0.03737171833958024,0.004824668091611618,60,0.7222222422702789,0.054720204026496695,0.007064347963189791,60,0.15958455898727328,0.0034211003787332373,0.00044166215975125715,60,-0.6916748583777343,0.04876729987585298,0.006295831341956054,60,0.6916748583777343,0.04876729987585298,0.006295831341956054,60,-2.637300429692878,0.44281609686783835,0.05716731228672361,60,0.007600940281374066,0.0006045556973156583,7.804780491861189e-05,60,3.703226335154872,1.0022398767682723,0.12938861172094973,60,0.0020829352192235835,0.00041250487833188753,5.325415080029057e-05,60,0.35,0.6166666666666667
bc_plus_vjepa_value_planner,value_score,0.01,1,button-press-v3,brightness,0.65,0.48099473199130766,0.06209615288719448,60,55.351804768696525,21.724603473356492,2.8046342485089832,60,134.48333333333332,50.301966692241216,6.493955976017681,60,0.041796332680783,0.03358047162935722,0.004335220245943038,60,0.7307110197230722,0.05595812472364881,0.007224162837989645,60,0.11021445522710639,0.011106087929642218,0.0014337897864339839,60,-0.6522711991409403,0.07251088742955905,0.009361115314446763,60,0.6524081614543361,0.07249955177551433,0.009359651887802311,60,-2.4526242723976894,0.5570327613249118,0.0719126202634438,60,0.008722707586712881,0.000940662166348991,0.00012143896348923443,60,3.244285213006756,1.7414976664071835,0.22482638198180338,60,0.002978125361263195,0.0007298713634372471,9.422598784887196e-05,60,0.5333333333333333,0.7666666666666667
bc_plus_de_vjepa_value_planner,value_score,0.01,1,button-press-v3,brightness,0.7166666666666667,0.4544196025054849,0.05866531842313124,60,52.20309002567877,21.616666980713067,2.7906997072271156,60,123.98333333333333,48.37476988660433,6.24515593824782,60,0.03334385021240027,0.027807332385209476,0.0035899111743456823,60,0.7499856774171749,0.04647863416311409,0.006000365868940266,60,0.10211876830857396,0.010474256739634702,0.0013522207305501999,60,-0.6546903715941476,0.06233269958601305,0.008047116914025949,60,0.6548099999420853,0.06233499257575454,0.008047412937728676,60,-2.421539645967752,0.46792811657930256,0.06040926009112805,60,0.007878781712844141,0.0006970507270454173,8.99888619102891e-05,60,3.947825006094337,1.2714157394911816,0.16413906617184446,60,0.0022383677294314816,0.0004674060260074479,6.034185848812788e-05,60,0.6,0.8333333333333334
bc_plus_vjepa_value_planner,value_score,0.1,1,button-press-v3,brightness,0.35,0.48099473199130766,0.06209615288719448,60,63.81525520444327,22.966286386926267,2.9649348233598514,60,163.86666666666667,49.70573293902475,6.416982529462543,60,0.05674963810191169,0.035546039113400874,0.004588973916994634,60,0.7910075116178585,0.036760180421859606,0.0047457188859147395,60,0.0013149498227235914,0.0010271394388976683,0.00013260313136944998,60,-0.6629380424822593,0.07328036292124138,0.009460454173266778,60,0.6629429049051985,0.07327912122437721,0.009460293870890913,60,-2.308133359931416,0.5341292101868488,0.0689557845258862,60,0.00862900220342585,0.0011563919023497638,0.00014928955264965828,60,3.395808941494287,2.475153025532326,0.31954088157338667,60,0.0031486259871961056,0.0008902466786065856,0.00011493035200865908,60,0.23333333333333334,0.4666666666666667
bc_plus_de_vjepa_value_planner,value_score,0.1,1,button-press-v3,brightness,0.35,0.48099473199130766,0.06209615288719448,60,63.8806603461856,23.192263088307794,2.9941082900625693,60,163.66666666666666,49.9697083382766,6.451061606966238,60,0.05604475350572764,0.03527984272017406,0.004554608110401703,60,0.7906828261959121,0.03799649222297707,0.00490532605312966,60,0.001620167194907236,0.0017906097315263298,0.0002311667223252803,60,-0.6638651721140579,0.07076812779707958,0.00913612601334558,60,0.663871850666977,0.07077045866818261,0.009136426927511054,60,-2.310296401973851,0.538379989584089,0.06950455778634997,60,0.007705721522501504,0.0008916790936404844,0.000115115275994364,60,3.9878466638498837,1.6179796618437683,0.20888027616077406,60,0.002350859471125993,0.0005671456281165491,7.321818575232466e-05,60,0.23333333333333334,0.4666666666666667
bc_plus_vjepa_value_planner,value_score,0.3,1,button-press-v3,brightness,0.35,0.48099473199130766,0.06209615288719448,60,63.70363267045352,22.926146558596034,2.9597527938050976,60,163.86666666666667,49.707778836276304,6.417246653661987,60,0.05718623259824472,0.03575188773620086,0.004615548859926104,60,0.7918069890334561,0.0365586699594148,0.004719703997076896,60,8.480779604171594e-06,3.2688476098929415e-05,4.220064118135093e-06,60,-0.6621931624287625,0.07323176083988951,0.009454179671544551,60,0.6621931975354302,0.07323174627454608,0.0094541777911668,60,-2.301066375749012,0.5321673728197865,0.06870251241086622,60,0.008629665985077238,0.0011539365568315326,0.00014897256890628182,60,3.4155291957425318,2.46523086309578,0.3182599359108831,60,0.0031596512977001665,0.000890928411667271,0.00011501836336834555,60,0.23333333333333334,0.4666666666666667
bc_plus_de_vjepa_value_planner,value_score,0.3,1,button-press-v3,brightness,0.35,0.48099473199130766,0.06209615288719448,60,63.7062771396875,22.926293701964536,2.9597717899322875,60,163.86666666666667,49.707778836276304,6.417246653661987,60,0.05718063762846368,0.0357578427741012,0.0046163176520132385,60,0.7918130966617215,0.036563326907010196,0.004720305206426268,60,1.0095000672496048e-05,3.7748216199037777e-05,4.8732737562636785e-06,60,-0.6630109495053006,0.07078042624137518,0.009137713735676949,60,0.6630109973790524,0.07078042545703318,0.009137713634418834,60,-2.301070061254288,0.5321771567195115,0.06870377550688941,60,0.007715745845642728,0.000905792572472755,0.00011693731827684516,60,3.972800141087843,1.61382600134017,0.2083440408955662,60,0.0023563650438193267,0.0005728711948663,7.395735324130412e-05,60,0.23333333333333334,0.4666666666666667
bc_only,bc_only,0.0,0,button-press-v3,background_shift,0.7666666666666667,0.42652186808509857,0.05506373639622878,60,50.505080029001924,27.557640938780665,3.557676147222041,60,105.18333333333334,52.836649987682826,6.82118218238953,60,0.022269844649152482,0.01161400771570141,0.0014993619488545334,60,0.7753203124588233,0.026571026776163863,0.0034303048065237995,60,0.0,0.0,0.0,60,,,,0,,,,0,-0.9063998028507915,0.4880027345592984,0.0630008821283947,60,,,,0,,,,0,,,,0,0.6666666666666666,0.8666666666666667
bc_plus_vjepa_value_planner,value_score,0.0,1,button-press-v3,background_shift,0.31666666666666665,0.46910179830729837,0.06056078175067057,60,82.28142036772724,28.82679631460276,3.721523401698994,60,162.33333333333334,55.83956032397768,7.208856239810332,60,0.05201113104370141,0.03655254293251087,0.004718913001304874,60,0.7272888610122707,0.06560876670823991,0.008470055360874026,60,0.16054084169889143,0.002905267980989558,0.00037506848355474013,60,-0.5414593648406998,0.04262780495912665,0.005503225956402515,60,0.5414593648406998,0.04262780495912665,0.005503225956402515,60,-1.203792820520967,0.38705825102094393,0.049969005340542855,60,0.011696009252432898,0.0010516032119089337,0.00013576139088471764,60,3.6570984666107105,2.2903986594424652,0.29568919547321537,60,0.0013027663913184916,0.0005036494892790201,6.502086947678385e-05,60,0.2,0.43333333333333335
bc_plus_de_vjepa_value_planner,value_score,0.0,1,button-press-v3,background_shift,0.5333333333333333,0.5030977485864635,0.06494964005966064,60,74.20721396163158,29.854640539798034,3.8542175205882194,60,136.88333333333333,60.57803250848338,7.820590368378921,60,0.04598684110879555,0.03893440030085309,0.005026409465325902,60,0.7266604867576775,0.10059173963094059,0.012986337745222183,60,0.16018335628954813,0.00327316993180386,0.00042256442117277385,60,-0.51964763013038,0.056696120710136126,0.007319437710164088,60,0.51964763013038,0.056696120710136126,0.007319437710164088,60,-1.16126906062167,0.4783707360353353,0.06175739646592793,60,0.010573884740869788,0.0021303746762068886,0.0002750301880710433,60,4.0689823375673555,1.2621576655056845,0.16294385395971825,60,0.0012586371944722735,0.00033157493853694115,4.2806140499110694e-05,60,0.4166666666666667,0.65
bc_plus_vjepa_value_planner,value_score,0.01,1,button-press-v3,background_shift,0.7333333333333333,0.4459484908564835,0.057571702611783036,60,52.946444072236616,27.562120619984505,3.5582544715786675,60,110.31666666666666,54.613741260449075,7.050603679193338,60,0.026578269657794105,0.021557081384801124,0.0027830072398724224,60,0.7475561510472861,0.03900400717526224,0.005035395674171508,60,0.041782847324517605,0.01804086989639767,0.0023290662886614297,60,-0.48760718108472073,0.045552846533936674,0.005880847199942633,60,0.487640862246825,0.045563707432084086,0.005882249335864292,60,-0.9372545580078456,0.502957866212095,0.06493158132278207,60,0.012043059899090627,0.0011805209913287504,0.0001524046046421507,60,4.1084197047549615,2.7522933096122344,0.35531953840020924,60,0.0014713400535121717,0.0006599189133518576,8.519516537530132e-05,60,0.6166666666666667,0.8337499999999978
bc_plus_de_vjepa_value_planner,value_score,0.01,1,button-press-v3,background_shift,0.7333333333333333,0.4459484908564835,0.057571702611783036,60,52.93650729516749,28.158562583622178,3.6352547979835994,60,109.68333333333334,55.00061376134173,7.100548704295433,60,0.02487181490728087,0.01900709125148477,0.0024538049292281735,60,0.7536228533464464,0.03772240753782009,0.004869941872427544,60,0.027599197193312195,0.0190319172794083,0.002457009955651517,60,-0.4885575987071548,0.04484470587817137,0.0057894266343909186,60,0.4885769333470498,0.04484935916460709,0.005790027371086608,60,-0.9318911062268084,0.5042852039886405,0.06510293989289383,60,0.01052986029039833,0.0017106984054891157,0.00022085021449476424,60,3.7455380520912063,1.144835806683538,0.14779766711424255,60,0.0011909364757132467,0.000251559149825994,3.247614659540571e-05,60,0.6329166666666667,0.8333333333333334
bc_plus_vjepa_value_planner,value_score,0.1,1,button-press-v3,background_shift,0.7666666666666667,0.42652186808509857,0.05506373639622878,60,50.51431391902004,27.552265696707327,3.556982206454312,60,105.2,52.827766196915164,6.820035289933052,60,0.022254611029171492,0.011617782787252132,0.0014998493084960897,60,0.7753103705547469,0.0265589746632202,0.003428748885433219,60,8.138854910308235e-06,3.7429371561834343e-05,4.832111090599797e-06,60,-0.47885837856722646,0.04473388362020147,0.005775119542407368,60,0.4788583899808791,0.04473388623602627,0.005775119880108898,60,-0.9066019422711455,0.4878094410139882,0.06297592803899751,60,0.012082755869110421,0.0011827635720491694,0.00015269412056824098,60,4.170671223725205,2.8422835396500865,0.3669372271421418,60,0.0014825244070232032,0.0006626168017515007,8.554346127002611e-05,60,0.65,0.8666666666666667
bc_plus_de_vjepa_value_planner,value_score,0.1,1,button-press-v3,background_shift,0.7666666666666667,0.42652186808509857,0.05506373639622878,60,50.50505938528463,27.557600966392016,3.5576709868088563,60,105.18333333333334,52.836649987682826,6.82118218238953,60,0.02226979509414181,0.011613962990855004,0.0014993561749016904,60,0.7753150964480805,0.026568445669173005,0.0034299715870441203,60,3.848642317784487e-06,2.457558631308113e-05,3.172694550461538e-06,60,-0.48139838471280305,0.0429081441756889,0.005539417593636996,60,0.48139838969806925,0.04290814479957871,0.0055394176741808245,60,-0.9064182472730101,0.48803558674233766,0.06300512332698796,60,0.010569028717845482,0.0016327018587670977,0.00021078090361089543,60,3.627852523058098,1.1450220863269018,0.14782171571279207,60,0.0011686530010180734,0.00026182018017256655,3.380083991697918e-05,60,0.65,0.8666666666666667
bc_plus_vjepa_value_planner,value_score,0.3,1,button-press-v3,background_shift,0.7666666666666667,0.42652186808509857,0.05506373639622878,60,50.505080029001924,27.557640938780665,3.557676147222041,60,105.18333333333334,52.836649987682826,6.82118218238953,60,0.022269844649152482,0.01161400771570141,0.0014993619488545334,60,0.7753203124588233,0.026571026776163863,0.0034303048065237995,60,0.0,0.0,0.0,60,-0.4788232984953152,0.04472555493793073,0.005774044314149686,60,0.4788232984953152,0.04472555493793073,0.005774044314149686,60,-0.9063998028507915,0.4880027345592984,0.0630008821283947,60,0.012082951833943553,0.0011834293084737914,0.00015278006677109179,60,4.170884485253819,2.842294348927359,0.36693862261383714,60,0.0014825803855628948,0.0006626359253355656,8.55459301141129e-05,60,0.65,0.8666666666666667
bc_plus_de_vjepa_value_planner,value_score,0.3,1,button-press-v3,background_shift,0.7666666666666667,0.42652186808509857,0.05506373639622878,60,50.505080029001924,27.557640938780665,3.557676147222041,60,105.18333333333334,52.836649987682826,6.82118218238953,60,0.022269844649152482,0.01161400771570141,0.0014993619488545334,60,0.7753203124588233,0.026571026776163863,0.0034303048065237995,60,0.0,0.0,0.0,60,-0.48139391520553265,0.042896451237061727,0.005537908041751287,60,0.48139391520553265,0.042896451237061727,0.005537908041751287,60,-0.9063998028507915,0.4880027345592984,0.0630008821283947,60,0.010568969091004184,0.0016327965832944995,0.00021079313249479893,60,3.628019663528709,1.1453278223179388,0.14786118605951282,60,0.0011686366459055032,0.0002618283150047141,3.380189011929357e-05,60,0.65,0.8666666666666667
bc_only,bc_only,0.0,0,drawer-open-v3,clean,1.0,0.0,0.0,60,373.254344910778,36.68423737326961,4.735914680499763,60,93.1,6.547609215635732,0.8452927149877132,60,0.02764590732836403,0.0012702862952139124,0.00016399325554263336,60,1.186722126512129,0.02320279042695503,0.002995467363637924,60,0.0,0.0,0.0,60,,,,0,,,,0,-8.301665975987321,0.5632385990937743,0.07271379047437945,60,,,,0,,,,0,,,,0,1.0,1.0
bc_plus_vjepa_value_planner,value_score,0.0,1,drawer-open-v3,clean,0.2,0.4033755872716886,0.05207556439232955,60,304.4833251929086,116.7116186838434,15.067405182381195,60,183.88333333333333,35.47789556112831,4.580176622224532,60,0.15230822633733734,0.06585746355558168,0.008502161985807659,60,1.0665641833733717,0.05440146950970533,0.007023199514009977,60,0.1484935308340997,0.004308202722356315,0.0005561865798590488,60,-0.5377022715517772,0.0657086129632902,0.008482945456973723,60,0.5377022715517772,0.0657086129632902,0.008482945456973723,60,-6.608573307930974,1.8414566016752019,0.23773102503505872,60,0.008931591116881644,0.0030886854672704835,0.0003987475792137152,60,46.36799441417822,76.58882786188363,9.887575160487396,60,0.007850026491542225,0.005781554583000846,0.0007463954871717147,60,0.1,0.3
bc_plus_de_vjepa_value_planner,value_score,0.0,1,drawer-open-v3,clean,0.2,0.4033755872716886,0.05207556439232955,60,294.4916593147549,115.05652654877798,14.85373370652962,60,184.4,33.91724724998993,4.378697791613677,60,0.15370936128362192,0.0665206664140527,0.008587781106674838,60,1.0667992632279275,0.042842329136270285,0.0055309209085837195,60,0.14968768269884766,0.004804297145280375,0.0006202320944634242,60,-0.5102857149005698,0.04729348593058703,0.0061055627797752775,60,0.5102857149005698,0.04729348593058703,0.0061055627797752775,60,-6.696514901485042,1.6826853314940442,0.21723374219279798,60,0.008272844689835118,0.0027399524438598993,0.0003537263394823234,60,37.57378268587051,50.978322860124884,6.581273181828284,60,0.006722785994496244,0.004301724586563004,0.0005553502561243167,60,0.11666666666666667,0.3
bc_plus_vjepa_value_planner,value_score,0.01,1,drawer-open-v3,clean,0.3,0.4621247905424446,0.059660053921349286,60,322.8226122503334,115.21687185847844,14.874434197000033,60,176.33333333333334,41.210771451355036,5.320287717181937,60,0.13150235804479235,0.07477856856408345,0.009653871690064155,60,1.0724351724657395,0.0609518960928096,0.007868855949573882,60,0.12500798101949961,0.010649299517047987,0.0013748186559433846,60,-0.5436071991055257,0.053692243353429765,0.006931638810944978,60,0.543780692565756,0.053692701147187376,0.006931697911864952,60,-6.943112664080976,1.8421942610290152,0.23782625644814182,60,0.00844356713858278,0.003177264182859956,0.00041018304222393084,60,46.32720218375939,76.35620301560091,9.857543421968495,60,0.007214198115346862,0.006300576445271321,0.000813400921468085,60,0.2,0.4166666666666667
bc_plus_de_vjepa_value_planner,value_score,0.01,1,drawer-open-v3,clean,0.3,0.4621247905424446,0.059660053921349286,60,316.48150643629344,129.8689358549371,16.766007525195022,60,174.16666666666666,41.17147550768889,5.315214632668854,60,0.13665282661190778,0.07358280479899798,0.00949949925179168,60,1.0726085273716202,0.048340177840498676,0.0062406901242985395,60,0.125683420320838,0.010148610887988008,0.0013101800318772274,60,-0.5166583449767147,0.051453815291342665,0.006642658990740089,60,0.5168334243736046,0.05144094174738216,0.006640997023361232,60,-7.144436440344886,1.7578597657797452,0.22693871992776746,60,0.007489822761908636,0.0029152484245893624,0.00037635695328306696,60,35.98138964716416,52.27583778333339,6.748781638129688,60,0.0061408243903088525,0.00480235752734332,0.0006199816908644836,60,0.18333333333333332,0.4166666666666667
bc_plus_vjepa_value_planner,value_score,0.1,1,drawer-open-v3,clean,1.0,0.0,0.0,60,364.4389868410919,53.11371650281868,6.856951315686627,60,94.16666666666667,12.760063049983257,1.6473170563047257,60,0.027703383832217484,0.0011843944870998837,0.00015290467079592416,60,1.1851183129362475,0.02042619222456482,0.002637010077072366,60,0.008764515642699299,0.004078230869452794,0.0005264973413126554,60,-0.5376702003795736,0.015492051844528421,0.002000015293081349,60,0.5377112614296552,0.01548987259606185,0.0019997339533140727,60,-8.409785439964478,0.47392455340480644,0.06118339675652009,60,0.003362711594562637,0.0003624818269995897,4.6796202642408296e-05,60,1.3101689416174074,0.30215723432407543,0.03900833121577454,60,0.0011297529171014032,0.0003623077288226299,4.677372666440928e-05,60,1.0,1.0
bc_plus_de_vjepa_value_planner,value_score,0.1,1,drawer-open-v3,clean,1.0,0.0,0.0,60,358.9771170478464,32.6138700456199,4.210432518068626,60,92.26666666666667,7.017814297494932,0.9059959300324725,60,0.027784663114436423,0.001336643767902674,0.00017255996842996626,60,1.1865111676648241,0.018861792939456466,0.002435046997804251,60,0.007924302016854963,0.002836990209243144,0.00036625386112507303,60,-0.5367065624818744,0.01288683317220622,0.0016636830087102662,60,0.5367413960019155,0.012885097242755692,0.0016634589011818633,60,-8.41175587328162,0.4794793120462862,0.06190051301354185,60,0.003169362993640497,0.0003039708174643501,3.924246379241608e-05,60,1.1750987071532228,0.23396132894243388,0.03020427768835339,60,0.0011177410133890585,0.00041084778370377976,5.3040220803698866e-05,60,1.0,1.0
bc_plus_vjepa_value_planner,value_score,0.3,1,drawer-open-v3,clean,1.0,0.0,0.0,60,372.9623624742228,36.95655941689048,4.771071305158057,60,93.03333333333333,6.574131808805481,0.8487167670425356,60,0.027585767944061246,0.0012012435674298206,0.0001550798777131494,60,1.1866202604600395,0.02322574828950762,0.002998431210948947,60,0.00018321987985500207,0.00016754140753870645,2.162950270658533e-05,60,-0.5386202557585722,0.013719242791372486,0.0017711466284520598,60,0.5386212892042845,0.01371919974465374,0.0017711410711445659,60,-8.302939646658404,0.5629009231731716,0.07267019670048248,60,0.0031604296805464935,0.0003347205282786095,4.321223438856011e-05,60,1.2256484449081364,0.18879766245902826,0.024373673416890188,60,0.0011594868586621517,0.0004351401407168573,5.617635060875801e-05,60,1.0,1.0
bc_plus_de_vjepa_value_planner,value_score,0.3,1,drawer-open-v3,clean,1.0,0.0,0.0,60,372.69555082710366,36.81984853968002,4.753422006802006,60,93.03333333333333,6.653574715682926,0.8589728022195574,60,0.027575675457896496,0.0011831953829103568,0.00015274986711071064,60,1.1867077797300252,0.023127656252467394,0.0029857675834205353,60,0.00016634543587663414,0.0001867640933833053,2.4111140778102276e-05,60,-0.5388660182095573,0.01398405284512684,0.00180533345938869,60,0.5388669534977493,0.013983965158469124,0.001805322139089856,60,-8.303107665674224,0.564304505707478,0.07285139842649568,60,0.002997624066074646,0.00028777771604567194,3.715194338848315e-05,60,1.1064955861973536,0.2215989739953959,0.028608304527360625,60,0.0010401162590257867,0.00034702112287697507,4.480023432282407e-05,60,1.0,1.0
bc_only,bc_only,0.0,0,drawer-open-v3,brightness,0.0,0.0,0.0,60,267.43372099528693,34.160390706790146,4.410087476911228,60,200.0,0.0,0.0,60,0.1900138420829033,6.471198045991357e-05,8.354280754044834e-06,60,0.7274020106966297,0.11798427565551572,0.015231704490938585,60,0.0,0.0,0.0,60,,,,0,,,,0,-6.179700331469377,1.0247518997593517,0.13229490139207936,60,,,,0,,,,0,,,,0,0.0,0.0
bc_plus_vjepa_value_planner,value_score,0.0,1,drawer-open-v3,brightness,0.03333333333333333,0.18102033471939252,0.023369624723103315,60,324.0493164827163,72.25272040302724,9.327786094636844,60,199.43333333333334,3.1642423071773553,0.40850192530209434,60,0.18441837865571203,0.029253344548696724,0.003776590541932331,60,0.8653788498636091,0.09772210613685352,0.012615869654144908,60,0.1536938455008868,0.005247797563694162,0.0006774877522818448,60,-0.45417896228238,0.0663390369812001,0.008564332847720863,60,0.45417896228238,0.0663390369812001,0.008564332847720863,60,-5.85927024387203,0.6958751929126447,0.0898371011063182,60,0.0072803599464339895,0.0011208124422681413,0.00014469626410421908,60,160.952025957147,173.8847943135035,22.44843041783004,60,0.007637256396934475,0.004700135430250819,0.0006067848748760284,60,0.0,0.08333333333333333
bc_plus_de_vjepa_value_planner,value_score,0.0,1,drawer-open-v3,brightness,0.11666666666666667,0.32373177151309335,0.041793591990281174,60,417.89679156846444,121.73374192249388,15.71575850457768,60,196.6,11.351398032318997,1.465459184511437,60,0.16598920933248917,0.053744284613026466,0.006938357308669434,60,0.860888991303264,0.11206746977028857,0.014467848135731026,60,0.15344932602731617,0.0055488166824669855,0.0007163491534117508,60,-0.4782780520682637,0.06317287355847755,0.008155582907468347,60,0.4782780520682637,0.06317287355847755,0.008155582907468347,60,-6.137222167644823,0.8448472010162024,0.10906930465419006,60,0.0064156032239483605,0.0009654384628833113,0.0001246375696178384,60,264.3139334007448,209.84445503256592,27.0908026545033,60,0.008938613984345494,0.005029038805613955,0.0006492461180524563,60,0.05,0.2
bc_plus_vjepa_value_planner,value_score,0.01,1,drawer-open-v3,brightness,0.08333333333333333,0.27871780678530217,0.03598231413236439,60,431.208535982248,162.44150447376396,20.97110805199218,60,199.53333333333333,1.7608421200526219,0.2273237402088122,60,0.17068039738645824,0.04953901790316796,0.006395459710881353,60,0.848527391619656,0.10517324640644173,0.013577807726623928,60,0.10516566720261651,0.01769538842316698,0.002284464822253241,60,-0.45754506605096495,0.05303174203659516,0.006846368457603362,60,0.4576712859957296,0.05304174462650186,0.006847659786407614,60,-6.107814355798904,0.7040331083797478,0.09089028346444682,60,0.006855168464645413,0.0008249847633274034,0.00010650507497473002,60,148.54705452258156,122.92377410803246,15.869390999112406,60,0.006644565161481534,0.0036664911613306914,0.00047334197356168196,60,0.016666666666666666,0.16666666666666666
bc_plus_de_vjepa_value_planner,value_score,0.01,1,drawer-open-v3,brightness,0.35,0.4809947319913076,0.06209615288719447,60,542.8850431347959,137.65136323700304,17.770714579988688,60,188.43333333333334,18.853913559183813,2.434029774185104,60,0.12755733745271106,0.07782167371697012,0.010046734875993757,60,0.8684533277651487,0.10374934134798229,0.013393982374024132,60,0.09996168442665021,0.015684749691773855,0.0020248924781890686,60,-0.4926877863992611,0.048068764340761634,0.006205650792151292,60,0.4928023185133327,0.04806999603928054,0.006205809803746334,60,-6.1938659126762445,0.6103889386432729,0.07880087313582056,60,0.006296932969318731,0.000790910257418924,0.00010210607517760378,60,276.2010786582166,242.75705076980165,31.339800493529005,60,0.008864723383831243,0.005361791489202734,0.0006922043047839618,60,0.23333333333333334,0.48333333333333334
bc_plus_vjepa_value_planner,value_score,0.1,1,drawer-open-v3,brightness,0.0,0.0,0.0,60,267.5653217695212,34.34510387901116,4.433933844905799,60,200.0,0.0,0.0,60,0.19001431536964994,6.412307383667699e-05,8.278253235902616e-06,60,0.7290805944794168,0.11771942082096515,0.015197511878826021,60,0.0010143637686268918,0.0016040694763164894,0.00020708447893111385,60,-0.44120304306658603,0.057687225010820575,0.0074473887251942684,60,0.4412067841943354,0.05769007979286758,0.0074477572759717725,60,-6.178158362289271,1.024522155020262,0.13226524147380025,60,0.007257195399783045,0.0007206145238613089,9.303093499833454e-05,60,137.64204977585936,107.70275106692863,13.904365374097923,60,0.0067404973015666465,0.003940215570300842,0.0005086796428080773,60,0.0,0.0
bc_plus_de_vjepa_value_planner,value_score,0.1,1,drawer-open-v3,brightness,0.0,0.0,0.0,60,267.9949250305064,34.59558188077237,4.466270415886215,60,200.0,0.0,0.0,60,0.19001428585031951,6.402564084918815e-05,8.265674691305433e-06,60,0.7281981482679646,0.11742502898818272,0.015159506056638494,60,0.00115127371899624,0.0015358105878457379,0.0001982722943218522,60,-0.44068600987208384,0.055820909861639026,0.007206448475475777,60,0.4406902259842803,0.05582463212647668,0.007206929017799991,60,-6.186102668245634,1.0139978124090634,0.13090655468503515,60,0.006592614526549924,0.0006449113880254702,8.325770218673852e-05,60,170.56163051693855,120.04973415628073,15.498354036796766,60,0.008068207283912925,0.005046390705832583,0.0006514862387381828,60,0.0,0.0
bc_plus_vjepa_value_planner,value_score,0.3,1,drawer-open-v3,brightness,0.0,0.0,0.0,60,267.43466762393945,34.16066197705239,4.410122497751495,60,200.0,0.0,0.0,60,0.1900138420829033,6.471198045991357e-05,8.354280754044834e-06,60,0.7274300994674365,0.11799127193196347,0.015232607706344171,60,6.537170421021681e-06,2.085413011006352e-05,2.692256620530622e-06,60,-0.4414321976968398,0.05794526670753627,0.007480701764994501,60,0.4414322213896861,0.05794529179025416,0.007480705003159457,60,-6.179885058661302,1.0247960211675753,0.13230059744138808,60,0.007254139847878786,0.0007238291538839478,9.344594194973118e-05,60,137.65980168309065,107.34288659226655,13.857907070189325,60,0.006767594288960589,0.0039366571406725635,0.0005082202515184448,60,0.0,0.0
bc_plus_de_vjepa_value_planner,value_score,0.3,1,drawer-open-v3,brightness,0.0,0.0,0.0,60,267.4309591857759,34.17097125797726,4.411453420195941,60,200.0,0.0,0.0,60,0.1900138420829033,6.471198045991357e-05,8.354280754044834e-06,60,0.7273752636710803,0.11798644853738108,0.015231985008781177,60,5.046992756736775e-06,1.5929129919166716e-05,2.0564418298835662e-06,60,-0.440866823029394,0.05647288312708097,0.007290617862116748,60,0.4408668395299465,0.056472900940297534,0.007290620161793117,60,-6.179659033834934,1.024916452907049,0.1323161451120993,60,0.006605901290119263,0.0006333093476505178,8.175988521493129e-05,60,169.4903910533137,120.33375918296557,15.535021510071982,60,0.008064471669900089,0.005043608130786186,0.000651127009844374,60,0.0,0.0
bc_only,bc_only,0.0,0,drawer-open-v3,background_shift,0.0,0.0,0.0,60,662.4846067298129,273.1186173740976,35.25946188763585,60,200.0,0.0,0.0,60,0.15791693752860167,0.04387957560554056,0.005664828851963594,60,0.3588248065877705,0.05577945133446082,0.007201096202631794,60,0.0,0.0,0.0,60,,,,0,,,,0,-2.020088106388847,0.36070697291223575,0.04656706996499929,60,,,,0,,,,0,,,,0,0.0,0.0
bc_plus_vjepa_value_planner,value_score,0.0,1,drawer-open-v3,background_shift,0.0,0.0,0.0,60,248.90188765593362,44.513983116245214,5.746730509419194,60,200.0,0.0,0.0,60,0.18999745039924001,1.9749122561009474e-05,2.549600759366629e-06,60,0.33814012025638174,0.040080321843380215,0.005174347300334831,60,0.1598185555490975,0.002503540286758312,0.0003232056612391427,60,-0.5093653106900553,0.037578103301098474,0.004851312275573878,60,0.5093653106900553,0.037578103301098474,0.004851312275573878,60,-2.1005506444126367,0.42111961890189337,0.05436630902560824,60,0.00999830679723523,0.0009663287094071076,0.00012475249994986113,60,89.58970445953557,25.750816485016546,3.324416113257083,60,0.008632320451472525,0.0020830350036285614,0.00026891866262068417,60,0.0,0.0
bc_plus_de_vjepa_value_planner,value_score,0.0,1,drawer-open-v3,background_shift,0.016666666666666666,0.12909944487358058,0.016666666666666666,60,341.8164375382377,106.403675767825,13.736655474134665,60,198.98333333333332,7.875066137288414,1.0166666666666666,60,0.1870719503646851,0.020756038998977603,0.0026795931125423974,60,0.3893831726240298,0.08129642746945406,0.010495323656511825,60,0.1596571788288947,0.0026293984718242474,0.0003394538830639514,60,-0.5081339920700417,0.042786021589545135,0.00552365163555931,60,0.5081339920700417,0.042786021589545135,0.00552365163555931,60,-2.1669247878359306,0.35820803366747545,0.04624445829572794,60,0.009360925532410058,0.0028448917758667194,0.0003672739489898082,60,90.94494569440151,36.34071370058269,4.691565965054949,60,0.00782470722972181,0.001491270294350444,0.0001925221671571034,60,0.0,0.05
bc_plus_vjepa_value_planner,value_score,0.01,1,drawer-open-v3,background_shift,0.0,0.0,0.0,60,655.53443745716,295.1671798912067,38.10591906885507,60,200.0,0.0,0.0,60,0.1469418111684387,0.04933826659405776,0.006369542828317581,60,0.35126140273152845,0.0864703992811286,0.01116328054519056,60,0.04159583148146819,0.018770315830313807,0.002423237353795294,60,-0.5246498117186129,0.031221534760755617,0.004030682805714749,60,0.5246819577887654,0.031230464510615095,0.004031835631464468,60,-2.0840199947108826,0.41977100428784647,0.05419220362758639,60,0.010453631420231686,0.000836136457162612,0.00010794475245825558,60,132.5592108212778,34.412586015981624,4.442645751327569,60,0.009638170459791836,0.0018355185777121366,0.00023696442943778095,60,0.0,0.0
bc_plus_de_vjepa_value_planner,value_score,0.01,1,drawer-open-v3,background_shift,0.0,0.0,0.0,60,648.6412120095307,286.52186539115814,36.98981376614129,60,200.0,0.0,0.0,60,0.15434829495574232,0.04389594820213593,0.005666942545095195,60,0.3567434365443575,0.08710716442774606,0.01124548657213372,60,0.040997971209270526,0.027048890168893572,0.0034919967052506108,60,-0.5254413798066477,0.03217399005662714,0.004153644255678665,60,0.5254744786533218,0.03217938586119694,0.0041543408510532715,60,-2.060557784815629,0.38300050392039664,0.04944515244242482,60,0.009254896684549698,0.002012627239417759,0.00025982905934627957,60,109.96174979459988,39.08480427615552,5.045826535044226,60,0.008198368512957386,0.0018553524901605395,0.000239524976524541,60,0.0,0.0
bc_plus_vjepa_value_planner,value_score,0.1,1,drawer-open-v3,background_shift,0.0,0.0,0.0,60,662.4813220069493,273.11280097664155,35.258710993953116,60,200.0,0.0,0.0,60,0.15791991643597839,0.043877624542666444,0.005664576970829632,60,0.35882702877434586,0.055778951748661085,0.0072010317063823815,60,4.1650534355220475e-06,1.8706507228209237e-05,2.4149996986854344e-06,60,-0.5236266678410272,0.028643085461927852,0.0036978064326014114,60,0.5236266729123891,0.02864308829660809,0.0036978067985570565,60,-2.020082050686081,0.3607183812713206,0.04656854277782407,60,0.010598131622304158,0.0008578590897089001,0.00011074913226117415,60,143.770766002655,41.50663157123405,5.358483094418549,60,0.009756377555948898,0.001690915572572989,0.0002182962617472655,60,0.0,0.0
bc_plus_de_vjepa_value_planner,value_score,0.1,1,drawer-open-v3,background_shift,0.0,0.0,0.0,60,662.5205532779237,273.0940817292781,35.25629434951004,60,200.0,0.0,0.0,60,0.1579153058351938,0.04388284458195127,0.005665250875003521,60,0.3588137974825998,0.05578753265941238,0.007202139497196883,60,4.917760757962241e-06,1.6667760677802785e-05,2.1517986507900343e-06,60,-0.5252198718972504,0.031111466648425144,0.004016473073514602,60,0.5252198778477808,0.03111146626070121,0.004016473023459657,60,-2.0201122740656134,0.36088893646652964,0.04659056135884586,60,0.009477391600919222,0.0018511011305706877,0.00023897612836153314,60,127.15368930522693,61.136943236666234,7.892745433121216,60,0.008506570058252635,0.0022056880359206336,0.00028475310100165203,60,0.0,0.0
bc_plus_vjepa_value_planner,value_score,0.3,1,drawer-open-v3,background_shift,0.0,0.0,0.0,60,662.4850565825733,273.11920454962797,35.259537691670864,60,200.0,0.0,0.0,60,0.1579153236414689,0.04388189999013981,0.00566512892872503,60,0.3588244209879388,0.05577979520701417,0.007201140596387539,60,9.447428359029194e-08,7.317946539801547e-07,9.447428359029194e-08,60,-0.5236282720603048,0.02864345907279585,0.0036978546655570686,60,0.5236282720901072,0.028643459046301483,0.0036978546621366606,60,-2.020084851935506,0.3607035617041845,0.04656662957993353,60,0.010598082579827505,0.0008578482862926915,0.00011074773754613888,60,143.76901111872988,41.50916688217818,5.358810401654018,60,0.009756445137914798,0.0016908847416450435,0.00021829228149158279,60,0.0,0.0
bc_plus_de_vjepa_value_planner,value_score,0.3,1,drawer-open-v3,background_shift,0.0,0.0,0.0,60,662.4850565825733,273.11920454962797,35.259537691670864,60,200.0,0.0,0.0,60,0.1579153236414689,0.04388189999013981,0.00566512892872503,60,0.3588244209879388,0.05577979520701417,0.007201140596387539,60,9.447428359029194e-08,7.317946539801547e-07,9.447428359029194e-08,60,-0.5252095231674612,0.031094647123552074,0.004014301682190451,60,0.5252095231972634,0.031094647092686122,0.004014301678205674,60,-2.020084851935506,0.3607035617041845,0.04656662957993353,60,0.009476453795873826,0.0018517322697604566,0.00023905760808057028,60,127.27809799655371,61.35290813363324,7.920626381431837,60,0.008508133104690634,0.002208030691129798,0.00028505553648868533,60,0.0,0.0
bc_only,bc_only,0.0,0,ALL,clean,0.7888888888888889,0.40923540764487487,0.030502606343125908,180,415.5806326245478,424.94115724907346,31.67324380154519,180,101.82222222222222,53.55091093597985,3.991449236996261,180,0.0541415715621809,0.059122939436837815,0.004406763720345749,180,0.8821144060444008,0.24545485947005372,0.01829512503942327,180,0.0,0.0,0.0,180,,,,0,,,,0,-5.765913894882119,2.378770829795347,0.17730310927719925,180,,,,0,,,,0,,,,0,0.7277777777777777,0.85
bc_plus_vjepa_value_planner,value_score,0.0,1,ALL,clean,0.34444444444444444,0.47651226158811877,0.03551712696743985,180,394.62493835971384,367.1296135440714,27.3642257479257,180,157.11111111111111,62.066452843633144,4.6261602560216275,180,0.11332607746550742,0.07922777761625653,0.005905289881872861,180,0.8100023379045095,0.22172128424255405,0.016526128787496795,180,0.15563477453128916,0.006245486359940729,0.0004655110684458396,180,-0.6458474359457196,0.14606483015848026,0.010887029645210775,180,0.6458474359457196,0.14606483015848026,0.010887029645210775,180,-5.569467337988733,1.8885770873623566,0.1407662249363596,180,0.006438163378858768,0.0028307262832918483,0.00021098987983786331,180,17.423736347618476,48.58832304980666,3.6215597750695863,180,0.0038330383996821407,0.004590668983371576,0.0003421682636339565,180,0.2777777777777778,0.4166666666666667
bc_plus_de_vjepa_value_planner,value_score,0.0,1,ALL,clean,0.32222222222222224,0.4686311405275253,0.03492970288642677,180,446.5096574539438,439.83976336475115,32.78372033636684,180,160.8111111111111,60.297288532280845,4.4942945339032825,180,0.11047947958041619,0.07476364812207346,0.005572553314894358,180,0.7923683178186454,0.23544790033066046,0.0175492503432984,180,0.1559884781128174,0.0058989926255286875,0.0004396849503150702,180,-0.637218723607199,0.1452895964202611,0.010829247133973798,180,0.637218723607199,0.1452895964202611,0.010829247133973798,180,-5.570733069615373,1.9171466058512865,0.14289567111721574,180,0.005783009174198693,0.0025869379180621737,0.00019281896794529337,180,14.190530942643722,33.6901144031971,2.5111128658431157,180,0.003515956625910217,0.0036088051270255165,0.0002689844527192939,180,0.25555555555555554,0.3888888888888889
bc_plus_vjepa_value_planner,value_score,0.01,1,ALL,clean,0.4,0.49126447268544166,0.0366166918618412,180,423.0324517966912,411.65132328611907,30.682678063183477,180,151.8111111111111,62.941827260338314,4.691406812738861,180,0.10026493522424271,0.07642020110799887,0.005696025484389674,180,0.8092537135655594,0.23379764456726182,0.017426247541057725,180,0.11426113082035792,0.027750928407354766,0.0020684320785858408,180,-0.6440179372200505,0.13604652085924082,0.010140308958120185,180,0.644178162919005,0.13601977445212307,0.01013831539863788,180,-5.631702325982335,1.9496736448605334,0.14532009346159785,180,0.006117885210187668,0.0027805771155929426,0.00020725198157153698,180,17.35051759188659,48.47743943222737,3.6132949981863067,180,0.003627899580371602,0.004629375034266505,0.0003450532423320108,180,0.3277777777777778,0.4666666666666667
bc_plus_de_vjepa_value_planner,value_score,0.01,1,ALL,clean,0.39444444444444443,0.49009430425575795,0.036529472656711304,180,458.4774660608846,461.639210862399,34.40855521892278,180,152.11111111111111,61.764183804152815,4.6036304520292415,180,0.09200744530712453,0.07021370502551258,0.005233420579638824,180,0.7906922371255847,0.24895828266850534,0.01855625478694619,180,0.11149277636103147,0.02970767345611577,0.0022142792433746993,180,-0.6397052248191368,0.1426678209667888,0.010633831529450317,180,0.6398613994015901,0.14263418576122414,0.010631324509247657,180,-5.754281394204936,2.0098508036483294,0.14980543405300822,180,0.005350174137831848,0.0024382150475634815,0.00018173381967049424,180,13.520905754004076,34.02932351131904,2.5363960199880404,180,0.0031913830556789145,0.003691982143401648,0.0002751841014787154,180,0.32222222222222224,0.4666666666666667
bc_plus_vjepa_value_planner,value_score,0.1,1,ALL,clean,0.7833333333333333,0.4131227312330471,0.03079235033624896,180,430.0251436673463,447.5939033380938,33.361679805948256,180,103.43888888888888,53.849382736526366,4.01369601150922,180,0.05289342407523057,0.05582600416254698,0.004161024673988042,180,0.8767382547978966,0.2517851784357718,0.018766959156976664,180,0.014641237091115913,0.009373986759734105,0.0006986957204982815,180,-0.5977446453114466,0.10901098297558595,0.008125198940916083,180,0.5978403437249276,0.10898729454964,0.008123433309892911,180,-5.8175110709658835,2.3959746349645923,0.1785854052048691,180,0.004244707382287915,0.0015811840760417218,0.00011785450263231621,180,2.055556929632448,2.7598036218381785,0.20570361676600968,180,0.001416981556712545,0.001300433525159688,9.692859208255817e-05,180,0.7222222222222222,0.8444444444444444
bc_plus_de_vjepa_value_planner,value_score,0.1,1,ALL,clean,0.7833333333333333,0.4131227312330471,0.03079235033624896,180,419.20544674470074,433.3201856695814,32.297779706000476,180,102.43333333333334,53.86420957023038,4.014801138444328,180,0.052887595175217864,0.05571872315282072,0.004153028419639951,180,0.8774835047834281,0.2515249403644194,0.01874756215638075,180,0.01253427919971849,0.008221432893984304,0.0006127894274467242,180,-0.5959062347969101,0.10753315143229535,0.008015047881246375,180,0.5959851358010895,0.10751369798405044,0.008013597906823962,180,-5.8455937252086025,2.391911619137306,0.1782825658854201,180,0.003900034634568998,0.001332089532500496,9.928809155956748e-05,180,1.835789680531672,2.1964948852616515,0.16371706252252177,180,0.0014731452835827228,0.0015146935693154558,0.00011289859286903829,180,0.7222222222222222,0.839027777777777
bc_plus_vjepa_value_planner,value_score,0.3,1,ALL,clean,0.7888888888888889,0.40923540764487487,0.030502606343125908,180,416.41243600059937,425.216160877837,31.693741361811007,180,101.98333333333333,53.4278059340581,3.9822735319073517,180,0.05410093895507883,0.05909048109318327,0.004404344418250795,180,0.8813786070119172,0.24587243365492845,0.018326249181524236,180,0.0006004262928940215,0.0013530092958457729,0.00010084735865667572,180,-0.5943430269574037,0.10506917456837342,0.007831393889155836,180,0.5943505646691372,0.10506665819434649,0.007831206329709801,180,-5.77169191311828,2.3723973471594726,0.17682805792962494,180,0.004147983996635308,0.0016450141910472704,0.00012261211850445074,180,1.9698948854441458,2.745284864694917,0.20462145250197153,180,0.0013727357677935138,0.001209456047581474,9.014753127301319e-05,180,0.7277777777777777,0.8444444444444444
bc_plus_de_vjepa_value_planner,value_score,0.3,1,ALL,clean,0.7888888888888889,0.40923540764487487,0.030502606343125908,180,416.05067152838245,425.27978813561884,31.698483857598408,180,101.86111111111111,53.50891575987726,3.9883191013798456,180,0.05407834089077245,0.05908004124867291,0.004403566278184139,180,0.8815738189758617,0.24590100011401123,0.01832837839967042,180,0.00046345593928781516,0.0010997451769254101,8.197016578442501e-05,180,-0.5930862787602666,0.10444649831150868,0.00778498234121168,180,0.5930913725856738,0.10444507667552225,0.0077848763787215156,180,-5.7709064170472075,2.3783735543465134,0.17727349811355314,180,0.003888147412314279,0.0014424814175147244,0.00010751621686143931,180,1.8556351509141402,2.321743830064788,0.17305256767885285,180,0.0014659361806687399,0.001576434648630432,0.00011750050121412138,180,0.7333333333333333,0.8444444444444444
bc_only,bc_only,0.0,0,ALL,brightness,0.11666666666666667,0.3219181338728856,0.023994361017654994,180,356.25377775576544,347.83073627722644,25.925772365989346,180,187.9611111111111,33.24420626447838,2.4778768355132668,180,0.16163832934426428,0.0859134938479032,0.00640361374761405,180,0.8106157829344033,0.10889745362975332,0.008116736963091988,180,0.0,0.0,0.0,180,,,,0,,,,0,-4.379386243633647,1.741779022258734,0.1298245431851216,180,,,,0,,,,0,,,,0,0.07222222222222222,0.16666666666666666
bc_plus_vjepa_value_planner,value_score,0.0,1,ALL,brightness,0.2611111111111111,0.4404655851703161,0.032830366339668335,180,357.7140617008986,323.644521721414,24.123038370482963,180,172.8,47.72563580350881,3.5572588642014495,180,0.1394175456855782,0.08460301084905929,0.006305936111988292,180,0.7841167334022026,0.09729875965690786,0.007252221357308669,180,0.15761362012273203,0.004801428376801026,0.0003578773413207856,180,-0.564139016360544,0.10928301487802812,0.008145475001779725,180,0.564139016360544,0.10928301487802812,0.008145475001779725,180,-4.3921617178427965,1.5025776615621715,0.11199552642418961,180,0.007850884664580239,0.0011766308434338448,8.770088501136629e-05,180,56.24157342368971,124.43124303973109,9.274557265387875,180,0.004543128030904352,0.00359020273522236,0.0002675979122987625,180,0.19444444444444445,0.3277777777777778
bc_plus_de_vjepa_value_planner,value_score,0.0,1,ALL,brightness,0.2222222222222222,0.4168993763562226,0.03107384484365941,180,436.0298420985008,382.123176297005,28.48177993260798,180,180.7722222222222,39.39157817082645,2.936074884365492,180,0.13425914448235957,0.08131442647902908,0.0060608195052839296,180,0.7974973930686464,0.09698094605379684,0.00722853292995099,180,0.15751002451348764,0.004983309122751339,0.0003714339317122279,180,-0.5937781690059587,0.1023426976633641,0.0076281742991996995,180,0.5937781690059587,0.1023426976633641,0.0076281742991996995,180,-4.515295566073739,1.5668517179586652,0.1167862317339301,180,0.00702721451686275,0.0009155644445490734,6.824214452645217e-05,180,90.98708612204824,172.10720847229328,12.82811391872585,180,0.004569679694938142,0.004264947322849728,0.0003178904044782578,180,0.16652777777777777,0.2833333333333333
bc_plus_vjepa_value_planner,value_score,0.01,1,ALL,brightness,0.26666666666666666,0.4434501603255291,0.033052823437368775,180,420.06341040394926,375.037261997461,27.953627064057375,180,174.91666666666666,45.56901267529414,3.3965136669835747,180,0.13737913258774662,0.08723836122758344,0.006502363531685285,180,0.789624359723748,0.09262161767580061,0.006903607776969542,180,0.10874212676779962,0.014656376503571903,0.0010924218055272487,180,-0.5680332741073724,0.10153309102182291,0.007567829783015653,180,0.5681674996614546,0.10153562165130495,0.007568018405000577,180,-4.424579247404896,1.6200074281607877,0.12074822444740427,180,0.0077518512156652,0.0011847424707208485,8.830549001209571e-05,180,51.899163055995366,98.38430932497523,7.333133452333702,180,0.004165660979443436,0.0028377452130761336,0.00021151303997542865,180,0.20555555555555555,0.3333333333333333
bc_plus_de_vjepa_value_planner,value_score,0.01,1,ALL,brightness,0.37777777777777777,0.48618404170482804,0.03623801889425294,180,461.83495596958284,379.98254508540043,28.3222267024778,180,167.81666666666666,47.34344680425436,3.5287721781152643,180,0.1193997579497437,0.09204212464228556,0.006860414916455301,180,0.8159196673244202,0.08941266604891683,0.006664426644495519,180,0.09954303243523345,0.01398590482991689,0.0010424477975512266,180,-0.5845427532701133,0.08715011093037288,0.0064957857428987065,180,0.5846583213969708,0.08715122672984862,0.006495868909681274,180,-4.469850182764507,1.641229340359741,0.122330012390384,180,0.007055610983671591,0.0009605007547730311,7.159149933707843e-05,180,95.02915647706125,189.5500244711676,14.128224661809313,180,0.00458534233078084,0.004350436996684464,0.0003242624285472163,180,0.3111111111111111,0.45
bc_plus_vjepa_value_planner,value_score,0.1,1,ALL,brightness,0.11666666666666667,0.3219181338728856,0.023994361017654994,180,356.7255601166328,348.46230669911427,25.972846845853326,180,187.95555555555555,33.25822823753078,2.4789219716773947,180,0.16118811544960074,0.08579345172670176,0.006394666336175061,180,0.8103889732481685,0.10795559823881412,0.008046535207121498,180,0.001279499932830876,0.001462738141459026,0.00010902606391946951,180,-0.5707688147847512,0.11095882631851924,0.008270382611726725,180,0.5707735150845824,0.11095917483104699,0.008270408588316826,180,-4.381119218343665,1.7387875783701192,0.12960157412226098,180,0.007853519533559752,0.0010769059409336413,8.026782964336651e-05,180,48.34179106092399,88.5234979210953,6.598151965254346,180,0.004362971728233343,0.0029725199467008135,0.00022155855550990236,180,0.07222222222222222,0.16666666666666666
bc_plus_de_vjepa_value_planner,value_score,0.1,1,ALL,brightness,0.11666666666666667,0.3219181338728856,0.023994361017654994,180,356.76875009306707,348.2305723705267,25.95557438880526,180,187.88888888888889,33.43682258983031,2.4922336087487045,180,0.16113653411439033,0.08610689119130374,0.0064180287344977665,180,0.8104036855316017,0.10860658480737889,0.00809505688111317,180,0.0010623050430837372,0.0014567048579683848,0.00010857636951904949,180,-0.5708812442915998,0.10942739823431404,0.00815623670176222,180,0.57088526319984,0.1094288739155851,0.008156346692550063,180,-4.384059792947865,1.7390849259278145,0.12962373710065933,180,0.006984526335648018,0.000879042734855226,6.551997700878696e-05,180,59.84873544510832,104.47630847267504,7.787204259437954,180,0.00440107557545887,0.00393054991126875,0.00029296589301842306,180,0.07222222222222222,0.16666666666666666
bc_plus_vjepa_value_planner,value_score,0.3,1,ALL,brightness,0.11666666666666667,0.3219181338728856,0.023994361017654994,180,356.24943804493233,347.83216762196395,25.92587905212709,180,187.95555555555555,33.25923607970927,2.4789970917981177,180,0.1616464675037534,0.08589857121617248,0.006402501480315614,180,0.8106154153312032,0.10889032623425193,0.0081162057183972,180,6.803776354412611e-06,2.385210159890997e-05,1.7778306860464704e-06,180,-0.5705544879603885,0.11068053220727951,0.008249639793377728,180,0.5705545124213164,0.11068053411945676,0.008249639935903004,180,-4.379189317453802,1.742099413656045,0.12984842374991473,180,0.007850221722061587,0.0010776950404652642,8.03266456498239e-05,180,48.35296403225486,88.38250804347635,6.587643200237835,180,0.00437738321998346,0.0029762050260385984,0.00022183322510662792,180,0.07222222222222222,0.16666666666666666
bc_plus_de_vjepa_value_planner,value_score,0.3,1,ALL,brightness,0.11666666666666667,0.3219181338728856,0.023994361017654994,180,356.2502046869148,347.8348931153741,25.926082198411667,180,187.95555555555555,33.25923607970927,2.4789970917981177,180,0.16164462757499137,0.08590191073507354,0.006402750393358112,180,0.8106003365696652,0.10890401969982651,0.00811722636905961,180,5.401114512141939e-06,2.4048576857656946e-05,1.7924750871949738e-06,180,-0.570609509779283,0.10920748354863767,0.008139845228881459,180,0.5706095319327721,0.10920749349976665,0.008139845970594821,180,-4.379121312544672,1.7420403738099997,0.1298440231796101,180,0.006991025151415803,0.0008820174722516263,6.574170084323903e-05,180,59.486492190344194,104.20718924522002,7.767145296549899,180,0.004401394381756384,0.003927668557072402,0.00029275112955674674,180,0.07222222222222222,0.16111111111111112
bc_only,bc_only,0.0,0,ALL,background_shift,0.3055555555555556,0.46192725033909277,0.03443002441392581,180,470.11653243348275,380.53881872876974,28.363688891833306,180,160.98333333333332,59.32567769119501,4.4218749376251605,180,0.13993201109637365,0.10702432354359195,0.007977122089646758,180,0.6015376547687941,0.18306497116200876,0.013644857327243009,180,0.0,0.0,0.0,180,,,,0,,,,0,-1.9444257571148824,0.9038594578484118,0.06736970632850516,180,,,,0,,,,0,,,,0,0.24430555555555555,0.37777777777777777
bc_plus_vjepa_value_planner,value_score,0.0,1,ALL,background_shift,0.14444444444444443,0.3525204098409598,0.026275319995349062,180,329.2812646519365,318.30896063758803,23.725349127765053,180,182.17777777777778,43.686178420391435,3.256175487505988,180,0.1639224264009819,0.10889894835924195,0.00811684837365014,180,0.5547386016114035,0.17380126654530959,0.012954381552362408,180,0.16007866071932358,0.00268584032677641,0.0002001907182460767,180,-0.5028153467140751,0.050573124601626544,0.0037694981481267973,180,0.5028153467140751,0.050573124601626544,0.0037694981481267973,180,-2.094405403188167,0.880350517157954,0.06561745334640934,180,0.011781687634059956,0.0018552866049152002,0.00013828489887783942,180,32.21681953975594,43.31019512803208,3.2281513475019974,180,0.003893746428401565,0.0035972281705336025,0.00026812155732967803,180,0.09444444444444444,0.19444444444444445
bc_plus_de_vjepa_value_planner,value_score,0.0,1,ALL,background_shift,0.20555555555555555,0.40523422046102,0.030204375458665892,180,354.57629602002606,303.8040550060966,22.64421729445724,180,175.45555555555555,49.222141793164525,3.6688018349216422,180,0.16831001900572232,0.11488371885401824,0.008562926828851966,180,0.5823808582024043,0.1689472608759031,0.012592585331030332,180,0.15997799792539982,0.0028771483636020833,0.000214449977412218,180,-0.4990276329626584,0.05158766454362299,0.0038451174906665555,180,0.4990276329626584,0.05158766454362299,0.0038451174906665555,180,-2.02391857077582,0.7891276448254255,0.058818101891798716,180,0.010836539534029844,0.002677233948135657,0.00019954923665671583,180,32.761581895185294,46.24768684671565,3.4470990530459695,180,0.003502341896922026,0.0031998730055969433,0.00023850445199604433,180,0.15,0.26666666666666666
bc_plus_vjepa_value_planner,value_score,0.01,1,ALL,background_shift,0.29444444444444445,0.45706401177823885,0.034067540013496884,180,470.50138130260586,387.6373718668799,28.892783803790266,180,162.65,58.34366255981754,4.34867985133538,180,0.13751009108655912,0.10659727415556802,0.007945291707601053,180,0.5801261330314781,0.1792816112991473,0.013362862332686257,180,0.037087485030091065,0.019662304755859207,0.001465541667613953,180,-0.48659982146389225,0.04938054019541619,0.0036806081547537117,180,0.4866285768886094,0.04939075731795815,0.0036813696941049873,180,-1.98267308501411,0.9107426556990011,0.0678827496050551,180,0.012293493488277995,0.0019641094574589456,0.00014639607540428113,180,46.57418500774125,64.11525715537218,4.778869113143066,180,0.004241286695781109,0.003999324976652533,0.0002980920837302607,180,0.23333333333333334,0.36666666666666664
bc_plus_de_vjepa_value_planner,value_score,0.01,1,ALL,background_shift,0.28888888888888886,0.45451046645997445,0.03387720998298804,180,467.86637484182904,382.289647228026,28.49418794320934,180,163.26111111111112,58.12454013888024,4.332347430381709,180,0.14220681243849387,0.1091276500970449,0.008133894794726797,180,0.5852246350154052,0.17937774311725677,0.013370027575356038,180,0.03357500051985528,0.023601119946924123,0.0017591236182149521,180,-0.487403235694527,0.04903436232976673,0.0036548055800904454,180,0.4874286596033588,0.049041297474492755,0.003655322495258485,180,-1.9704121273677035,0.9050921785662126,0.06746158790591432,180,0.01081189305652518,0.0023694536035540103,0.00017660864423595346,180,39.04065331724314,55.077238675281116,4.105214989696968,180,0.0036107479344426804,0.0034358409370620928,0.00025609246317158054,180,0.22777777777777777,0.3556944444444437
bc_plus_vjepa_value_planner,value_score,0.1,1,ALL,background_shift,0.3055555555555556,0.46192725033909277,0.03443002441392581,180,470.11845942626417,380.53414865685784,28.363340805224812,180,160.98888888888888,59.317815433550955,4.421288919540203,180,0.13992637262045224,0.10702920270880986,0.007977485761150116,180,0.6015319877993828,0.18305903003274648,0.013644414501613222,180,4.8142011736562976e-06,2.4756867999011156e-05,1.8452679918592713e-06,180,-0.4831093916548751,0.048532132946438065,0.003617371612043089,180,0.4831093977674502,0.04853213511574339,0.0036173717737335615,180,-1.9444886224989855,0.9037460944674669,0.06736125672097341,180,0.012366133059256833,0.0019389228242849073,0.00014451877460756443,180,50.332486574619516,70.43324991358118,5.2497844894332895,180,0.004280682957171611,0.004032191899129291,0.000300541839492569,180,0.2388888888888889,0.37222222222222223
bc_plus_de_vjepa_value_planner,value_score,0.1,1,ALL,background_shift,0.3055555555555556,0.46192725033909277,0.03443002441392581,180,470.12742724801916,380.53777615022534,28.363611182616737,180,160.98333333333332,59.32567769119501,4.4218749376251605,180,0.1399288638011204,0.10702141879859191,0.007976905582737512,180,0.6015330717630352,0.18306910999334838,0.013645165817517102,180,3.736130351036632e-06,1.7937014813719202e-05,1.336946147896562e-06,180,-0.483995117438471,0.04904086430543962,0.003655290208743533,180,0.48399512172117504,0.0490408658096,0.0036552903208570287,180,-1.9444294389313193,0.9038670979557489,0.06737027578848385,180,0.01090012622946461,0.0022502090297115912,0.00016772067846729873,180,44.67953123801863,68.21253279272727,5.084262008065725,180,0.003695422442823183,0.0036506234304387783,0.0002721014050238194,180,0.2388888888888889,0.37222222222222223
bc_plus_vjepa_value_planner,value_score,0.3,1,ALL,background_shift,0.3055555555555556,0.46192725033909277,0.03443002441392581,180,470.1166823844029,380.5390338602764,28.363704926789072,180,160.98333333333332,59.32567769119501,4.4218749376251605,180,0.13993147313399604,0.10702454676106389,0.007977138727294794,180,0.6015375262355168,0.18306517706274447,0.01364487267417773,180,3.1491427863430646e-08,4.2250184046697147e-07,3.149142786343065e-08,180,-0.4830984040695473,0.0485312721057147,0.003617307448763914,180,0.4830984040794814,0.04853127210890317,0.0036173074490015687,180,-1.9444246722971021,0.9038589178290275,0.06736966607783673,180,0.012366208798810351,0.0019390315301798969,0.00014452687706658949,180,50.3319074949555,70.43295703074324,5.249762659235454,180,0.0042807438162358324,0.004032192244537899,0.00030054186523780657,180,0.2388888888888889,0.3668055555555548
bc_plus_de_vjepa_value_planner,value_score,0.3,1,ALL,background_shift,0.3055555555555556,0.46192725033909277,0.03443002441392581,180,470.1166823844029,380.5390338602764,28.363704926789072,180,160.98333333333332,59.32567769119501,4.4218749376251605,180,0.13993147313399604,0.10702454676106389,0.007977138727294794,180,0.6015375262355168,0.18306517706274447,0.01364487267417773,180,3.1491427863430646e-08,4.2250184046697147e-07,3.149142786343065e-08,180,-0.48399279130815576,0.04902981955949207,0.0036544669819857686,180,0.4839927913180899,0.049029819561437656,0.003654466982130784,180,-1.9444246722971021,0.9038589178290275,0.06736966607783673,180,0.010899938097699664,0.002250631979613404,0.0001677522032916831,180,44.72099636368663,68.3267999426745,5.09277897856163,180,0.003695946708302925,0.003651779114770308,0.0002721875446480138,180,0.2388888888888889,0.37236111111111037
