method,planner_score,planner_alpha,planning_horizon,task,visual_condition,success_mean,success_std,success_stderr,success_count,return_mean,return_std,return_stderr,return_count,episode_length_mean,episode_length_std,episode_length_stderr,episode_length_count,final_distance_to_goal_mean,final_distance_to_goal_std,final_distance_to_goal_stderr,final_distance_to_goal_count,mean_action_norm_mean,mean_action_norm_std,mean_action_norm_stderr,mean_action_norm_count,mean_action_deviation_from_bc_mean,mean_action_deviation_from_bc_std,mean_action_deviation_from_bc_stderr,mean_action_deviation_from_bc_count,mean_selected_planner_score_mean,mean_selected_planner_score_std,mean_selected_planner_score_stderr,mean_selected_planner_score_count,mean_predicted_value_mean,mean_predicted_value_std,mean_predicted_value_stderr,mean_predicted_value_count,mean_predicted_progress_selected_mean,mean_predicted_progress_selected_std,mean_predicted_progress_selected_stderr,mean_predicted_progress_selected_count,mean_predicted_progress_bc_action_mean,mean_predicted_progress_bc_action_std,mean_predicted_progress_bc_action_stderr,mean_predicted_progress_bc_action_count,mean_policy_entropy_mean,mean_policy_entropy_std,mean_policy_entropy_stderr,mean_policy_entropy_count,mean_prediction_latent_mse_mean,mean_prediction_latent_mse_std,mean_prediction_latent_mse_stderr,mean_prediction_latent_mse_count,mean_decision_kl_mean,mean_decision_kl_std,mean_decision_kl_stderr,mean_decision_kl_count,mean_action_mse_mean,mean_action_mse_std,mean_action_mse_stderr,mean_action_mse_count,success_ci_low,success_ci_high
bc_only,bc_only,0.0,0,reach-v3,clean,0.43333333333333335,0.4997174342809081,0.06451324335931521,60,750.1642100942728,474.98695166939643,61.320551782713316,60,133.9,76.46328464240264,9.871367600544758,60,0.12326768518201923,0.0772569289546161,0.00997382664067859,60,0.6136449071761821,0.08281736703965856,0.010691676110711488,60,0.0,0.0,0.0,60,,,,0,,,,0,,,,0,,,,0,-6.226228050367404,0.7265870464278171,0.0938019843461657,60,,,,0,,,,0,,,,0,0.31666666666666665,0.5666666666666667
bc_plus_vjepa_value_planner,value_score,0.0,1,reach-v3,clean,0.36666666666666664,0.48596110141697085,0.06273730842308473,60,826.1461202380196,440.58554845111547,56.879349724361035,60,147.31666666666666,70.9608370545347,9.161004671505035,60,0.13763882459994345,0.0856956150310033,0.011063256328602592,60,0.5544355215409785,0.12081526753378548,0.015597183970864825,60,0.15962277893104246,0.003727648342508457,0.0004812373317017645,60,-0.6506617622811856,0.12376611475735665,0.01597813670933461,60,0.6506617622811856,0.12376611475735665,0.01597813670933461,60,0.6506617622811856,0.12376611475735665,0.01597813670933461,60,0.649739565612159,0.1240026019409164,0.01600866707345189,60,-6.656366460649204,0.9796423205533423,0.12647127975810274,60,0.0050377275189442995,0.0018684487765327376,0.0002412156998250972,60,4.0367096361669175,4.0565617729229135,0.5236998729797359,60,0.0022911731255955666,0.002015231885071441,0.00026016531765426235,60,0.25,0.5
bc_plus_de_vjepa_value_planner,value_score,0.0,1,reach-v3,clean,0.4166666666666667,0.4971671160112441,0.06418399868645064,60,791.1262293468083,419.275781179044,54.12827059915141,60,141.73333333333332,71.65758187064381,9.250954040483267,60,0.13584511134430616,0.08455255984208859,0.010915688538253837,60,0.5453119386084311,0.12370349378600351,0.015970052376695475,60,0.1591083656722309,0.004929497248611121,0.0006363953583015385,60,-0.6211994323410892,0.12718512597065593,0.016419529158988092,60,0.6211994323410892,0.12718512597065593,0.016419529158988092,60,0.6211994323410892,0.12718512597065593,0.016419529158988092,60,0.6203834260097776,0.12731928317108696,0.016436848779089533,60,-6.672698147904487,0.8931972809497003,0.11531127313319788,60,0.0042719610943937735,0.0014332227670490658,0.00018502826360621146,60,3.559246515953052,3.5780088944673483,0.4619189620284683,60,0.0023729664350254755,0.0023118652693532226,0.0002984605228960118,60,0.3,0.55
bc_plus_vjepa_value_planner,value_score,0.01,1,reach-v3,clean,0.35,0.48099473199130766,0.06209615288719448,60,865.7014098972098,472.96190192612255,61.059118985015274,60,148.06666666666666,71.89938041426227,9.28217009823565,60,0.13315806591259596,0.0789071130609423,0.010186864492744509,60,0.5385537878271083,0.13683099656800582,0.01766480569842836,60,0.1308519460492873,0.015087922221676948,0.0019478423831142543,60,-0.6543463998510456,0.1340478224213084,0.017305499461103217,60,0.6545379278398229,0.1340330308269505,0.01730358987448282,60,0.6545379278398229,0.1340330308269505,0.01730358987448282,60,0.6536557233420336,0.1342189281442521,0.017327589114949943,60,-6.504643322334592,0.9900660964048883,0.12781698343402398,60,0.0052636809959932165,0.002026450622105835,0.0002616136503775853,60,4.045359951661954,4.021088965879365,0.5191203532823061,60,0.002245125764990525,0.0018455486567934129,0.00023825930707921185,60,0.23333333333333334,0.4666666666666667
bc_plus_de_vjepa_value_planner,value_score,0.01,1,reach-v3,clean,0.38333333333333336,0.4903014177279001,0.06329764084940143,60,832.0013373062974,425.36880907811906,54.91487711852125,60,144.93333333333334,71.0835904844303,9.176852071160885,60,0.1374909903622617,0.07875279040332096,0.010166941523314179,60,0.5255733869942373,0.11729056032358551,0.015142146226686103,60,0.13039715352577455,0.011103807866514895,0.0014334954315499697,60,-0.6395875003436744,0.11504568548706451,0.014852334131480571,60,0.6397747262165391,0.11503079132034448,0.014850411302825162,60,0.6397747262165391,0.11503079132034448,0.014850411302825162,60,0.6390053493116866,0.11517595800775429,0.014869152241583904,60,-6.631740824109616,0.8422498684481386,0.10873399046150095,60,0.004438011350475471,0.0015827344531136453,0.00020433013927926173,60,3.623432675392389,3.2532007576995503,0.4199864118813236,60,0.0024982638421649885,0.002203418337482336,0.00028446008419323734,60,0.26666666666666666,0.5
bc_plus_vjepa_value_planner,value_score,0.1,1,reach-v3,clean,0.43333333333333335,0.49971743428090815,0.06451324335931521,60,779.193344975967,478.14626736609904,61.728417685338016,60,135.16666666666666,74.9981167371841,9.682215237334459,60,0.12000317646342977,0.07495353871380946,0.00967646023926323,60,0.5865250946472678,0.09818275512185819,0.01267533918239059,60,0.023115083449211538,0.014653824477509934,0.0018918006053214192,60,-0.6516288272426352,0.1332773465467272,0.017206031453406302,60,0.6518145063601438,0.13320183008343284,0.01719628231991618,60,0.6518145063601438,0.13320183008343284,0.01719628231991618,60,0.6515168052431854,0.13332758117267207,0.017212516715729216,60,-6.36203740451002,0.7730100304239172,0.09979516580943734,60,0.0055325183247521255,0.002082466453285247,0.00026884526308697953,60,3.7748932942986575,3.910883919400655,0.5048929429596375,60,0.002042745088513065,0.0019251961373204635,0.0002485417526008334,60,0.31666666666666665,0.55
bc_plus_de_vjepa_value_planner,value_score,0.1,1,reach-v3,clean,0.4666666666666667,0.5030977485864635,0.06494964005966064,60,728.3272496652044,457.40574847018485,59.05082820948548,60,129.73333333333332,76.03742759641614,9.816389692312399,60,0.11863591837809936,0.07585793248787617,0.009793216973442365,60,0.6010520528649275,0.08218539385791176,0.010610088723772986,60,0.018006123473033986,0.013666452184682633,0.0017643313904338602,60,-0.639257102291692,0.13503175871320383,0.01743252509017789,60,0.6393922469809666,0.1349706404448622,0.01742463475566335,60,0.6393922469809666,0.1349706404448622,0.01742463475566335,60,0.6391872261396363,0.13506611972505161,0.017436961077732734,60,-6.31724118150527,0.7155837994330622,0.09238147126733594,60,0.004930736917506756,0.0018521070399152167,0.000239105990699505,60,3.4063886358850715,3.399848244817042,0.43891852106029733,60,0.002117838263617045,0.002239889859218357,0.0002891685374030524,60,0.3333333333333333,0.5837499999999978
bc_plus_vjepa_value_planner,value_score,0.3,1,reach-v3,clean,0.45,0.501692052213544,0.06476816543825592,60,733.069238393378,458.8161973479892,59.23291637663259,60,131.88333333333333,76.21359184503054,9.839132399015089,60,0.12252520837156762,0.07797949625427877,0.010067109677948844,60,0.60840277590893,0.08146104290003275,0.010516575417217159,60,0.002028132648772454,0.002973080469985394,0.0003838230382395983,60,-0.6432268369513943,0.13392795263396526,0.017290024338100105,60,0.6432586085220822,0.13390703682057467,0.017287324118202302,60,0.6432586085220822,0.13390703682057467,0.017287324118202302,60,0.6432172911449714,0.133933811760561,0.01729078074809106,60,-6.279276134020292,0.7124712090182613,0.09197963757266632,60,0.0055675654069075676,0.002235880916427682,0.0002886509851142463,60,3.695345481383292,3.779598369574936,0.4879440513572144,60,0.0019368692547418666,0.001782188635429856,0.00023007956349399846,60,0.3333333333333333,0.5833333333333334
bc_plus_de_vjepa_value_planner,value_score,0.3,1,reach-v3,clean,0.45,0.501692052213544,0.06476816543825592,60,732.0179747017171,458.41348696024266,59.18092668912969,60,131.85,76.27755406564428,9.847389886189205,60,0.1225637573836832,0.07775398242624108,0.010037995967937863,60,0.6087636144105911,0.08180753294989924,0.010561307090309143,60,0.001013454758768633,0.001554926824025917,0.00020074018980078558,60,-0.6405500903104233,0.13489744233311962,0.01741518492007159,60,0.6405633646868693,0.13488989379597155,0.017414210408116165,60,0.6405633646868693,0.13488989379597155,0.017414210408116165,60,0.6405467628803578,0.13489908502902018,0.017415396991200448,60,-6.269418470640357,0.7100171816224315,0.09166282399816014,60,0.005035274800805261,0.0019296737777321261,0.00024911981349232256,60,3.423743471677578,3.3335446493401055,0.4303587636911024,60,0.002109344121908182,0.0022260054198921905,0.0002873760639936634,60,0.31666666666666665,0.5833333333333334
bc_only,bc_only,0.0,0,reach-v3,brightness,0.0,0.0,0.0,60,766.3734025155438,351.8008682486703,45.41729679694699,60,200.0,0.0,0.0,60,0.23492447947085046,0.059963045265624584,0.007741195856721517,60,0.8923807135572036,0.06340500411762498,0.008185550833792474,60,0.0,0.0,0.0,60,,,,0,,,,0,,,,0,,,,0,-4.71523877120018,0.3880086015174064,0.05009169506207149,60,,,,0,,,,0,,,,0,0.0,0.0
bc_plus_vjepa_value_planner,value_score,0.0,1,reach-v3,brightness,0.03333333333333333,0.1810203347193925,0.023369624723103312,60,569.3607025352017,286.8913523134148,37.03751432269267,60,195.51666666666668,24.35576127622852,3.144315260234552,60,0.2975330371252743,0.09637906284228838,0.012442483510375364,60,0.75416561331897,0.08304018651460834,0.010720441981234528,60,0.15982323256819012,0.002390158743623091,0.0003085681669614758,60,-0.5474395094812566,0.0480302559890862,0.006200679385326997,60,0.5474395094812566,0.0480302559890862,0.006200679385326997,60,0.5474395094812566,0.0480302559890862,0.006200679385326997,60,0.5468983266643583,0.04800713490979494,0.0061976944668256165,60,-4.6903805326802575,0.4901870874546149,0.06328288087458807,60,0.006858220032675713,0.0008582517709500751,0.00011079982719142211,60,3.990277187643679,1.7387112729611334,0.22446666013471891,60,0.0031547043419225913,0.0009980280138893384,0.00012884486256139574,60,0.0,0.08333333333333333
bc_plus_de_vjepa_value_planner,value_score,0.0,1,reach-v3,brightness,0.03333333333333333,0.1810203347193925,0.023369624723103312,60,629.1287289759204,335.73766064939286,43.34354561299119,60,194.96666666666667,27.334690609817837,3.528893383518558,60,0.25131751263208907,0.09126501744722987,0.01178226308881502,60,0.8140838852936609,0.0874636010142072,0.011291502337578488,60,0.15947141365613784,0.0027642859528243203,0.00035686778198145645,60,-0.568147375797439,0.05296608278364588,0.006837891884496796,60,0.568147375797439,0.05296608278364588,0.006837891884496796,60,0.568147375797439,0.05296608278364588,0.006837891884496796,60,0.5677686072759744,0.05294950011888589,0.006835751071681756,60,-4.591959679934713,0.435921466275007,0.05627721930458067,60,0.006311377016905025,0.0006643936116465526,8.577284644112321e-05,60,4.736604208136702,1.9242340099307707,0.2484175424889264,60,0.003039263885758525,0.0006119605123336778,7.900376242682975e-05,60,0.0,0.08333333333333333
bc_plus_vjepa_value_planner,value_score,0.01,1,reach-v3,brightness,0.016666666666666666,0.12909944487358058,0.016666666666666666,60,606.4785888657541,291.1911681462217,37.59261815976667,60,197.7,17.81572339255412,2.3000000000000003,60,0.2833548646916359,0.090979636883632,0.011745420616476826,60,0.7617301884294957,0.08108631150157669,0.010468197801699781,60,0.12386222541783881,0.010863778196077731,0.0014025077343433436,60,-0.5529620528652142,0.04929888805649242,0.0063644590809779624,60,0.5531312134969698,0.04929834062578026,0.006364388407976915,60,0.5531312134969698,0.04929834062578026,0.006364388407976915,60,0.5526674781023495,0.04929126726552895,0.006363475241095081,60,-4.669924788470872,0.45015222890780776,0.058114402860602946,60,0.006898250683248291,0.0009386869053433106,0.00012118395838992066,60,3.8736633979728823,1.8472701645083052,0.23848155276955002,60,0.0031326437844476527,0.0011550791131551162,0.00014912007229339323,60,0.0,0.05
bc_plus_de_vjepa_value_planner,value_score,0.01,1,reach-v3,brightness,0.016666666666666666,0.12909944487358058,0.016666666666666666,60,660.5384690579473,300.984895206114,38.85698288644214,60,197.45,19.752215065657825,2.55,60,0.24394121308061595,0.07082598566506022,0.00914359543198345,60,0.8260016910401272,0.0777174882756899,0.010033284593360572,60,0.09686250472558222,0.02631196052213465,0.00339685949694315,60,-0.5739535673299263,0.03944616609419068,0.005092478145151073,60,0.5740700848734812,0.039450463857247764,0.00509303298397594,60,0.5740700848734812,0.039450463857247764,0.00509303298397594,60,0.5737842586489911,0.03943686265321153,0.00509127707608525,60,-4.660829546046385,0.44850740426534963,0.05790205691234721,60,0.00636222892513011,0.0006274687546339975,8.1005867898766e-05,60,4.855254521278477,2.122310916332249,0.2739891611476334,60,0.002986014989583512,0.000687486071500523,8.875407018903623e-05,60,0.0,0.05
bc_plus_vjepa_value_planner,value_score,0.1,1,reach-v3,brightness,0.0,0.0,0.0,60,763.465389308754,348.7325706878085,45.02118128513277,60,200.0,0.0,0.0,60,0.23611098383133472,0.059830041100031074,0.007724025092777521,60,0.8898503807658951,0.06516886261055635,0.008413263986065464,60,0.0021881891319450136,0.00314824110299607,0.0004064361787249816,60,-0.5760728909211853,0.028675261322318457,0.0037019603183161684,60,0.5760819291509688,0.028678128547976557,0.0037023304755569564,60,0.5760819291509688,0.028678128547976557,0.0037023304755569564,60,0.5760708533376454,0.028674568743207562,0.0037018709067374207,60,-4.713246496071417,0.38898027541651375,0.0502171376230444,60,0.007584501677192704,0.0009539280046009317,0.00012315157584334268,60,3.6871956776631998,1.9231607873923864,0.24827899005499518,60,0.003094783712988025,0.0012833731897664215,0.00016568276636448137,60,0.0,0.0
bc_plus_de_vjepa_value_planner,value_score,0.1,1,reach-v3,brightness,0.0,0.0,0.0,60,765.7175401923239,351.5689866320008,45.38736100895857,60,200.0,0.0,0.0,60,0.2347727531581288,0.05945287959773255,0.007675333752203096,60,0.891687963783741,0.06393596404700648,0.008254097465925741,60,0.0010348199671910152,0.0023640440839418236,0.0003051967788935617,60,-0.5810857494783899,0.020041823967692662,0.0025873883484831446,60,0.5810898616872728,0.020042352507110225,0.0025874565826285454,60,0.5810898616872728,0.020042352507110225,0.0025874565826285454,60,0.5810848125033079,0.020041756889103115,0.002587379688674471,60,-4.712669429798923,0.38955219315706074,0.050290971885862366,60,0.006616087856197988,0.0006843980409821397,8.835540716336027e-05,60,4.887093065570886,1.9870606279891823,0.2565284240035518,60,0.0028960624758138033,0.0007339565297771369,9.475338055556797e-05,60,0.0,0.0
bc_plus_vjepa_value_planner,value_score,0.3,1,reach-v3,brightness,0.0,0.0,0.0,60,766.3864656133501,351.8144805801401,45.41905414138318,60,200.0,0.0,0.0,60,0.23490942116181865,0.05996358979372568,0.0077412661549970865,60,0.8923438504040242,0.06344967087125405,0.008191317286890293,60,1.1773390734256122e-05,3.5597706655933034e-05,4.595644168053519e-06,60,-0.5766367480953535,0.028585564950869155,0.003690380566554889,60,0.576636803130309,0.028585610289314733,0.0036903864197230444,60,0.576636803130309,0.028585610289314733,0.0036903864197230444,60,0.5766367392241956,0.028585560460509786,0.003690379986851987,60,-4.715200206081073,0.3880942401000967,0.05010275095555657,60,0.007596618468349285,0.0009389481958591995,0.00012121769085047264,60,3.7045990693078683,1.949055389902683,0.2516219688642965,60,0.003111290831717067,0.0012890516792903818,0.00016641585620974508,60,0.0,0.0
bc_plus_de_vjepa_value_planner,value_score,0.3,1,reach-v3,brightness,0.0,0.0,0.0,60,766.3652905292146,351.7998009086952,45.41715900394871,60,200.0,0.0,0.0,60,0.2349184779244788,0.059952142776997244,0.007739788351491987,60,0.8923510348175961,0.06342895055142174,0.008188642305102339,60,4.356858825000625e-06,1.591731192964657e-05,2.0549161339969933e-06,60,-0.5812539977443715,0.020310520746499125,0.002622076953466378,60,0.5812540138326586,0.020310511352528187,0.002622075740709945,60,0.5812540138326586,0.020310511352528187,0.002622075740709945,60,0.5812539947194358,0.020310522527769537,0.0026220771834273996,60,-4.715269640425841,0.38817630400729497,0.050113345360420024,60,0.006612092032000214,0.0006855332109114671,8.850195697107362e-05,60,4.885310187779212,1.9988045450464067,0.25804455717628083,60,0.0028868905182886134,0.0007318584088634517,9.448251431033356e-05,60,0.0,0.0
bc_only,bc_only,0.0,0,reach-v3,background_shift,0.16666666666666666,0.37582301400141443,0.048518542478298496,60,702.4175077852279,309.3071886164134,39.93138634578684,60,174.25,58.19972188179806,7.513551786736909,60,0.23297925968446506,0.09182657611913639,0.011854760001622097,60,0.6646801493360996,0.04878884654848038,0.006298613005431124,60,0.0,0.0,0.0,60,,,,0,,,,0,,,,0,,,,0,-2.938819437127366,0.22282135499935118,0.02876611323639526,60,,,,0,,,,0,,,,0,0.08333333333333333,0.26666666666666666
bc_plus_vjepa_value_planner,value_score,0.0,1,reach-v3,background_shift,0.16666666666666666,0.3758230140014145,0.0485185424782985,60,815.1524651286654,410.8434223276649,53.03965775246355,60,177.56666666666666,51.06438828980945,6.592384181023368,60,0.17816134662600802,0.07750914107687593,0.010006387085652721,60,0.5629105784438072,0.07488686164510658,0.009667852266707891,60,0.1608050636249532,0.002951609671784238,0.0003810511701108364,60,-0.5108379752258156,0.06615804174963245,0.008540966463800715,60,0.5108379752258156,0.06615804174963245,0.008540966463800715,60,0.5108379752258156,0.06615804174963245,0.008540966463800715,60,0.5106739393250602,0.06613988882220033,0.008538622930946399,60,-2.7366850527235473,0.5412780039668169,0.0698786898343958,60,0.013960276014202572,0.0014471700101629122,0.0001868288449497259,60,3.7044296625993764,1.4414385227752584,0.18608891310967987,60,0.0018199751440266664,0.0005345517782614177,6.901033782973435e-05,60,0.08333333333333333,0.26666666666666666
bc_plus_de_vjepa_value_planner,value_score,0.0,1,reach-v3,background_shift,0.16666666666666666,0.3758230140014145,0.0485185424782985,60,684.1775662964052,377.220543619615,48.69896277620258,60,175.41666666666666,55.60096684522935,7.178053954153467,60,0.2115673475569878,0.11495149503770648,0.014840174196756057,60,0.6916322109040712,0.08757950793468498,0.011306465856669175,60,0.16044591133647987,0.0028147216874854185,0.0003633790073279954,60,-0.5060931178526191,0.052238135803300056,0.006743914333436751,60,0.5060931178526191,0.052238135803300056,0.006743914333436751,60,0.5060931178526191,0.052238135803300056,0.006743914333436751,60,0.5059399219968378,0.05224278534175918,0.006744514586270742,60,-2.4850818503925733,0.4776873288182417,0.06166916897357855,60,0.013127744824815608,0.0023492742839907425,0.0003032900059189833,60,3.4095098203207503,1.8868635447345588,0.24359303617742797,60,0.00138804670460928,0.0005170673134057466,6.675310312295558e-05,60,0.08333333333333333,0.26666666666666666
bc_plus_vjepa_value_planner,value_score,0.01,1,reach-v3,background_shift,0.13333333333333333,0.34280333180088157,0.044255719836307654,60,803.3495556250432,331.4619093346102,42.791548491835265,60,179.75,52.255767664797425,6.746190596968148,60,0.22012103487304027,0.07925141401610632,0.010231313554925627,60,0.5988539756384674,0.06538510777414329,0.008441181116641135,60,0.052004268181154,0.031886846442270154,0.004116574174466184,60,-0.5061952059941831,0.0609853518056782,0.007873175063533069,60,0.5062434009387943,0.061001794623527596,0.007875297822189584,60,0.5062434009387943,0.061001794623527596,0.007875297822189584,60,0.5061614032770156,0.06097069508721728,0.007871282889316097,60,-3.0082246978278775,0.267585493634085,0.0345451386843834,60,0.014339652825420232,0.0013645453719413907,0.00017616205002244704,60,3.072411696242825,0.7898790404259335,0.10197294563626451,60,0.0015929888402679516,0.000377302770962758,4.870957828055576e-05,60,0.05,0.23333333333333334
bc_plus_de_vjepa_value_planner,value_score,0.01,1,reach-v3,background_shift,0.16666666666666666,0.37582301400141443,0.048518542478298496,60,698.5514316323921,303.4691934978246,39.177704416802364,60,174.18333333333334,58.314021823596924,7.528307845772225,60,0.23207175685885523,0.09588104402577113,0.01237818955762639,60,0.6383868006026152,0.05678712024069747,0.007331185699043314,60,0.049060724846978,0.02991305582250047,0.0038617589011572377,60,-0.494815349815097,0.06028709000608581,0.007783029852829264,60,0.49485849471355675,0.06029549176093139,0.0077841145147157925,60,0.49485849471355675,0.06029549176093139,0.0077841145147157925,60,0.49478789288920677,0.06028208625691183,0.007782383871588617,60,-2.9050152575967516,0.24871184069970137,0.03210856056781785,60,0.01268355457383951,0.0019070948806839533,0.0002462048904175457,60,3.6494407477459045,1.4235324236956397,0.18377724565864975,60,0.0015215314611849032,0.0004526693560809113,5.8439362581326814e-05,60,0.08333333333333333,0.26666666666666666
bc_plus_vjepa_value_planner,value_score,0.1,1,reach-v3,background_shift,0.16666666666666666,0.37582301400141443,0.048518542478298496,60,702.4006222289448,309.2972447152818,39.93010259367088,60,174.25,58.19972188179806,7.513551786736909,60,0.23300726887137582,0.09183139879089015,0.011855382605868315,60,0.6646470257199705,0.04879389301543126,0.006299264501513055,60,2.6753368289462918e-05,5.402154773915191e-05,6.974151824336142e-06,60,-0.4970931453639087,0.06159665808166431,0.007952094364410613,60,0.4970931899167249,0.061596699211707295,0.007952099674276328,60,0.4970931899167249,0.061596699211707295,0.007952099674276328,60,0.4970931348312712,0.061596647997145454,0.007952093062504826,60,-2.938948949291694,0.22285703002410126,0.028770718862286347,60,0.0144448617203238,0.0013180093469956319,0.0001701542750353265,60,3.198810669125004,1.1009375676321969,0.14213042882178667,60,0.0016604810393707947,0.0006118790667863124,7.899324785187746e-05,60,0.08333333333333333,0.26666666666666666
bc_plus_de_vjepa_value_planner,value_score,0.1,1,reach-v3,background_shift,0.16666666666666666,0.37582301400141443,0.048518542478298496,60,702.4276184761252,309.3185268489022,39.932850105307,60,174.25,58.19972188179806,7.513551786736909,60,0.232975521847173,0.09183027100979194,0.011855237009954597,60,0.6646432916615803,0.048786576271954665,0.006298319913991945,60,1.7981431602188474e-05,4.595547814248054e-05,5.932826717094203e-06,60,-0.4943695976042995,0.05932653859248067,0.007659023198560307,60,0.49436962746622654,0.05932654521898678,0.007659024054038568,60,0.49436962746622654,0.05932654521898678,0.007659024054038568,60,0.4943695938243717,0.05932653720620713,0.007659023019593164,60,-2.938849692325845,0.22280840142911912,0.02876444093766917,60,0.012682647708768558,0.0019059873012656407,0.00024606190252948816,60,3.402232511861155,1.2428274703796167,0.1604483364996449,60,0.0014733701484211867,0.00043375410930085147,5.5997414722374314e-05,60,0.08333333333333333,0.26666666666666666
bc_plus_vjepa_value_planner,value_score,0.3,1,reach-v3,background_shift,0.16666666666666666,0.37582301400141443,0.048518542478298496,60,702.4175077852279,309.3071886164134,39.93138634578684,60,174.25,58.19972188179806,7.513551786736909,60,0.23297925968446506,0.09182657611913639,0.011854760001622097,60,0.6646801493360996,0.04878884654848038,0.006298613005431124,60,0.0,0.0,0.0,60,-0.49709631844945906,0.061604643874446294,0.007953125325825641,60,0.49709631844945906,0.061604643874446294,0.007953125325825641,60,0.49709631844945906,0.061604643874446294,0.007953125325825641,60,0.49709631844945906,0.061604643874446294,0.007953125325825641,60,-2.938819437127366,0.22282135499935118,0.02876611323639526,60,0.014444810753527748,0.0013181807527430668,0.0001701764034221685,60,3.199551201153803,1.1008851300165792,0.14212365915471992,60,0.0016605782615184833,0.0006118061375539709,7.898383272846711e-05,60,0.08333333333333333,0.26666666666666666
bc_plus_de_vjepa_value_planner,value_score,0.3,1,reach-v3,background_shift,0.16666666666666666,0.37582301400141443,0.048518542478298496,60,702.4175077852279,309.3071886164134,39.93138634578684,60,174.25,58.19972188179806,7.513551786736909,60,0.23297925968446506,0.09182657611913639,0.011854760001622097,60,0.6646801493360996,0.04878884654848038,0.006298613005431124,60,0.0,0.0,0.0,60,-0.494372402449871,0.059327363406100876,0.007659129681540801,60,0.494372402449871,0.059327363406100876,0.007659129681540801,60,0.494372402449871,0.059327363406100876,0.007659129681540801,60,0.494372402449871,0.059327363406100876,0.007659129681540801,60,-2.938819437127366,0.22282135499935118,0.02876611323639526,60,0.012681846548535462,0.001906600314436195,0.0002461410421895069,60,3.4026153597247144,1.242746159998221,0.16043783937454426,60,0.0014730927936250815,0.00043364145740080367,5.5982871424614184e-05,60,0.08333333333333333,0.26666666666666666
bc_only,bc_only,0.0,0,button-press-v3,clean,0.95,0.2197841776510828,0.028374015326751198,60,61.8303067945125,29.36961508141642,3.7916010031615994,60,76.61666666666666,28.944184549042653,3.736678157599874,60,0.019682787283886467,0.0012833348624710493,0.00016567781833192531,60,0.8538666910039634,0.04164026565289059,0.005375735180176599,60,0.0,0.0,0.0,60,,,,0,,,,0,,,,0,,,,0,-2.7315470032454385,0.5882767350715328,0.0759461999297773,60,,,,0,,,,0,,,,0,0.8833333333333333,1.0
bc_plus_vjepa_value_planner,value_score,0.0,1,button-press-v3,clean,0.6166666666666667,0.4903014177279001,0.06329764084940143,60,105.65064516865691,67.62687555863141,8.730592093154028,60,118.53333333333333,64.90918471131035,8.379739713426869,60,0.041490994542788186,0.03369646095603146,0.0043501944036279435,60,0.8670834105511758,0.06959412420641627,0.008984562801511355,60,0.15788207244674493,0.002981508227965205,0.0003849110571163209,60,-0.6731027281423859,0.13492278475732503,0.01741845661296826,60,0.6731027281423859,0.13492278475732503,0.01741845661296826,60,0.6731027281423859,0.13492278475732503,0.01741845661296826,60,0.6724465366210299,0.1351421528383577,0.017446776910452558,60,-3.091847540382423,1.0311738860181647,0.1331239762530779,60,0.0045409323964660945,0.0010895887916547431,0.00014066530814310277,60,1.5875406607135547,1.7850838219641114,0.2304533304683763,60,0.001144362748337045,0.0005445392311141204,7.029971244871932e-05,60,0.5,0.75
bc_plus_de_vjepa_value_planner,value_score,0.0,1,button-press-v3,clean,0.5333333333333333,0.5030977485864635,0.06494964005966064,60,115.1221289294805,65.9157181556369,8.509682622336118,60,131.83333333333334,65.59872018870095,8.468758360778635,60,0.04874935436468781,0.038211287450346694,0.004933055997744574,60,0.8328509561726641,0.08003120953934578,0.010331984724090745,60,0.15813967322835726,0.0031504994122733875,0.00040672772519903614,60,-0.6983412846807325,0.133824940728398,0.017276725558276005,60,0.6983412846807325,0.133824940728398,0.017276725558276005,60,0.6983412846807325,0.133824940728398,0.017276725558276005,60,0.6977330744415927,0.13407407113298986,0.017308888155209944,60,-3.15175858516408,1.002467086268205,0.12941794434126105,60,0.004216548563747837,0.0008626478714090884,0.00011136736132028922,60,1.1870206708858124,1.0330703965799695,0.13336881471380377,60,0.0010890861279462419,0.0004871947965928652,6.28965777854359e-05,60,0.4,0.6666666666666666
bc_plus_vjepa_value_planner,value_score,0.01,1,button-press-v3,clean,0.6666666666666666,0.4753826885415283,0.061371641193221554,60,99.41272074481586,62.00735773673879,8.0051154618905,60,113.0,62.218586791833204,8.032385015644358,60,0.03023015366721422,0.026183909081104663,0.0033803281269909166,60,0.85411093605396,0.06361180723894559,0.008212249001953088,60,0.10172354426158323,0.027209389840585463,0.003512717123768426,60,-0.6708918486041893,0.12572518851511275,0.016231052043927323,60,0.6710310460045175,0.125680728904594,0.016225312332890054,60,0.6710310460045175,0.125680728904594,0.016225312332890054,60,0.6704145222991412,0.12591686351250883,0.016255797179687302,60,-3.15474246568622,1.0042932761225194,0.1296537044376868,60,0.004213554984143864,0.00078376418086851,0.00010118352066192123,60,1.3372760876690917,1.363428684485359,0.17601788629177606,60,0.0010191886382722917,0.0004739963399611005,6.119266436108705e-05,60,0.55,0.7666666666666667
bc_plus_de_vjepa_value_planner,value_score,0.01,1,button-press-v3,clean,0.6666666666666666,0.4753826885415283,0.061371641193221554,60,98.29923913645433,60.66722278190582,7.832104783165881,60,112.78333333333333,62.33047290938313,8.046829451309113,60,0.030824415846246976,0.02823394417569866,0.00364498651967436,60,0.846181294376054,0.0631452219711827,0.00815201310289871,60,0.09654903057166206,0.03147100146858618,0.004062888819210114,60,-0.667363490543534,0.12705315857159788,0.01640249224102829,60,0.6674977970701451,0.12700657332790824,0.016396478111928656,60,0.6674977970701451,0.12700657332790824,0.016396478111928656,60,0.6668878788216245,0.12726170679276794,0.016429415700610718,60,-3.132933182117934,1.0638532201635984,0.13734286015009164,60,0.0039660796580980075,0.0006367896112340504,8.220918531157908e-05,60,0.9744729504893517,0.6474418966949889,0.08358438945122115,60,0.0009507483387003365,0.0002927905160676537,3.779909308858326e-05,60,0.5333333333333333,0.7833333333333333
bc_plus_vjepa_value_planner,value_score,0.1,1,button-press-v3,clean,0.9,0.30253169045376643,0.039056673294247155,60,66.72753816616392,38.820941324306084,5.011761974437759,60,81.88333333333334,40.04196598005675,5.169395579672125,60,0.019984540774680055,0.0016964617882453386,0.000219012275111715,60,0.8588984923534395,0.04599840775540816,0.005938368906291796,60,0.020257121170425028,0.00870129781535945,0.0011233327176426043,60,-0.5998906068152994,0.08391652267059452,0.01083357649249499,60,0.6000342690084217,0.08388310256372841,0.01082926197525096,60,0.6000342690084217,0.08388310256372841,0.01082926197525096,60,0.5998318812860324,0.08393062566775808,0.01083539718159986,60,-2.801513278938382,0.7338734341397225,0.09474265295490636,60,0.0038315723382694104,0.0006374246582441976,8.229116952805772e-05,60,1.005325964946465,1.318949020113087,0.17027558631315257,60,0.0008781803705185334,0.0003896485686067801,5.030341390292057e-05,60,0.8166666666666667,0.9666666666666667
bc_plus_de_vjepa_value_planner,value_score,0.1,1,button-press-v3,clean,0.9,0.30253169045376643,0.039056673294247155,60,67.00243238250322,38.92658748443975,5.0254008350640405,60,82.05,39.92086451630042,5.153761447927804,60,0.019992409512440686,0.0016875677326221295,0.00021786405746808393,60,0.8581019141668512,0.04411258037731286,0.005694909638652293,60,0.019240357344491643,0.008294347064876653,0.0010707956016643883,60,-0.598939125132157,0.08438628232848909,0.010894222203553183,60,0.5990746598992103,0.08435103483552212,0.010889671771777961,60,0.5990746598992103,0.08435103483552212,0.010889671771777961,60,0.5988792512444832,0.08440303143188478,0.010896384503503696,60,-2.7951598069757684,0.7316096920671901,0.09445040511000545,60,0.0036773943580387246,0.0005543210164145247,7.156253550087408e-05,60,0.9224234073280398,1.028609175560646,0.13279287355675076,60,0.0009289667983957199,0.00037900431564227827,4.8929246754109426e-05,60,0.8166666666666667,0.9666666666666667
bc_plus_vjepa_value_planner,value_score,0.3,1,button-press-v3,clean,0.95,0.2197841776510828,0.028374015326751198,60,61.71122068757448,29.21954675169585,3.7722272651015682,60,76.56666666666666,28.947858834004393,3.737152505748742,60,0.019662160140233562,0.0012737666599229836,0.00016444256869453205,60,0.8537594381453772,0.041309969627819555,0.0053330941466959774,60,0.000560018182340748,0.0005865090007787044,7.571798641388916e-05,60,-0.5896725718977414,0.062320332053806195,0.008045520272483588,60,0.5896775984209446,0.06231958567235002,0.008045423915051933,60,0.5896775984209446,0.06231958567235002,0.008045423915051933,60,0.5896713625226874,0.062320477360654956,0.0080455390315171,60,-2.730667008513768,0.5832206873453489,0.07529346697507264,60,0.0038446339143957562,0.0006384880725066589,8.242845571901212e-05,60,0.9451813493677822,1.241756511919625,0.1603100763569773,60,0.0008785940780522332,0.0003784853553755193,4.8862249271759396e-05,60,0.8833333333333333,1.0
bc_plus_de_vjepa_value_planner,value_score,0.3,1,button-press-v3,clean,0.95,0.2197841776510828,0.028374015326751198,60,61.45371722809546,29.496780618930014,3.8080180034616546,60,76.35,29.03114925590518,3.74790525297942,60,0.019677389080159254,0.0012769417881622843,0.00016485247598762822,60,0.8542104256526477,0.04156433721675054,0.005365932861220799,60,0.0005103516759096849,0.0005438833034033467,7.021503254538124e-05,60,-0.5865727421253158,0.06339509790717392,0.00818427194752244,60,0.586577746250183,0.06339420901093808,0.008184157191511844,60,0.586577746250183,0.06339420901093808,0.008184157191511844,60,0.5865716596023881,0.06339524500217236,0.008184290937405084,60,-2.71754382683195,0.5834695266281327,0.07532559198834275,60,0.0037078301946772132,0.0005932405822140914,7.658702984031893e-05,60,0.7917111311121607,0.6227284405405125,0.08039389598077068,60,0.000918617474357705,0.0003610719766077068,4.661419173946141e-05,60,0.9,1.0
bc_only,bc_only,0.0,0,button-press-v3,brightness,0.4,0.49403218175557095,0.06377928041432807,60,63.0184579632333,23.338917952998173,3.0130413516821073,60,158.61666666666667,51.14820329752524,6.603204651991551,60,0.053288735817012337,0.035764954243317285,0.004617235738741271,60,0.7832790368653264,0.032945842030902756,0.004253289917082224,60,0.0,0.0,0.0,60,,,,0,,,,0,,,,0,,,,0,-2.4265537271166013,0.5359740831956143,0.0691939566071801,60,,,,0,,,,0,,,,0,0.2833333333333333,0.5166666666666667
bc_plus_vjepa_value_planner,value_score,0.0,1,button-press-v3,brightness,0.3,0.46212479054244465,0.05966005392134929,60,67.46880916936331,20.01695601009272,2.584177908961852,60,173.36666666666667,42.49385465706564,5.48593304676579,60,0.07053159585297167,0.03481843942487611,0.004495041201115897,60,0.7136064668208356,0.04671506787462842,0.006030889329846165,60,0.16022026038973788,0.0025400147840982574,0.0003279144985977726,60,-0.659064410117323,0.05328275090157554,0.006878773562730677,60,0.659064410117323,0.05328275090157554,0.006878773562730677,60,0.659064410117323,0.05328275090157554,0.006878773562730677,60,0.6587107373418734,0.05327347710764061,0.006877576321081805,60,-2.7321264763431854,0.5846872475530479,0.07548279908376025,60,0.008684505687626706,0.0013259010033200833,0.00017117308348594626,60,3.665796433599527,2.351454785508891,0.30357150745452227,60,0.0028189913344584304,0.0007909742330801252,0.0001021143343999503,60,0.18333333333333332,0.4166666666666667
bc_plus_de_vjepa_value_planner,value_score,0.0,1,button-press-v3,brightness,0.55,0.501692052213544,0.06476816543825592,60,62.403456167789706,25.264529971148963,3.2616367942672695,60,144.23333333333332,51.376762757227404,6.632711551359706,60,0.049488507862513305,0.036426649961146584,0.004702660288588259,60,0.7130785500634111,0.044532838691455044,0.005749164753711556,60,0.15988749272664887,0.00311323263328049,0.00040191660471882665,60,-0.6473118948860492,0.05014110210331816,0.006473188446887897,60,0.6473118948860492,0.05014110210331816,0.006473188446887897,60,0.6473118948860492,0.05014110210331816,0.006473188446887897,60,0.6470254295708795,0.05017288798515548,0.006477291986587912,60,-2.674645272362118,0.4562867468752769,0.05890636572477022,60,0.007753572402155412,0.0007734545049784034,9.985254722768193e-05,60,4.065754648123071,1.5167571623764657,0.19581250767082903,60,0.00224691571303804,0.0005125084780852713,6.616456001381215e-05,60,0.4166666666666667,0.6833333333333333
bc_plus_vjepa_value_planner,value_score,0.01,1,button-press-v3,brightness,0.43333333333333335,0.4997174342809082,0.06451324335931523,60,59.25212109418978,19.532744488764717,2.521666470357015,60,155.61666666666667,51.55418136115836,6.655616194637439,60,0.05935687300533861,0.036978961662554384,0.004773963422637188,60,0.7168074060998697,0.03915360721763677,0.005054708956595124,60,0.1079094895088185,0.010262632305046279,0.001324900133523149,60,-0.637589140645094,0.051924150162981624,0.0067033789615733655,60,0.6377192524997175,0.05192949785180851,0.0067040693452322725,60,0.6377192524997175,0.05192949785180851,0.0067040693452322725,60,0.6374328649972415,0.051907757566919656,0.006701262686521728,60,-2.5569864818329036,0.407669419533385,0.05262989575369482,60,0.008831573585635459,0.0012414199794398707,0.0001602666302006591,60,3.6936901068402057,2.151023925855721,0.27769599473776346,60,0.0030166338113890357,0.0007855873162476579,0.0001014188864272986,60,0.31666666666666665,0.5666666666666667
bc_plus_de_vjepa_value_planner,value_score,0.01,1,button-press-v3,brightness,0.55,0.501692052213544,0.06476816543825592,60,58.09320257818682,22.444604373421846,2.8975859650158986,60,142.4,52.73991187975902,6.808693346358446,60,0.04745366395714409,0.03520052917963568,0.004544368776347241,60,0.7271333370538191,0.04217384073354033,0.005444619426886856,60,0.08761567307513059,0.022364420782109477,0.002887234307889502,60,-0.6365108816374992,0.06007959237532101,0.007756242023884946,60,0.636606528568947,0.060070827833294024,0.00775511052637469,60,0.636606528568947,0.060070827833294024,0.00775511052637469,60,0.6364019994042007,0.060092308985226724,0.007757883731164447,60,-2.5461066613491297,0.39221248363982497,0.0506344139103897,60,0.007686730858460153,0.0007665966099622451,9.89671967880946e-05,60,3.97066800977682,1.4181749812975302,0.18308560281911163,60,0.0022936155622816025,0.0004792203545149784,6.186708174000418e-05,60,0.4166666666666667,0.6666666666666666
bc_plus_vjepa_value_planner,value_score,0.1,1,button-press-v3,brightness,0.4,0.49403218175557095,0.06377928041432807,60,63.01999341514577,23.409334008346676,3.022132025337786,60,158.53333333333333,51.250950108321405,6.616469208227866,60,0.05336361552097874,0.03569855874681234,0.0046086641170003766,60,0.7828210338758763,0.03270325819756203,0.00422197247886263,60,0.0007550981428091293,0.0008876460695120264,0.00011459461481821832,60,-0.6359303037584213,0.06647903458202802,0.00858240646027138,60,0.6359326247695986,0.06647834181313339,0.00858231702419166,60,0.6359326247695986,0.06647834181313339,0.00858231702419166,60,0.6359298072027278,0.06647911328971483,0.008582416621390056,60,-2.428750345241025,0.5377208012262277,0.06941945693528295,60,0.008566408407266196,0.0011716660528577115,0.00015126143700114984,60,3.4490705568525706,2.518216092941919,0.3251002996705187,60,0.00318787571275436,0.0009328499933028723,0.00012043041628572415,60,0.2833333333333333,0.5166666666666667
bc_plus_de_vjepa_value_planner,value_score,0.1,1,button-press-v3,brightness,0.4,0.49403218175557095,0.06377928041432807,60,63.0304569058294,23.374898146821664,3.0176863747311637,60,158.56666666666666,51.20923071804988,6.611083258103348,60,0.05330671496159648,0.035791493241775434,0.0046206619087097184,60,0.782776865328352,0.032762450798122365,0.0042296142107355935,60,0.0007518432883945789,0.0010839540810170525,0.00013993787012775365,60,-0.6374545235955053,0.06560879818778784,0.008470059424866188,60,0.6374573736303956,0.06560792007515621,0.008469946061012909,60,0.6374573736303956,0.06560792007515621,0.008469946061012909,60,0.6374539084033587,0.06560891786736185,0.008470074875432755,60,-2.427997697401983,0.5367508153671909,0.06929423229934609,60,0.00762029469727805,0.0008599708887347224,0.00011102176434309237,60,3.964334824632643,1.577071836620967,0.203599098633525,60,0.002367497032691995,0.0005890708524914573,7.6048720047854e-05,60,0.2833333333333333,0.5333333333333333
bc_plus_vjepa_value_planner,value_score,0.3,1,button-press-v3,brightness,0.4,0.49403218175557095,0.06377928041432807,60,63.01548143071206,23.340093180502294,3.0131930729004894,60,158.61666666666667,51.14820329752524,6.603204651991551,60,0.0532987049129346,0.03575640023305172,0.004616131420764543,60,0.7833125867491126,0.03291051181228554,0.004248728805471479,60,4.060009339203437e-06,1.6755522169036307e-05,2.1631286105895594e-06,60,-0.6359649842149718,0.06631506556989641,0.008561238151828722,60,0.6359649943529718,0.0663150587733446,0.008561237274397657,60,0.6359649943529718,0.0663150587733446,0.008561237274397657,60,0.6359649827463064,0.06631506618808643,0.00856123823163671,60,-2.4265825895408937,0.5360225633713298,0.06920021537095233,60,0.008566240351201055,0.0011718489046614558,0.00015128504306750738,60,3.4390923001515716,2.512235410522782,0.3243281968902429,60,0.0031906342671704246,0.0009307960793091051,0.00012016525712931074,60,0.26666666666666666,0.5166666666666667
bc_plus_de_vjepa_value_planner,value_score,0.3,1,button-press-v3,brightness,0.4,0.49403218175557095,0.06377928041432807,60,63.01548211704131,23.34089652095105,3.013296783706468,60,158.61666666666667,51.14820329752524,6.603204651991551,60,0.05329526849368711,0.03575855500053677,0.004616409600050695,60,0.7833055648600222,0.032901790420111036,0.004247602878583226,60,6.266559901026389e-06,2.1480724496298845e-05,2.7731496079545043e-06,60,-0.6372634145086431,0.06552658237121417,0.008459445408586699,60,0.6372634366731221,0.06552657814323103,0.008459444862756422,60,0.6372634366731221,0.06552657814323103,0.008459444862756422,60,0.6372634109167633,0.0655265826240044,0.008459445441221777,60,-2.426469748292382,0.5359775293348955,0.06919440150184825,60,0.007624923186603934,0.0008600134305441058,0.00011102725646706768,60,3.959087344041424,1.5827591291563525,0.2043333249426769,60,0.002367241151192025,0.0005912760447424847,7.633340914330116e-05,60,0.2833333333333333,0.5333333333333333
bc_only,bc_only,0.0,0,button-press-v3,background_shift,0.75,0.4366668823046865,0.05637345210021216,60,51.48558942063606,28.17456053599693,3.6373201247542943,60,106.91666666666667,54.26716448500822,7.005860809877848,60,0.022035896141058067,0.010019299921355687,0.0012934860578689286,60,0.7735419010434819,0.02821887972270377,0.0036430417071553955,60,0.0,0.0,0.0,60,,,,0,,,,0,,,,0,,,,0,-0.975912834339317,0.5168358592047254,0.06672322251409009,60,,,,0,,,,0,,,,0,0.6333333333333333,0.85
bc_plus_vjepa_value_planner,value_score,0.0,1,button-press-v3,background_shift,0.5166666666666667,0.5039392842990978,0.06505828185300302,60,76.72885035853032,24.344216069548263,3.14282478046118,60,134.55,63.94129325444432,8.254785463647583,60,0.04502762838832732,0.03757258940102837,0.004850600434135739,60,0.7140855925814551,0.05024284282080932,0.006486323117037045,60,0.16055474943623377,0.0033879117835481083,0.000437377530536723,60,-0.560120135247327,0.06668266771170127,0.008608695384270068,60,0.560120135247327,0.06668266771170127,0.008608695384270068,60,0.560120135247327,0.06668266771170127,0.008608695384270068,60,0.5599448150151818,0.06671609648504216,0.008613011020351183,60,-1.139269786763569,0.5049676677754257,0.06519104558891411,60,0.011940493911490175,0.0011425663502930283,0.00014750468155406293,60,3.3371802471276686,1.9857823818492428,0.2563634031364738,60,0.0012526214595779584,0.00042249647921657784,5.4544060927902465e-05,60,0.4,0.6333333333333333
bc_plus_de_vjepa_value_planner,value_score,0.0,1,button-press-v3,background_shift,0.7166666666666667,0.4544196025054849,0.05866531842313124,60,63.53177715556662,31.015013869496407,4.004021073298388,60,108.58333333333333,58.23514334921788,7.518124678517415,60,0.02992970239370324,0.02610957416507534,0.003370731530596807,60,0.765523630533197,0.11282720444119766,0.014565929459996602,60,0.16020017819177138,0.003911735066255722,0.0005050028255461326,60,-0.5407838542591766,0.06800806446829018,0.008779803369782941,60,0.5407838542591766,0.06800806446829018,0.008779803369782941,60,0.5407838542591766,0.06800806446829018,0.008779803369782941,60,0.5406663842256404,0.06799331144536622,0.00877789876271325,60,-1.0721691612299165,0.5046270846825064,0.06514707650068491,60,0.010704559083043966,0.0019980333764352647,0.0002579449997366785,60,3.5694577122945,1.0418866924103711,0.13450699361134988,60,0.0011906263894275152,0.00028026662967873823,3.6182266308114483e-05,60,0.6,0.8333333333333334
bc_plus_vjepa_value_planner,value_score,0.01,1,button-press-v3,background_shift,0.8,0.40337558727168854,0.05207556439232954,60,51.76573687254238,27.33847331417771,3.529381728551538,60,100.95,50.1132361824495,6.4695909719728615,60,0.022085805598681663,0.01138291211215568,0.0014695276347240548,60,0.7344879070239758,0.046679894044184184,0.006026348407861737,60,0.0568527781458382,0.03269083897124501,0.004220369163639344,60,-0.528441079549044,0.05472676511226191,0.007065194995719848,60,0.528492845798392,0.054733677118019006,0.007066087331826052,60,0.528492845798392,0.054733677118019006,0.007066087331826052,60,0.528406680263282,0.054719378775504854,0.007064241423744863,60,-0.9626554161756523,0.4934756499011853,0.06370743246087242,60,0.011998514954743918,0.0012489457247594207,0.00016123819974367295,60,4.077483862720915,2.750693778313577,0.3551130397974947,60,0.0014682228723116198,0.0006446413722990363,8.322284330634875e-05,60,0.7,0.9
bc_plus_de_vjepa_value_planner,value_score,0.01,1,button-press-v3,background_shift,0.7,0.4621247905424446,0.059660053921349286,60,56.29063983561867,30.339588328741943,3.9168240109335484,60,112.65,57.746912750409344,7.455094379240937,60,0.02513306517093764,0.019246373834585072,0.0024846961778743387,60,0.749267082617436,0.04239076091521572,0.005472623701923025,60,0.03692862272318786,0.02431734452961513,0.0031393556795729144,60,-0.5455192847719789,0.06737534746148653,0.008698119955442516,60,0.5455459316227347,0.06738170575353826,0.008698940807416738,60,0.5455459316227347,0.06738170575353826,0.008698940807416738,60,0.5455081526254273,0.0673728279015762,0.008697794681656766,60,-1.0034755735637313,0.5285180130449698,0.06823138208979342,60,0.010417657775087354,0.002022080797466145,0.0002610495084424064,60,3.6877056122837937,1.0730442925834192,0.13852942249728337,60,0.0011810039967876116,0.00027187716599674425,3.509919120398199e-05,60,0.5833333333333334,0.8
bc_plus_vjepa_value_planner,value_score,0.1,1,button-press-v3,background_shift,0.75,0.4366668823046865,0.05637345210021216,60,51.48996815701458,28.18168028986073,3.638239281025747,60,106.91666666666667,54.26716448500822,7.005860809877848,60,0.02200512322835259,0.009998613176484173,0.0012908154105897747,60,0.773515389907432,0.028272268250912832,0.003649934136509803,60,1.933658198209004e-05,6.274425630000742e-05,8.100248657336617e-06,60,-0.5358760391249248,0.06249680634666588,0.008068303005726231,60,0.5358760701806138,0.06249682411598177,0.008068305299735049,60,0.5358760701806138,0.06249682411598177,0.008068305299735049,60,0.5358760330784291,0.06249679993863409,0.008068302178452886,60,-0.9758488858575819,0.51696225643483,0.06673954032633014,60,0.011904149584206079,0.0011917701553437927,0.0001538568654717845,60,4.1840506659294645,2.851808654383716,0.36816691416661046,60,0.001471505186481805,0.0006908934358110265,8.919395903000428e-05,60,0.6333333333333333,0.85
bc_plus_de_vjepa_value_planner,value_score,0.1,1,button-press-v3,background_shift,0.75,0.4366668823046865,0.05637345210021216,60,51.485741346741726,28.174830941117218,3.637355033905214,60,106.91666666666667,54.26716448500822,7.005860809877848,60,0.022035897037262057,0.010019300189423512,0.001293486092476336,60,0.7735335343444619,0.028229938268710685,0.0036444693593059973,60,7.734056562185288e-07,5.99077445279396e-06,7.734056562185285e-07,60,-0.5351834940577985,0.0626132162083698,0.008083331454250019,60,0.5351834947780213,0.06261321745632904,0.008083331615360864,60,0.5351834947780213,0.06261321745632904,0.008083331615360864,60,0.5351834940379303,0.06261321617394335,0.00808333144980558,60,-0.9759617782860759,0.5169156294008934,0.06673352080213284,60,0.010427047802008335,0.0019381025227369455,0.0002502079597934257,60,3.715337343380027,1.1098035481483337,0.14327502198467992,60,0.001176077916625113,0.00025592345706970063,3.3039576237825976e-05,60,0.6333333333333333,0.85
bc_plus_vjepa_value_planner,value_score,0.3,1,button-press-v3,background_shift,0.75,0.4366668823046865,0.05637345210021216,60,51.48558942063606,28.17456053599693,3.6373201247542943,60,106.91666666666667,54.26716448500822,7.005860809877848,60,0.022035896141058067,0.010019299921355687,0.0012934860578689286,60,0.7735419010434819,0.02821887972270377,0.0036430417071553955,60,0.0,0.0,0.0,60,-0.5358617933414644,0.06247968824582632,0.008066093068410555,60,0.5358617933414644,0.06247968824582632,0.008066093068410555,60,0.5358617933414644,0.06247968824582632,0.008066093068410555,60,0.5358617933414644,0.06247968824582632,0.008066093068410555,60,-0.975912834339317,0.5168358592047254,0.06672322251409009,60,0.011901919073181607,0.001194063599259041,0.00015415294780809176,60,4.183795733358357,2.8518435525304104,0.3681714194979759,60,0.001471139228573865,0.0006909871215377791,8.920605380532062e-05,60,0.6495833333333334,0.85
bc_plus_de_vjepa_value_planner,value_score,0.3,1,button-press-v3,background_shift,0.75,0.4366668823046865,0.05637345210021216,60,51.48558942063606,28.17456053599693,3.6373201247542943,60,106.91666666666667,54.26716448500822,7.005860809877848,60,0.022035896141058067,0.010019299921355687,0.0012934860578689286,60,0.7735419010434819,0.02821887972270377,0.0036430417071553955,60,0.0,0.0,0.0,60,-0.5351798036809207,0.06260682794328819,0.008082506732774277,60,0.5351798036809207,0.06260682794328819,0.008082506732774277,60,0.5351798036809207,0.06260682794328819,0.008082506732774277,60,0.5351798036809207,0.06260682794328819,0.008082506732774277,60,-0.975912834339317,0.5168358592047254,0.06672322251409009,60,0.010427027888042189,0.0019381237956776977,0.00025021070611826765,60,3.7155184445134526,1.1098460776690071,0.1432805125221896,60,0.001176099756294708,0.0002559044373386815,3.303712080110976e-05,60,0.6333333333333333,0.85
bc_only,bc_only,0.0,0,drawer-open-v3,clean,1.0,0.0,0.0,60,371.7773825695375,40.58838926388643,5.239938522280535,60,92.51666666666667,7.153265620648239,0.9234826206589564,60,0.027571625488648256,0.0012330128813572044,0.00015918127850518912,60,1.1901286664643433,0.024731536317291795,0.0031928276094331676,60,0.0,0.0,0.0,60,,,,0,,,,0,,,,0,,,,0,-8.34972227939055,0.5505037590880454,0.07106972969908598,60,,,,0,,,,0,,,,0,1.0,1.0
bc_plus_vjepa_value_planner,value_score,0.0,1,drawer-open-v3,clean,0.15,0.3600847357902755,0.046486739497974494,60,320.63291677868193,106.82783822268605,13.79141461159344,60,189.75,26.02321323585241,3.35958238257536,60,0.16182444014719308,0.05840285615390745,0.00753977630850103,60,1.0728249012392361,0.0402053226602282,0.0051904848363986495,60,0.14811263438762562,0.004046930297924742,0.0005224564549041582,60,-0.49494405940517655,0.09191784243167607,0.01186654243190663,60,0.49494405940517655,0.09191784243167607,0.01186654243190663,60,0.49494405940517655,0.09191784243167607,0.01186654243190663,60,0.4940290346427745,0.09176997906277182,0.011847453353063952,60,-6.492379185657025,1.54463643416014,0.19941170618158102,60,0.009455612103828039,0.003159619213833101,0.0004079050865177524,60,78.36789586652675,116.81651575957844,15.080947336627451,60,0.008557180256906818,0.006702222728711667,0.0008652532336957706,60,0.06666666666666667,0.25
bc_plus_de_vjepa_value_planner,value_score,0.0,1,drawer-open-v3,clean,0.16666666666666666,0.3758230140014145,0.0485185424782985,60,312.03717879492916,93.4259993431376,12.061244651958567,60,186.15,33.31809962635721,4.301348166005368,60,0.16064506914548235,0.06134073968119435,0.007919055440977006,60,1.0615959819673289,0.038266394141585613,0.004940170240992338,60,0.1480613871653674,0.005000577597864121,0.000645571791931521,60,-0.45935780334790005,0.0948888270027961,0.012250094890766198,60,0.45935780334790005,0.0948888270027961,0.012250094890766198,60,0.45935780334790005,0.0948888270027961,0.012250094890766198,60,0.4586327454728262,0.09480995991246005,0.012239913193185018,60,-7.028374355813114,1.8353323472871814,0.23694038719330068,60,0.007655046625937498,0.002802506769615792,0.0003618020682118503,60,36.46090371410621,54.57355288867233,7.045415382706587,60,0.005041490559440419,0.00405053902070024,0.0005229223390111776,60,0.06666666666666667,0.26666666666666666
bc_plus_vjepa_value_planner,value_score,0.01,1,drawer-open-v3,clean,0.3333333333333333,0.4753826885415284,0.06137164119322156,60,328.69939763148903,107.3756685859161,13.862139207371332,60,173.0,41.85001468116301,5.402813663289341,60,0.13460284692532093,0.0764290922240363,0.009866953378314778,60,1.0874162787828936,0.043931618820810765,0.005671547602164414,60,0.12392941239977723,0.01152433663215032,0.0014877854617468753,60,-0.5011160202799628,0.06777086562594282,0.008749181130911242,60,0.5012866190764261,0.06777666444124486,0.008749929754747659,60,0.5012866190764261,0.06777666444124486,0.008749929754747659,60,0.5004930508837699,0.06773631531498969,0.008744720704946982,60,-6.890357766028313,1.6284506016111733,0.21023206867205077,60,0.008686546713797556,0.003461728649617846,0.00044690724696863355,60,63.900616489272956,118.27957020306155,15.269826853100946,60,0.006765299126116318,0.006153416639290136,0.0007944026722082103,60,0.21666666666666667,0.45
bc_plus_de_vjepa_value_planner,value_score,0.01,1,drawer-open-v3,clean,0.18333333333333332,0.39020492949942315,0.050375239785310166,60,329.5464443013022,97.58098331869692,12.597650776661897,60,184.5,35.946051856466745,4.640615340066796,60,0.15952531565792236,0.06316437338734929,0.008154485540094358,60,1.06613624420803,0.04063079781853006,0.005245413443142919,60,0.12319424400716236,0.011906035993332866,0.0015370626373841423,60,-0.4767034887981346,0.0877670102118908,0.01133067229656898,60,0.47687199750168763,0.08777007078608506,0.011331067414998452,60,0.47687199750168763,0.08777007078608506,0.011331067414998452,60,0.4761607623280926,0.08770680393850933,0.011322899700097522,60,-7.179654359926032,1.8165377658151878,0.234514017158635,60,0.007430342362003007,0.0028479248307638817,0.000367665514693303,60,31.088984569812272,48.569032456881054,6.270235128230261,60,0.004569557290665224,0.0037594071481129396,0.00048533737587515117,60,0.08333333333333333,0.2833333333333333
bc_plus_vjepa_value_planner,value_score,0.1,1,drawer-open-v3,clean,1.0,0.0,0.0,60,361.28900295380504,39.87535216114599,5.147885828142478,60,91.96666666666667,6.925674822817805,0.8941007750007121,60,0.02789536562728139,0.0011660583758791418,0.00015053748901618615,60,1.185553817259295,0.023732005831959068,0.003063788778642492,60,0.01041304604509275,0.0040830364061568425,0.0005271177334334677,60,-0.5349662658483374,0.010656701761837037,0.0013757742816364693,60,0.5350157123995778,0.010654419105069741,0.0013754795919149745,60,0.5350157123995778,0.010654419105069741,0.0013754795919149745,60,0.5349478439856948,0.010656942967576669,0.0013758054211635562,60,-8.428858286241073,0.5546055503740905,0.0715992686771017,60,0.0032892136237496756,0.0003110401441464848,4.0155109942709665e-05,60,1.2876623324485907,0.3086267042344782,0.03984353618983387,60,0.0011277570162842435,0.0003520314257537575,4.544706164286518e-05,60,1.0,1.0
bc_plus_de_vjepa_value_planner,value_score,0.1,1,drawer-open-v3,clean,1.0,0.0,0.0,60,364.50169517826754,39.374256720288265,5.0831946848990635,60,91.91666666666667,7.078953448137934,0.9138889604405263,60,0.027778200466819673,0.0012548583415550457,0.00016200151528973834,60,1.1851732258456305,0.023155111295850555,0.002989312014280281,60,0.01038822833157478,0.0035078427279040592,0.00045286054887624054,60,-0.5350857753378375,0.011201060231097966,0.0014460506578302874,60,0.5351337846288744,0.011197115977686483,0.001445541456904424,60,0.5351337846288744,0.011197115977686483,0.001445541456904424,60,0.5350691944995883,0.011201556389139338,0.0014461147115579982,60,-8.457713522841992,0.5646987502324573,0.07290229517581495,60,0.003140166466298603,0.00027759739270568354,3.583766929665709e-05,60,1.1300749077837544,0.2700360579123416,0.03486150517233335,60,0.0010015464836782967,0.0002846655391002733,3.6750163072483826e-05,60,1.0,1.0
bc_plus_vjepa_value_planner,value_score,0.3,1,drawer-open-v3,clean,1.0,0.0,0.0,60,370.4602774474649,38.969073041033816,5.03088569683548,60,92.4,7.028272203713479,0.9073460399198269,60,0.027689099145664232,0.001225057683448238,0.0001581542668712821,60,1.190224820595963,0.024598270416589928,0.003175623055631979,60,0.0002617027144586128,0.00023972558729013583,3.0948440241149615e-05,60,-0.5383852829860791,0.011708285692635365,0.0015115331833405112,60,0.5383866954702313,0.011708497819792753,0.0015115605688387726,60,0.5383866954702313,0.011708497819792753,0.0015115605688387726,60,0.538384876083596,0.011708220783016162,0.0015115248035447052,60,-8.35310197542001,0.5503024210901005,0.07104373707531934,60,0.003098815323618541,0.0003159660081143787,4.079103624648754e-05,60,1.2469682132278423,0.24776289133343313,0.03198605173141948,60,0.0011188844062863382,0.0003643549565875144,4.703802263238565e-05,60,1.0,1.0
bc_plus_de_vjepa_value_planner,value_score,0.3,1,drawer-open-v3,clean,1.0,0.0,0.0,60,371.12360878435214,39.91098303019275,5.152485753556778,60,92.4,7.147833617518585,0.9227813520703665,60,0.027601526993404516,0.0011270168210692163,0.0001454972459632233,60,1.190180616942597,0.0246679389530976,0.0031846172250202744,60,0.0002562404114413868,0.0002470171793691917,3.188978073080032e-05,60,-0.5384651907852679,0.011824303826763687,0.0015265110600517463,60,0.5384665315022745,0.011824534499728267,0.0015265408398034209,60,0.5384665315022745,0.011824534499728267,0.0015265408398034209,60,0.5384648542517634,0.011824311727306356,0.0015265120800074191,60,-8.355159754357251,0.5492277350023314,0.07090499569797498,60,0.0029611928318467383,0.0002591158136351282,3.345170769826121e-05,60,1.0771826883560471,0.22641174414364681,0.029229630481803957,60,0.0009772952095353483,0.0003102195950332926,4.004917750770504e-05,60,1.0,1.0
bc_only,bc_only,0.0,0,drawer-open-v3,brightness,0.0,0.0,0.0,60,265.2812559773769,31.113370159658842,4.016718815758183,60,200.0,0.0,0.0,60,0.18999300143362227,0.00011137067147595573,1.4377891862743798e-05,60,0.7314463530605037,0.11326981756322597,0.014623070568344219,60,0.0,0.0,0.0,60,,,,0,,,,0,,,,0,,,,0,-6.155859801411628,1.0627571929965196,0.1372013636512554,60,,,,0,,,,0,,,,0,0.0,0.0
bc_plus_vjepa_value_planner,value_score,0.0,1,drawer-open-v3,brightness,0.016666666666666666,0.12909944487358058,0.016666666666666666,60,280.75068583702273,97.79400419309127,12.625151653292692,60,199.41666666666666,4.518480570575321,0.5833333333333335,60,0.18694260658463682,0.02126145021423419,0.0027448414198649046,60,0.8626872193816335,0.09586866261624861,0.012376591124530281,60,0.15521154402416532,0.005929001377373384,0.0007654307864735984,60,-0.38112075119371513,0.05924354906221772,0.0076483092962730415,60,0.38112075119371513,0.05924354906221772,0.0076483092962730415,60,0.38112075119371513,0.05924354906221772,0.0076483092962730415,60,0.38070801404329263,0.059124840319483736,0.007632984063484444,60,-5.806287844603411,1.057207292451228,0.13648487457175465,60,0.00735112508166826,0.0009801615713668592,0.00012653831474987795,60,128.96933880190915,160.3475715328934,20.700782471723286,60,0.00628442592020906,0.004143750047749439,0.0005349558308593255,60,0.0,0.05
bc_plus_de_vjepa_value_planner,value_score,0.0,1,drawer-open-v3,brightness,0.0,0.0,0.0,60,309.10599087126286,115.27525785596914,14.881971796864473,60,200.0,0.0,0.0,60,0.18727165199817836,0.017942703206539325,0.0023163930234956407,60,0.8540557484005888,0.08901376730867203,0.011491627945655631,60,0.1542496206934253,0.005029854669984742,0.0006493514456898169,60,-0.41454186150928335,0.06129630456995939,0.007913318892783676,60,0.41454186150928335,0.06129630456995939,0.007913318892783676,60,0.41454186150928335,0.06129630456995939,0.007913318892783676,60,0.4141576987269024,0.06118030095686632,0.007898342890730032,60,-6.0969586486717064,0.956299625165597,0.12345775074169174,60,0.006754453065067793,0.0008397526456019481,0.00010841160037833214,60,140.15314676862087,84.88397260441043,10.958473741893608,60,0.0075937096812545984,0.00357669208956727,0.00046174896324686145,60,0.0,0.0
bc_plus_vjepa_value_planner,value_score,0.01,1,drawer-open-v3,brightness,0.0,0.0,0.0,60,270.7889989258215,82.95151373327427,10.708994374388903,60,200.0,0.0,0.0,60,0.1900041805237584,0.0001306477011706018,1.686654569513413e-05,60,0.8331095031226674,0.0963380992576177,0.012437195134334349,60,0.1080764121082611,0.019870037444854514,0.002565210803747977,60,-0.3842468639053404,0.05400240285066935,0.006971680229860878,60,0.3843803411262731,0.05402887451851293,0.0069750977074843614,60,0.3843803411262731,0.05402887451851293,0.0069750977074843614,60,0.3840406531592209,0.05391183334613116,0.006959987757102521,60,-5.93541719230016,1.039331179259543,0.13417707828221084,60,0.007125825375260264,0.0008430038286661058,0.00010883132630709728,60,123.57093466506588,116.71687384178374,15.068083620354017,60,0.006168341444014561,0.003263725935334485,0.0004213452064711895,60,0.0,0.0
bc_plus_de_vjepa_value_planner,value_score,0.01,1,drawer-open-v3,brightness,0.16666666666666666,0.37582301400141443,0.048518542478298496,60,335.97623958318457,153.53895661727825,19.82179406575939,60,195.2,11.417797585126268,1.4740313299187098,60,0.16295534535727604,0.06100053633521691,0.007875135377867184,60,0.8424594416148817,0.12305383508202113,0.01588618179865406,60,0.09653259326151017,0.02708615428896568,0.0034968074824656224,60,-0.42513138229903374,0.06324664414860437,0.008165106649701716,60,0.4252470796438692,0.06326783954006704,0.008167842962973425,60,0.4252470796438692,0.06326783954006704,0.008167842962973425,60,0.42494033372940854,0.06318094086165547,0.008156624391830245,60,-6.030023993521251,0.841501034989542,0.10863731647769335,60,0.006624342821656689,0.0005634038705280437,7.27351269247971e-05,60,149.76318654271796,90.3823175452223,11.66830702147588,60,0.007567599806029081,0.003890275587232592,0.0005022324187169702,60,0.08333333333333333,0.26666666666666666
bc_plus_vjepa_value_planner,value_score,0.1,1,drawer-open-v3,brightness,0.0,0.0,0.0,60,264.9450412491754,30.938739863466406,3.9941741414616305,60,200.0,0.0,0.0,60,0.19000182617470646,5.7663319498001616e-05,7.444302536759922e-06,60,0.7339535247373085,0.11335804107600171,0.014634460174868363,60,0.0027818442201629438,0.0037769623348101592,0.0004876037407324143,60,-0.419781030635039,0.03968380176222895,0.005123156777976976,60,0.41979402968287455,0.03969381639794081,0.005124449661887988,60,0.41979402968287455,0.03969381639794081,0.005124449661887988,60,0.4197771917345623,0.039680723142244065,0.00512275932984595,60,-6.146363015532494,1.0600485002712818,0.1368516729240941,60,0.007338508614610521,0.000782529940261518,0.00010102418088471812,60,126.33104487609367,95.64203232406116,12.347333279617343,60,0.006361624887026919,0.003275742854762717,0.0004228965840984648,60,0.0,0.0
bc_plus_de_vjepa_value_planner,value_score,0.1,1,drawer-open-v3,brightness,0.0,0.0,0.0,60,265.1661107196728,31.036422947937144,4.006784973440342,60,200.0,0.0,0.0,60,0.19000292915988115,4.992737693773242e-05,6.445596646655264e-06,60,0.7329392774949471,0.11320357674055323,0.014614518914909199,60,0.002161169063377472,0.003085254956440126,0.0003983047021698832,60,-0.42175861654678976,0.0408962666800067,0.005279685325790774,60,0.4217681225761771,0.04090503935097836,0.0052808178727432745,60,0.4217681225761771,0.04090503935097836,0.0052808178727432745,60,0.4217559471800923,0.04089367040675228,0.005279350148354889,60,-6.153056380112966,1.0597256770072465,0.13680999661991486,60,0.006661745541360334,0.0006705752351467937,8.657089060342181e-05,60,157.9493823338201,98.33067471822004,12.694435520166829,60,0.00750720856198672,0.0039847463014460295,0.0005144285354787357,60,0.0,0.0
bc_plus_vjepa_value_planner,value_score,0.3,1,drawer-open-v3,brightness,0.0,0.0,0.0,60,265.2614610680017,31.09813946670098,4.014752541752284,60,200.0,0.0,0.0,60,0.1899930740613018,0.00011139575508999537,1.4381130143391738e-05,60,0.7315994665622712,0.11328474129528604,0.014624997213868614,60,4.091564872456861e-05,0.00011740956463755512,1.515750961755714e-05,60,-0.4199460432082414,0.03974407471662889,0.0051309379829308985,60,0.41994631723562875,0.03974434076904481,0.005130972330150101,60,0.41994631723562875,0.03974434076904481,0.005130972330150101,60,0.41994598797708743,0.03974402645098851,0.005130931751863519,60,-6.155852465967337,1.0630720577677764,0.1372420125184349,60,0.0073320279269051825,0.0007759284786510451,0.00010017193585545182,60,124.09947381193565,92.51746251992384,11.943953052434463,60,0.0062911126007438155,0.0032482067178893075,0.00041934168411414467,60,0.0,0.0
bc_plus_de_vjepa_value_planner,value_score,0.3,1,drawer-open-v3,brightness,0.0,0.0,0.0,60,265.2644859685654,31.098917796836005,4.014853023740643,60,200.0,0.0,0.0,60,0.18999307515239813,0.00011139588909411958,1.4381147443249784e-05,60,0.7315660044265291,0.11326464540169917,0.014622402845162311,60,2.443396614398412e-05,5.4978283166585165e-05,7.097665836908664e-06,60,-0.4219748675636948,0.04068658004026601,0.005252614897002845,60,0.4219749992179374,0.040686710862756326,0.005252631786113722,60,0.4219749992179374,0.040686710862756326,0.005252631786113722,60,0.42197484189396106,0.040686555090990534,0.005252611676065231,60,-6.155506336609522,1.0634043638337496,0.13728491304708015,60,0.006664357108956456,0.0006717737487673182,8.672561804650495e-05,60,155.82148092323789,97.35624999473866,12.56863782929429,60,0.007440142906745023,0.003982718848798977,0.0005141667924674938,60,0.0,0.0
bc_only,bc_only,0.0,0,drawer-open-v3,background_shift,0.0,0.0,0.0,60,637.9405310387859,283.7283017621984,36.62916625242356,60,200.0,0.0,0.0,60,0.1578063041841557,0.045450278816507414,0.005867605764560565,60,0.3563091879238684,0.05034336168126813,0.006499300046121603,60,0.0,0.0,0.0,60,,,,0,,,,0,,,,0,,,,0,-1.9697537530958653,0.3865502504638219,0.049903422750622935,60,,,,0,,,,0,,,,0,0.0,0.0
bc_plus_vjepa_value_planner,value_score,0.0,1,drawer-open-v3,background_shift,0.016666666666666666,0.12909944487358058,0.016666666666666666,60,509.4427094526914,284.47904847133987,36.72608723581439,60,199.51666666666668,3.743883901333837,0.48333333333333345,60,0.17650094916035045,0.03972413899597305,0.005128364292461075,60,0.44740853695792626,0.14338533098786674,0.018510966633548204,60,0.1599618882688278,0.002527906669172523,0.00032635134768239476,60,-0.56938115978636,0.034568177405577626,0.0044627325133515215,60,0.56938115978636,0.034568177405577626,0.0044627325133515215,60,0.56938115978636,0.034568177405577626,0.0044627325133515215,60,0.5691939473603045,0.034554502671335995,0.004460967112752134,60,-2.2581120641634422,0.524741649365518,0.06774385563513544,60,0.010671896582783592,0.0006862175815105156,8.859030883549857e-05,60,123.111108109981,45.84529813934189,5.918602539852834,60,0.009886745714792318,0.0022093131355167784,0.00028522109934712574,60,0.0,0.05
bc_plus_de_vjepa_value_planner,value_score,0.0,1,drawer-open-v3,background_shift,0.0,0.0,0.0,60,505.90319256909527,225.7951414046324,29.150027410489667,60,200.0,0.0,0.0,60,0.18748475024079264,0.014755891024600678,0.0019049773398909973,60,0.43624921244258685,0.1273399377759041,0.01643951527710551,60,0.15957414602270964,0.0022066563651791248,0.0002848781117713781,60,-0.5948701217149696,0.04018774215480649,0.00518821520290811,60,0.5948701217149696,0.04018774215480649,0.00518821520290811,60,0.5948701217149696,0.04018774215480649,0.00518821520290811,60,0.5947121197817226,0.04016461186021632,0.0051852290947167565,60,-2.0921152318269014,0.3857982411920645,0.049806338771099266,60,0.00952688206569287,0.0024577353947061896,0.00031729227510271946,60,98.61829676774022,42.495329306861166,5.486123423235775,60,0.007953530664719387,0.001834930316587559,0.00023688848525315728,60,0.0,0.0
bc_plus_vjepa_value_planner,value_score,0.01,1,drawer-open-v3,background_shift,0.0,0.0,0.0,60,662.7515159754704,290.70954308317096,37.53044063148962,60,200.0,0.0,0.0,60,0.15272151938446626,0.05046511525207749,0.006515018364524467,60,0.3826784218576116,0.09108131509365798,0.01175854721694692,60,0.059201172167590466,0.027321000124601147,0.0035271259494770333,60,-0.5997131399909655,0.030740845157318303,0.00396862604475449,60,0.5997641433775427,0.030743253396859547,0.003968936947142387,60,0.5997641433775427,0.030743253396859547,0.003968936947142387,60,0.5996830205048125,0.03074017185081948,0.003968539121259262,60,-1.9918262622803449,0.3709653080385632,0.04789141533513532,60,0.010470132006060597,0.0007732785796387834,9.982983536399779e-05,60,140.2882914297606,45.5712864441812,5.88322778211872,60,0.009743653648015074,0.0017880609464217885,0.00023083767558318197,60,0.0,0.0
bc_plus_de_vjepa_value_planner,value_score,0.01,1,drawer-open-v3,background_shift,0.0,0.0,0.0,60,640.0245760688874,283.78393958109274,36.6363490639568,60,200.0,0.0,0.0,60,0.1601189552187294,0.041720231032309034,0.005386058666268625,60,0.3763121765488758,0.08117897647228409,0.010480160797977332,60,0.05180775756315168,0.028854393337718408,0.0037250861620633877,60,-0.6044951642391582,0.03449681503408715,0.004453519670807239,60,0.6045375842613478,0.03450064009130883,0.004454013483571167,60,0.6045375842613478,0.03450064009130883,0.004454013483571167,60,0.6044721700648467,0.034493437434249104,0.004453083624543142,60,-2.001918795123696,0.37581185229492214,0.0485171015081865,60,0.009295536718719275,0.0018791510980821508,0.000242597363595985,60,112.85742255452648,46.46327465750105,5.99838296529209,60,0.008267040549630672,0.0019153050031268674,0.00024726481266727004,60,0.0,0.0
bc_plus_vjepa_value_planner,value_score,0.1,1,drawer-open-v3,background_shift,0.0,0.0,0.0,60,637.8937608199715,283.67935885286784,36.622847749998485,60,200.0,0.0,0.0,60,0.15779732476368874,0.04546424186711817,0.005869408386643155,60,0.3562907314573725,0.050395587523211514,0.006506042373324549,60,1.2627915789683002e-05,2.9784540586470863e-05,3.845167655528018e-06,60,-0.5966108412469427,0.0334688689502212,0.0043208124020201735,60,0.5966108585124216,0.03346886701691261,0.004320812152431108,60,0.5966108585124216,0.03346886701691261,0.004320812152431108,60,0.5966108382269741,0.03346886876352937,0.004320812377918363,60,-1.9697688199530046,0.3861491167269252,0.0498516366078695,60,0.010506579835355861,0.0007821435098566827,0.00010097429293397162,60,151.35473258710653,49.91063305829584,6.443435021114972,60,0.009777757200924147,0.0016936765016046626,0.00021865269615258993,60,0.0,0.0
bc_plus_de_vjepa_value_planner,value_score,0.1,1,drawer-open-v3,background_shift,0.0,0.0,0.0,60,637.9376208540474,283.7265166621283,36.628935796995464,60,200.0,0.0,0.0,60,0.15780341363162131,0.045459762835135815,0.005868830146100662,60,0.35626775276350475,0.05041567834448998,0.006508636087198653,60,7.471136942816278e-06,1.911708651320827e-05,2.4680052564554013e-06,60,-0.5960669732615352,0.03510252492734353,0.004531716481781073,60,0.5960669815664491,0.035102529243730585,0.004531717039024246,60,0.5960669815664491,0.035102529243730585,0.004531717039024246,60,0.5960669715479017,0.03510252457913138,0.004531716436827078,60,-1.96994856535395,0.3862443038565954,0.04986392521346904,60,0.009412018646330834,0.0017097121644129606,0.0002207228913193211,60,126.48106861610339,58.4089083282795,7.5405576408527395,60,0.00833831270545726,0.0020928185796087505,0.00027018171684860503,60,0.0,0.0
bc_plus_vjepa_value_planner,value_score,0.3,1,drawer-open-v3,background_shift,0.0,0.0,0.0,60,637.9393575200222,283.7275584278327,36.6290702883696,60,200.0,0.0,0.0,60,0.1578111090089582,0.045449989355447785,0.005867568395298455,60,0.3563104017277558,0.05034458992644714,0.006499458611892382,60,4.048589617013931e-07,3.1360240324646442e-06,4.048589617013931e-07,60,-0.5966208111171922,0.033480245814380874,0.00432228114886759,60,0.5966208117082716,0.03348024553325511,0.00432228111257441,60,0.5966208117082716,0.03348024553325511,0.00432228111257441,60,0.5966208110476534,0.03348024584745454,0.004322281153137382,60,-1.9697278880973659,0.38654931693104333,0.04990330223205945,60,0.010507204945276759,0.0007819417073372933,0.00010094824034074436,60,151.33590313530715,49.92549520881025,6.445353716496009,60,0.009777966132569366,0.0016942147641937498,0.0002187221855540373,60,0.0,0.0
bc_plus_de_vjepa_value_planner,value_score,0.3,1,drawer-open-v3,background_shift,0.0,0.0,0.0,60,637.9405310387859,283.7283017621984,36.62916625242356,60,200.0,0.0,0.0,60,0.1578063041841557,0.045450278816507414,0.005867605764560565,60,0.3563091879238684,0.05034336168126813,0.006499300046121603,60,0.0,0.0,0.0,60,-0.5960710273807248,0.03512072174604131,0.004534065680973422,60,0.5960710273807248,0.03512072174604131,0.004534065680973422,60,0.5960710273807248,0.03512072174604131,0.004534065680973422,60,0.5960710273807248,0.03512072174604131,0.004534065680973422,60,-1.9697537530958653,0.3865502504638219,0.049903422750622935,60,0.009412186019471797,0.001708912207629329,0.0002206196173426314,60,126.41855397505687,58.28510734148667,7.524575002182984,60,0.008338720275722107,0.0020952484695769837,0.00027049541429460783,60,0.0,0.0
bc_only,bc_only,0.0,0,ALL,clean,0.7944444444444444,0.40523422046102,0.030204375458665892,180,394.5906331527743,393.5242571059974,29.331566322803827,180,101.0111111111111,52.97485319832641,3.9485124283176662,180,0.056840699318184654,0.06478724242174365,0.00482895593765923,180,0.8858800882148297,0.2434080104838714,0.018142561923663928,180,0.0,0.0,0.0,180,,,,0,,,,0,,,,0,,,,0,-5.769165777667799,2.40479553687146,0.17924287641442288,180,,,,0,,,,0,,,,0,0.7333333333333333,0.8555555555555555
bc_plus_vjepa_value_planner,value_score,0.0,1,ALL,clean,0.37777777777777777,0.48618404170482804,0.03623801889425294,180,417.47656072845274,401.20952128039255,29.904392093436872,180,151.86666666666667,64.28127784638576,4.7912435648356615,180,0.11365141976330825,0.08145686986352234,0.006071436608306332,180,0.8314479444437968,0.22938378039016324,0.017097257529609607,180,0.155205828588471,0.006222005294737739,0.0004637608931799066,180,-0.6062361832762493,0.14193666560835683,0.010579334426664746,180,0.6062361832762493,0.14193666560835683,0.010579334426664746,180,0.6062361832762493,0.14193666560835683,0.010579334426664746,180,0.6054050456253212,0.14208205185682873,0.010590170877817308,180,-5.41353106222955,2.0415411401405996,0.1521674922738935,180,0.006344757339746145,0.0031208437074290102,0.00023261395589879106,180,27.99738205446907,76.03313105228895,5.667174985835607,180,0.003997572043613142,0.005188044112301919,0.00038669397684582143,180,0.3111111111111111,0.45
bc_plus_de_vjepa_value_planner,value_score,0.0,1,ALL,clean,0.37222222222222223,0.48474557694088266,0.03613080206107227,180,406.0951790237393,378.53533739325127,28.214358209904262,180,153.23888888888888,63.54344520818912,4.736248767001471,180,0.11507984495149211,0.07995706682736524,0.005959647890249404,180,0.8132529589161414,0.2291371210004145,0.017078872624184047,180,0.1551031420219852,0.006679230534743238,0.0004978404504359384,180,-0.592966173456574,0.15548425386473194,0.011589112035745834,180,0.592966173456574,0.15548425386473194,0.011589112035745834,180,0.592966173456574,0.15548425386473194,0.011589112035745834,180,0.5922497486413989,0.15559632041067045,0.011597464982903236,180,-5.61761036296056,2.186976967114956,0.16300763878984545,180,0.00538118542802637,0.002472101082372146,0.00018425953558116417,180,13.735723633648357,35.31061276347154,2.631897682209802,180,0.002834514374137378,0.003158004135686262,0.0002353837306873317,180,0.3,0.4444444444444444
bc_plus_vjepa_value_planner,value_score,0.01,1,ALL,clean,0.45,0.49888143036622024,0.03718442636703987,180,431.2711760911715,427.20224666299686,31.84177545596979,180,144.6888888888889,64.54657396832955,4.8110175702634415,180,0.09933035550171036,0.08126942706934029,0.0060574654473168794,180,0.8266936675546538,0.24291532067229613,0.018105838993313802,180,0.11883496757021594,0.022761492015650968,0.0016965414472104757,180,-0.608784756245066,0.1360924358213954,0.010143731257338919,180,0.6089518643069223,0.13607259561684418,0.01014225245580345,180,0.6089518643069223,0.13607259561684418,0.01014225245580345,180,0.6081877655083149,0.1362154166244926,0.010152897705194014,180,-5.516581184683041,2.0878863268070353,0.15562185853442909,180,0.006054594231311546,0.003028805333918015,0.00022575382057515435,180,23.094417509534665,73.86232643903635,5.505372763132175,180,0.0033432045097930452,0.004451648216398824,0.0003318062674594488,180,0.37777777777777777,0.5166666666666667
bc_plus_de_vjepa_value_planner,value_score,0.01,1,ALL,clean,0.4111111111111111,0.49340781560647357,0.03677644721085855,180,419.9490069146847,397.895504508617,29.657379867428055,180,147.40555555555557,65.09225916804739,4.851690543626262,180,0.10928024062214367,0.08245156589818078,0.006145576873321191,180,0.8126303085261071,0.23650004287490786,0.01762767241833029,180,0.11671347603486633,0.0250389364951464,0.001866292136248256,180,-0.5945514932284477,0.13904827294436126,0.010364046348584554,180,0.5947148402627906,0.13902684925462777,0.010362449521032121,180,0.5947148402627906,0.13902684925462777,0.010362449521032121,180,0.5940179968204679,0.13914163513325808,0.01037100515528127,180,-5.648109455384527,2.2193587442566356,0.16542123395388025,180,0.005278144456858829,0.002449272947090808,0.00018255802683820972,180,11.895630065231337,31.10555088509148,2.318470875221443,180,0.002672856490510183,0.0029149758809741016,0.0002172694740876809,180,0.3388888888888889,0.48333333333333334
bc_plus_vjepa_value_planner,value_score,0.1,1,ALL,clean,0.7777777777777778,0.4168993763562226,0.03107384484365941,180,402.4032953653119,402.8661088638903,30.027866841682975,180,103.00555555555556,54.17883662167785,4.038252054264224,180,0.055961027621797076,0.06265615651110948,0.004670114172256895,180,0.8769924680866675,0.2537026762192009,0.018909881003325083,180,0.0179284168882431,0.011445350479153371,0.000853086056589891,180,-0.5954952333020906,0.10248937500007564,0.007639106982387888,180,0.5956214959227145,0.10247429994725203,0.007637983354291955,180,0.5956214959227145,0.10247429994725203,0.007637983354291955,180,0.5954321768383042,0.10249696927295575,0.007639673026067875,180,-5.8641363232298245,2.4306013109396334,0.1811663252487041,180,0.004217768095590404,0.0015854424388820519,0.00011817190225844411,180,2.0226271972312375,2.683900071156853,0.20004610013077484,180,0.0013495608251052804,0.0012508318098761904,9.323149851007514e-05,180,0.7166666666666667,0.8388888888888889
bc_plus_de_vjepa_value_planner,value_score,0.1,1,ALL,clean,0.7888888888888889,0.40923540764487487,0.030502606343125908,180,386.610459075325,378.8350222480268,28.2366954001411,180,101.23333333333333,53.5930350681992,3.9945889844341163,180,0.05546884278578658,0.062566066346093,0.004663399247820861,180,0.881442397625803,0.24597214417824334,0.018333681165131042,180,0.015878236383033473,0.01018346453375708,0.0007590306314646343,180,-0.5910940009205622,0.10123301484061703,0.007545463425028823,180,0.5912002305030171,0.10121249940228773,0.007543934294539072,180,0.5912002305030171,0.10121249940228773,0.007543934294539072,180,0.5910452239612359,0.10124312259678465,0.00754621681269185,180,-5.856704837107675,2.435342118380822,0.1815196841722619,180,0.003916099247281362,0.001350306816252725,0.00010064592772074704,180,1.8196289836656219,2.335781509078313,0.174098874496205,180,0.001349450515230354,0.0014231940318869237,0.00010607862001570548,180,0.7277777777777777,0.8444444444444444
bc_plus_vjepa_value_planner,value_score,0.3,1,ALL,clean,0.8,0.40111576227892537,0.029897403710077434,180,388.4135788428057,381.9302070577289,28.467396854721727,180,100.28333333333333,52.451017319753625,3.9094680071995973,180,0.05662548921915514,0.06480456657805651,0.00483024720403151,180,0.8841290115500899,0.24525003374171683,0.018279858231019862,180,0.0009499511818572716,0.0019092424255606204,0.00014230652830267095,180,-0.5904282306117383,0.09528852349250223,0.007102387200160688,180,0.590440967471086,0.09528431221188279,0.007102073309836108,180,0.590440967471086,0.09528431221188279,0.007102073309836108,180,0.590424509917085,0.09528957143247171,0.007102465308994292,180,-5.7876817059846895,2.408073214592681,0.17948718008752243,180,0.004170338214973954,0.0016999548810934001,0.00012670715576024714,180,1.9624983479929723,2.6004022550227144,0.19382254036915111,180,0.0013114492463601462,0.0011594055977979176,8.641699100566413e-05,180,0.7388888888888889,0.8555555555555555
bc_plus_de_vjepa_value_planner,value_score,0.3,1,ALL,clean,0.8,0.40111576227892537,0.029897403710077434,180,388.19843357138825,381.55575822594164,28.439487086656,180,100.2,52.52830043289727,3.915228350349664,180,0.056614224485749,0.06473801125800331,0.004825286463368069,180,0.884384885668612,0.2451313933592336,0.018271015299016227,180,0.0005933489487065682,0.0010070255723134496,7.505925449245012e-05,180,-0.588529341073669,0.0954844345674192,0.007116989549529335,180,0.5885358808131089,0.0954828887478022,0.007116874330937849,180,0.5885358808131089,0.0954828887478022,0.007116874330937849,180,0.5885277589115031,0.09548469096656728,0.007117008660393484,180,-5.780707350609853,2.4134207971405837,0.17988576535726916,180,0.0039014326091097373,0.001450964063212513,0.00010814847594174936,180,1.7642124303819287,2.281638533761737,0.17006329538580642,180,0.0013350856019337448,0.0014177190823111865,0.00010567054136821441,180,0.7388888888888889,0.8555555555555555
bc_only,bc_only,0.0,0,ALL,brightness,0.13333333333333333,0.34088284984498085,0.025407907487241026,180,364.89103881871796,359.4343352749969,26.790653570744787,180,186.20555555555555,35.28458875486928,2.629957967133746,180,0.15940207224049502,0.08721567387090162,0.006500672515959608,180,0.8023687011610113,0.10215549080525525,0.0076142207238468484,180,0.0,0.0,0.0,180,,,,0,,,,0,,,,0,,,,0,-4.432550766576137,1.6993144731571617,0.12665942257095517,180,,,,0,,,,0,,,,0,0.08333333333333333,0.18333333333333332
bc_plus_vjepa_value_planner,value_score,0.0,1,ALL,brightness,0.11666666666666667,0.3219181338728856,0.023994361017654994,180,305.8600658471959,270.0878824568406,20.13116216908228,180,189.43333333333334,30.49225563370616,2.2727585461422635,180,0.1850024131876276,0.11067272527891071,0.008249057899293458,180,0.7768197665071466,0.10002230334780578,0.007455222318393283,180,0.15841834566069776,0.00455995976844789,0.00033987933389712275,180,-0.5292082235974316,0.1263626080564456,0.009418512714279166,180,0.5292082235974316,0.1263626080564456,0.009418512714279166,180,0.5292082235974316,0.1263626080564456,0.009418512714279166,180,0.5287723593498415,0.12635425499981323,0.009417890114197502,180,-4.409598284542285,1.4777672331020986,0.11014626627126899,180,0.007631283600656893,0.0013180903337100267,9.824465288870007e-05,180,45.54180414105079,109.4396813591471,8.157152231832317,180,0.004086040532196694,0.002939892690909543,0.0002191266634476172,180,0.07222222222222222,0.16666666666666666
bc_plus_de_vjepa_value_planner,value_score,0.0,1,ALL,brightness,0.19444444444444445,0.3968763822881445,0.02958141898201615,180,333.5460586716576,309.63328109854876,23.07870215442186,180,179.73333333333332,41.88313082906641,3.1217842548103203,180,0.16269255749759357,0.10207705573531431,0.0076083745189065854,180,0.7937393945858869,0.0965702862803454,0.007197924157648921,180,0.157869509025404,0.00454638409658712,0.00033886746305975896,180,-0.543333710730924,0.11127500981276786,0.008293949537943502,180,0.543333710730924,0.11127500981276786,0.008293949537943502,180,0.543333710730924,0.11127500981276786,0.008293949537943502,180,0.5429839118579187,0.11128710051410765,0.008294850725613217,180,-4.454521200322846,1.5508480597289376,0.11559338947758528,180,0.006939800828042744,0.0009700398739609051,7.230250330206372e-05,180,49.651835208293534,80.59220738934636,6.006988472644643,180,0.004293296426683722,0.0031636405777404953,0.00023580384627348185,180,0.14430555555555555,0.25555555555555554
bc_plus_vjepa_value_planner,value_score,0.01,1,ALL,brightness,0.15,0.35806743848441913,0.02668877109934618,180,312.17323629525504,285.2919222435921,21.264404385608543,180,184.4388888888889,37.4062946766998,2.7881005894496425,180,0.17757197274024433,0.10800899855520574,0.008050515431703886,180,0.7705490325506777,0.08965287634290756,0.006682330862704134,180,0.11328270901163946,0.016125508171453393,0.0012019244147699374,180,-0.5249326858052162,0.11748529066868933,0.008756836543050369,180,0.5250769357076536,0.11749177868074959,0.00875732013091722,180,0.5250769357076536,0.11749177868074959,0.00875732013091722,180,0.524713665419604,0.11747713611763014,0.008756228738700557,180,-4.387442820867978,1.559058711791263,0.11620537534928391,180,0.007618549881381337,0.001334593253646835,9.947470791556473e-05,180,43.71276272329299,87.74587695398532,6.540191520481445,180,0.00410587301328375,0.0025090184374100648,0.0001870111927616402,180,0.1,0.20555555555555555
bc_plus_de_vjepa_value_planner,value_score,0.01,1,ALL,brightness,0.24444444444444444,0.430956092103266,0.0321215705753521,180,351.5359704064395,314.2386496664951,23.421966060400823,180,178.35,41.701717473306346,3.108262501626792,180,0.1514500741316787,0.09912312291358343,0.007388201365894651,180,0.7985314899029429,0.10087911703597698,0.0075190854400867205,180,0.093670257020741,0.025560216771721895,0.0019051460740400125,180,-0.5451986104221531,0.10452422381357078,0.007790775658084885,180,0.5453078976954324,0.10452153080825972,0.007790574933320242,180,0.5453078976954324,0.10452153080825972,0.007790574933320242,180,0.5450421972608668,0.10453844894836983,0.007791835937031545,180,-4.4123200669722555,1.5542556882663623,0.1158473791126436,180,0.006891100868415651,0.0008705723286752317,6.488863020827025e-05,180,52.86303635792443,86.11555963781032,6.418674842352702,180,0.004282410119298064,0.003275147993668635,0.00024411511834050397,180,0.18333333333333332,0.3111111111111111
bc_plus_vjepa_value_planner,value_score,0.1,1,ALL,brightness,0.13333333333333333,0.34088284984498085,0.025407907487241026,180,363.8101413243584,357.3838616348421,26.637820289229534,180,186.17777777777778,35.355521651295966,2.6352449930754465,180,0.1598254751756733,0.08749271456463321,0.006521321910083526,180,0.80220831312636,0.10124278330591588,0.007546191523443626,180,0.0019083771649723623,0.002992728298854639,0.0002230647971475426,180,-0.5439280751048818,0.10293966731983926,0.007672669790279139,180,0.5439361945344807,0.10293744236418038,0.007672503951875799,180,0.5439361945344807,0.10293744236418038,0.007672503951875799,180,0.5439259507583118,0.10294041916507427,0.007672725829514273,180,-4.429453285614978,1.6948043638495562,0.12632325887102983,180,0.00782980623302314,0.0011122996418325853,8.290592034954432e-05,180,44.48910370353648,79.91335606018781,5.9563898820241565,180,0.004214761437589767,0.0025856167511879202,0.00019272049398061166,180,0.08888888888888889,0.18888888888888888
bc_plus_de_vjepa_value_planner,value_score,0.1,1,ALL,brightness,0.13333333333333333,0.34088284984498085,0.025407907487241026,180,364.63803593927537,359.1198686518268,26.76721461254268,180,186.1888888888889,35.32685194058873,2.6331080790075587,180,0.15936079909320214,0.08705380493680775,0.006488607517956964,180,0.8024680355356801,0.10170416764209982,0.007580581081425656,180,0.001315944106321022,0.0023957175796366055,0.00017856624543195719,180,-0.5467662965402283,0.10243103406645894,0.007634758505939963,180,0.5467717859646152,0.10242945633819864,0.0076346409090186276,180,0.5467717859646152,0.10242945633819864,0.0076346409090186276,180,0.546764889362253,0.102431517528916,0.007634794541103915,180,-4.431241169104624,1.6972198995212582,0.12650330226982986,180,0.006966042698278789,0.0008728887802081918,6.5061288311413e-05,180,55.60027007467454,91.95737070751674,6.854097731138512,180,0.004256922690164173,0.003299097362655397,0.00024590019890959145,180,0.08888888888888889,0.18888888888888888
bc_plus_vjepa_value_planner,value_score,0.3,1,ALL,brightness,0.13333333333333333,0.34088284984498085,0.025407907487241026,180,364.8878027040212,359.44588525554104,26.79151445546597,180,186.20555555555555,35.28458875486928,2.629957967133746,180,0.1594004000453517,0.08720621346549075,0.006499967378973161,180,0.8024186345718027,0.10211773565938666,0.007611406621424763,180,1.8916349599342724e-05,7.28504310209034e-05,5.429950531763313e-06,180,-0.5441825918395222,0.10290719393135501,0.007670249366808788,180,0.5441827049063032,0.10290712846508451,0.007670244487241085,180,0.5441827049063032,0.10290712846508451,0.007670244487241085,180,0.5441825699825298,0.10290720848093803,0.007670250451270676,180,-4.432545087196435,1.699374809339849,0.12666391976448824,180,0.007831628915485174,0.0011066767834178248,8.248681722810227e-05,180,43.74772172713169,77.9157384137103,5.807496253671595,180,0.004197679233210436,0.0025525369350642047,0.00019025487006275093,180,0.08333333333333333,0.18333333333333332
bc_plus_de_vjepa_value_planner,value_score,0.3,1,ALL,brightness,0.13333333333333333,0.34088284984498085,0.025407907487241026,180,364.8817528716071,359.4329794412473,26.790552512863776,180,186.20555555555555,35.28458875486928,2.629957967133746,180,0.15940227385685468,0.08720794087929104,0.006500096132795918,180,0.8024075347013826,0.10211556006857385,0.007611244462459807,180,1.1685794956670376e-05,3.625191813779328e-05,2.702058442362112e-06,180,-0.5468307599389032,0.10227737303222015,0.007623305288671601,180,0.5468308165745727,0.1022773431901714,0.007623303064376615,180,0.5468308165745727,0.1022773431901714,0.007623303064376615,180,0.5468307491767201,0.10227737902888794,0.007623305735636828,180,-4.432415241775915,1.6993757076631202,0.12666398672155157,180,0.006967124109186868,0.0008749001151858163,6.52112043692627e-05,180,54.888626151686175,90.82167092931289,6.7694476676020034,180,0.004231424858741887,0.003277499590002121,0.00024429039598241443,180,0.08888888888888889,0.18333333333333332
bc_only,bc_only,0.0,0,ALL,background_shift,0.3055555555555556,0.46192725033909277,0.03443002441392581,180,463.94787608154996,380.2160798265447,28.33963335435468,180,160.38888888888889,60.29827062279082,4.494367734607962,180,0.13760715333655962,0.10562211061190489,0.007872607308507374,180,0.5981770794344834,0.18243371629907615,0.013597806367754853,180,0.0,0.0,0.0,180,,,,0,,,,0,,,,0,,,,0,-1.9614953415208494,0.8941192219478102,0.06664371200881752,180,,,,0,,,,0,,,,0,0.24444444444444444,0.37222222222222223
bc_plus_vjepa_value_planner,value_score,0.0,1,ALL,background_shift,0.23333333333333334,0.42413237103105506,0.03161296043612005,180,467.10800831329567,418.0819961377342,31.161992117759272,180,170.54444444444445,54.257437481289166,4.044110616436918,180,0.13322997472489526,0.0829315058133503,0.006181349482502342,180,0.5748015693277295,0.14644841481012094,0.010915620357083912,180,0.16044056711000493,0.0029810733967873437,0.00022219609203775678,180,-0.5467797567531676,0.06297658676773674,0.0046939976334524364,180,0.5467797567531676,0.06297658676773674,0.0046939976334524364,180,0.5467797567531676,0.06297658676773674,0.0046939976334524364,180,0.5466042339001821,0.06297590956658712,0.004693947157858937,180,-2.04468896788352,0.8496725194251343,0.06333085040160369,180,0.01219088883615878,0.0017662486191665921,0.0001316483992540546,180,43.384239339902685,62.375623925865135,4.649204507906558,180,0.0043197807727989816,0.004171082330189636,0.0003108941210017416,180,0.17222222222222222,0.29444444444444445
bc_plus_de_vjepa_value_planner,value_score,0.0,1,ALL,background_shift,0.29444444444444445,0.45706401177823885,0.034067540013496884,180,417.8708453403557,363.97641396267693,27.12920012757164,180,161.33333333333334,60.30861042687115,4.495138418101217,180,0.1429939333971612,0.10571914479115024,0.007879839809205157,180,0.6311350179599516,0.17910956163873523,0.013350038508146686,180,0.1600734118503203,0.0030651870793846157,0.00022846555577526816,180,-0.5472490312755885,0.0655604135850969,0.004886584713642578,180,0.5472490312755885,0.0655604135850969,0.004886584713642578,180,0.5472490312755885,0.0655604135850969,0.004886584713642578,180,0.5471061420014003,0.06554956950650864,0.004885776443746688,180,-1.8831220811497966,0.7514955817617067,0.05601317352033091,180,0.011119728657850814,0.002717673407409189,0.00020256341598701424,180,35.19908810011849,51.17610295342286,3.814441500912709,180,0.0035107345862520596,0.0033398627837255244,0.0002489386739977317,180,0.22777777777777777,0.36666666666666664
bc_plus_vjepa_value_planner,value_score,0.01,1,ALL,background_shift,0.3111111111111111,0.46423949811244747,0.03460236918732726,180,505.95560282435196,413.94310865173486,30.853497658762013,180,160.23333333333332,59.69598023205517,4.449475659411967,180,0.13164278661872938,0.09873486741392204,0.007359262509565284,180,0.5720067681733515,0.16114497378846074,0.012011037187447334,180,0.056019406164860897,0.03069933562686303,0.002288193377524895,180,-0.5447831418447309,0.0642228334754964,0.004786887378628634,180,0.5448334633715763,0.06423080221833252,0.004787481333651193,180,0.5448334633715763,0.06423080221833252,0.004787481333651193,180,0.5447503680150366,0.06421717248763484,0.0047864654335060255,180,-1.9875687920946246,0.9222380927377656,0.06873956889337997,180,0.012269433262074915,0.0019675725806341535,0.00014665420136542178,180,49.14606232957477,69.7426573861041,5.198310761560219,180,0.004268288453531548,0.004039043380173888,0.000301052518737978,180,0.24444444444444444,0.37777777777777777
bc_plus_de_vjepa_value_planner,value_score,0.01,1,ALL,background_shift,0.28888888888888886,0.45451046645997445,0.03387720998298804,180,464.9555491789661,376.49283591033503,28.0621191379061,180,162.27777777777777,59.74976267974239,4.453484366379466,180,0.13910792574950742,0.10547542544890055,0.007861674041981763,180,0.5879886865896424,0.16857193748187183,0.01256461037694367,180,0.045932368377772516,0.028395231800026056,0.0021164556180573993,180,-0.5482765996087448,0.07145925726611703,0.005326258562289448,180,0.5483140035325463,0.0714642009674767,0.005326627044032805,180,0.5483140035325463,0.0714642009674767,0.005326627044032805,180,0.5482560718598269,0.0714575115170822,0.005326128441838997,180,-1.9701365420947263,0.8749444892644523,0.06521451181780501,180,0.010798916355882048,0.0023889959295390222,0.00017806524321398504,180,40.064856304852064,58.11023279850607,4.331281024193247,180,0.0036565253358677285,0.003465295860349468,0.0002582879035296676,180,0.2222222222222222,0.35555555555555557
bc_plus_vjepa_value_planner,value_score,0.1,1,ALL,background_shift,0.3055555555555556,0.46192725033909277,0.03443002441392581,180,463.9281170686437,380.18923371608025,28.33763236342368,180,160.38888888888889,60.29827062279082,4.494367734607962,180,0.13760323895447238,0.10564401616848218,0.007874240052293768,180,0.5981510490282583,0.1824372510782661,0.013598069834639993,180,1.957262202041199e-05,5.08467886527508e-05,3.789895862170524e-06,180,-0.5431933419119253,0.0677788759751714,0.0050519391373003535,180,0.5431933728699201,0.0677788866611546,0.005051939933786514,180,0.5431933728699201,0.0677788866611546,0.005051939933786514,180,0.5431933353788915,0.06777887279877637,0.005051938900545846,180,-1.9615222183674268,0.8941602353051951,0.06664676896398745,180,0.012285197046628579,0.001978591072055176,0.0001474754712263186,180,52.91253130738701,75.47731555413912,5.625746944608576,180,0.004303247808925582,0.004037457337262704,0.0003009343020791567,180,0.24444444444444444,0.37222222222222223
bc_plus_de_vjepa_value_planner,value_score,0.1,1,ALL,background_shift,0.3055555555555556,0.46192725033909277,0.03443002441392581,180,463.95032689230476,380.2203116093177,28.33994877281956,180,160.38888888888889,60.29827062279082,4.494367734607962,180,0.13760494417201877,0.10562319780618347,0.00787268834318443,180,0.5981481929231823,0.18245187644483948,0.013599159945101792,180,8.741991400407759e-06,2.964511543257667e-05,2.209616443602317e-06,180,-0.5418733549745445,0.06792868198153208,0.0050631050177556945,180,0.5418733679368989,0.06792868020068528,0.005063104885019211,180,0.5418733679368989,0.06792868020068528,0.005063104885019211,180,0.5418733531367346,0.06792868194114089,0.005063105014745113,180,-1.9615866786552902,0.8940833844909434,0.06664104084249435,180,0.010840571385702574,0.0022973352636327035,0.00017123326055300419,180,44.532879490448195,67.09647388677318,5.001075888712145,180,0.0036625869235011876,0.0035403868874757053,0.0002638848582348192,180,0.2388888888888889,0.37236111111111037
bc_plus_vjepa_value_planner,value_score,0.3,1,ALL,background_shift,0.3055555555555556,0.46192725033909277,0.03443002441392581,180,463.9474849086287,380.21571698697574,28.339606309889973,180,160.38888888888889,60.29827062279082,4.494367734607962,180,0.1376087549448271,0.10562237758302993,0.007872627207360162,180,0.5981774840357791,0.18243328860725389,0.013597774489488587,180,1.349529872337977e-07,1.8105843193285978e-06,1.349529872337977e-07,180,-0.5431929743027052,0.06778034499706753,0.005052048631727693,180,0.5431929744997318,0.06778034510747084,0.005052048639956669,180,0.5431929744997318,0.06778034510747084,0.005052048639956669,180,0.5431929742795257,0.06778034498407892,0.005052048630759579,180,-1.961486719854683,0.8941190089270324,0.06664369613118619,180,0.012284644923995372,0.0019789955035135203,0.00014750561576742184,180,52.90641668993977,75.47221569313824,5.625366823412784,180,0.004303227874220571,0.004037693079751454,0.00030095187328682435,180,0.2388888888888889,0.37222222222222223
bc_plus_de_vjepa_value_planner,value_score,0.3,1,ALL,background_shift,0.3055555555555556,0.46192725033909277,0.03443002441392581,180,463.94787608154996,380.2160798265447,28.33963335435468,180,160.38888888888889,60.29827062279082,4.494367734607962,180,0.13760715333655962,0.10562211061190489,0.007872607308507374,180,0.5981770794344834,0.18243371629907615,0.013597806367754853,180,0.0,0.0,0.0,180,-0.5418744111705056,0.06793062742875568,0.005063250022830315,180,0.5418744111705056,0.06793062742875568,0.005063250022830315,180,0.5418744111705056,0.06793062742875568,0.005063250022830315,180,0.5418744111705056,0.06793062742875568,0.005063250022830315,180,-1.9614953415208494,0.8941192219478102,0.06664371200881752,180,0.010840353485349816,0.002297063666751555,0.00017121301691671334,180,44.512229259765014,67.03525899297394,4.996513199919794,180,0.003662637608547299,0.0035410883157575117,0.0002639371396121345,180,0.24444444444444444,0.37236111111111037
