method,planner_score,planner_alpha,planning_horizon,task,visual_condition,success_mean,success_std,success_count,return_mean,return_std,return_count,episode_length_mean,episode_length_std,episode_length_count,final_distance_to_goal_mean,final_distance_to_goal_std,final_distance_to_goal_count,mean_action_norm_mean,mean_action_norm_std,mean_action_norm_count,mean_action_deviation_from_bc_mean,mean_action_deviation_from_bc_std,mean_action_deviation_from_bc_count,mean_selected_planner_score_mean,mean_selected_planner_score_std,mean_selected_planner_score_count,mean_predicted_value_mean,mean_predicted_value_std,mean_predicted_value_count,mean_policy_entropy_mean,mean_policy_entropy_std,mean_policy_entropy_count,mean_prediction_latent_mse_mean,mean_prediction_latent_mse_std,mean_prediction_latent_mse_count,mean_decision_kl_mean,mean_decision_kl_std,mean_decision_kl_count,mean_action_mse_mean,mean_action_mse_std,mean_action_mse_count,success_stderr,return_stderr,episode_length_stderr,final_distance_to_goal_stderr,mean_action_norm_stderr,mean_action_deviation_from_bc_stderr,mean_selected_planner_score_stderr,mean_predicted_value_stderr,mean_policy_entropy_stderr,mean_prediction_latent_mse_stderr,mean_decision_kl_stderr,mean_action_mse_stderr
bc_only,bc_only,0.0,0,button-press-v3,background_shift,0.7666666666666667,0.4265218680850986,60,50.505080029001924,27.55764093878067,60,105.18333333333334,52.836649987682826,60,0.02226984464915253,0.011614007715701405,60,0.7753203124588234,0.02657102677616388,60,0.0,0.0,60,,,0,,,0,-0.9063998028507915,0.48800273455929827,60,,,0,,,0,,,0,0.05506373639622879,3.5576761472220415,6.82118218238953,0.0014993619488545328,0.003430304806523802,0.0,,,0.06300088212839469,,,
bc_only,bc_only,0.0,0,button-press-v3,brightness,0.35,0.48099473199130766,60,63.71741491432989,22.919375782515214,60,163.88333333333333,49.685482539080205,60,0.05716032871273431,0.03577855677686472,60,0.7918243247582788,0.036553505309760106,60,0.0,0.0,60,,,0,,,0,-2.301776932047462,0.532512598201236,60,,,0,,,0,,,0,0.06209615288719448,2.9588786903717,6.414368214071234,0.0046189918182711195,0.004719037243673509,0.0,,,0.06874708081596761,,,
bc_only,bc_only,0.0,0,button-press-v3,clean,0.9333333333333333,0.2515488742932317,60,63.59795036977693,33.80182674834581,60,78.56666666666666,33.12552739160166,60,0.019808823223086223,0.0014433635048346704,60,0.8488781983460504,0.04281763563576166,60,0.0,0.0,60,,,0,,,0,-2.7493472509427224,0.6291394206347269,60,,,0,,,0,,,0,0.03247482002983031,4.363797068924391,4.276487197400361,0.00018633742722494156,0.00552773299137607,0.0,,,0.08122154995202935,,,
bc_only,bc_only,0.0,0,drawer-open-v3,background_shift,0.0,0.0,60,662.4846067298128,273.1186173740976,60,200.0,0.0,60,0.15791693752860175,0.043879575605540545,60,0.35882480658777055,0.055779451334460814,60,0.0,0.0,60,,,0,,,0,-2.020088106388847,0.36070697291223575,60,,,0,,,0,,,0,0.0,35.25946188763585,0.0,0.005664828851963592,0.007201096202631793,0.0,,,0.04656706996499929,,,
bc_only,bc_only,0.0,0,drawer-open-v3,brightness,0.0,0.0,60,267.43372099528693,34.16039070679015,60,200.0,0.0,60,0.1900138420829033,6.47119804599242e-05,60,0.7274020106966297,0.11798427565551574,60,0.0,0.0,60,,,0,,,0,-6.179700331469377,1.0247518997593517,60,,,0,,,0,,,0,0.0,4.410087476911229,0.0,8.354280754046207e-06,0.015231704490938587,0.0,,,0.13229490139207936,,,
bc_only,bc_only,0.0,0,drawer-open-v3,clean,1.0,0.0,60,373.25434491077795,36.684237373269625,60,93.1,6.547609215635733,60,0.027645907328364087,0.0012702862952139182,60,1.186722126512129,0.023202790426955038,60,0.0,0.0,60,,,0,,,0,-8.301665975987323,0.5632385990937742,60,,,0,,,0,,,0,0.0,4.735914680499765,0.8452927149877133,0.00016399325554263412,0.002995467363637925,0.0,,,0.07271379047437944,,,
bc_only,bc_only,0.0,0,reach-v3,background_shift,0.15,0.3600847357902756,60,697.3599105416334,307.86266786308863,60,177.76666666666668,53.71436277534699,60,0.23960925111136683,0.09043597753514244,60,0.6704678452597882,0.04903907933777642,60,0.0,0.0,60,,,0,,,0,-2.906789362105009,0.2586498703531438,60,,,0,,,0,,,0,0.04648673949797451,39.744899518424255,6.934494416035417,0.011675234496386492,0.00633091791961841,0.0,,,0.033391554679214445,,,
bc_only,bc_only,0.0,0,reach-v3,brightness,0.0,0.0,60,737.6101973576795,349.8846616669348,60,200.0,0.0,60,0.23774081723715523,0.05748262500888709,60,0.9126210133483013,0.052336235856988114,60,0.0,0.0,60,,,0,,,0,-4.6566814673841,0.32658062407805283,60,,,0,,,0,,,0,0.0,45.16991559098183,0.0,0.007420974978523522,0.0067565789959099475,0.0,,,0.042161377274944116,,,
bc_only,bc_only,0.0,0,reach-v3,clean,0.43333333333333335,0.4997174342809082,60,809.8896025930884,509.3422139538325,60,133.8,76.76506090840537,60,0.11496998413509253,0.07018487658038447,60,0.6107428932750232,0.10021129414694874,60,0.0,0.0,60,,,0,,,0,-6.246728457716315,0.6529806484399361,60,,,0,,,0,,,0,0.06451324335931523,65.75579707212027,9.910326748961733,0.0090608286050484,0.012937222444434175,0.0,,,0.08429943922678641,,,
bc_plus_de_vjepa_value_planner,value_score,0.0,1,button-press-v3,background_shift,0.5333333333333333,0.5030977485864634,60,74.2072139616316,29.854640539798034,60,136.88333333333333,60.57803250848341,60,0.04598684110879559,0.0389344003008531,60,0.7266604867576774,0.10059173963094062,60,0.16018335628954816,0.003273169931803862,60,-0.5196476301303801,0.05669612071013613,60,0.5196476301303801,0.05669612071013613,60,-1.16126906062167,0.4783707360353353,60,0.010573884740869843,0.002130374676206896,60,4.068982337567356,1.2621576655056843,60,0.0012586371944723206,0.00033157493853694505,60,0.06494964005966063,3.8542175205882194,7.820590368378925,0.005026409465325903,0.012986337745222187,0.0004225644211727741,0.007319437710164089,0.007319437710164089,0.06175739646592793,0.0002750301880710442,0.16294385395971822,4.28061404991112e-05
bc_plus_de_vjepa_value_planner,value_score,0.0,1,button-press-v3,brightness,0.48333333333333334,0.503939284299098,60,68.96703857391535,23.753304895221632,60,154.41666666666666,49.02793795954478,60,0.05263443831857253,0.03737171833958024,60,0.722222242270279,0.054720204026496674,60,0.15958455898727336,0.0034211003787332325,60,-0.6916748583777345,0.04876729987585297,60,0.6916748583777345,0.04876729987585297,60,-2.6373004296928784,0.44281609686783824,60,0.007600940281374121,0.0006045556973156532,60,3.703226335154872,1.0022398767682723,60,0.0020829352192236307,0.00041250487833188287,60,0.06505828185300304,3.0665384758860164,6.329479573873579,0.004824668091611618,0.007064347963189789,0.00044166215975125655,0.006295831341956052,0.006295831341956052,0.057167312286723594,7.804780491861124e-05,0.12938861172094973,5.325415080028997e-05
bc_plus_de_vjepa_value_planner,value_score,0.0,1,button-press-v3,clean,0.43333333333333335,0.4997174342809082,60,128.16193571480858,60.9460601482948,60,147.06666666666666,62.91314073257,60,0.049257595621248464,0.036956001311955367,60,0.7698577337769767,0.09841482803579808,60,0.15889729218357782,0.0033756116987425718,60,-0.743916270045586,0.12237738315279927,60,0.743916270045586,0.12237738315279927,60,-3.4698965262324792,1.005930105844133,60,0.004729139270409314,0.0010773838856458528,60,1.7109129915394041,1.312808078672584,60,0.0013976589198014624,0.000861245600782132,60,0.06451324335931523,7.868102532376709,8.122051543828237,0.004770999254120753,0.012705299666750425,0.00043578959641643025,0.015798852230107855,0.015798852230107855,0.1298650182460997,0.0001390896615526208,0.16948279418218246,0.00011118632896078662
bc_plus_de_vjepa_value_planner,value_score,0.0,1,drawer-open-v3,background_shift,0.016666666666666666,0.12909944487358055,60,341.8164375382377,106.40367576782499,60,198.98333333333332,7.875066137288415,60,0.18707195036468513,0.020756038998977603,60,0.3893831726240298,0.08129642746945404,60,0.15965717882889477,0.0026293984718242422,60,-0.5081339920700418,0.0427860215895451,60,0.5081339920700418,0.0427860215895451,60,-2.1669247878359306,0.3582080336674753,60,0.009360925532410108,0.0028448917758667172,60,90.9449456944015,36.340713700582675,60,0.007824707229721862,0.001491270294350438,60,0.016666666666666663,13.736655474134663,1.0166666666666666,0.0026795931125423974,0.010495323656511821,0.0003394538830639507,0.005523651635559305,0.005523651635559305,0.04624445829572792,0.00036727394898980795,4.691565965054947,0.00019252216715710262
bc_plus_de_vjepa_value_planner,value_score,0.0,1,drawer-open-v3,brightness,0.11666666666666667,0.3237317715130933,60,417.8967915684645,121.73374192249389,60,196.6,11.351398032318997,60,0.16598920933248917,0.05374428461302643,60,0.8608889913032641,0.11206746977028857,60,0.15344932602731626,0.0055488166824669794,60,-0.4782780520682637,0.06317287355847755,60,0.4782780520682637,0.06317287355847755,60,-6.137222167644823,0.8448472010162019,60,0.00641560322394841,0.0009654384628833145,60,264.3139334007448,209.84445503256595,60,0.00893861398434554,0.005029038805613951,60,0.04179359199028117,15.715758504577682,1.465459184511437,0.0069383573086694295,0.014467848135731026,0.00071634915341175,0.008155582907468347,0.008155582907468347,0.10906930465418999,0.0001246375696178388,27.090802654503303,0.0006492461180524556
bc_plus_de_vjepa_value_planner,value_score,0.0,1,drawer-open-v3,clean,0.2,0.4033755872716886,60,294.4916593147549,115.05652654877794,60,184.4,33.91724724998992,60,0.15370936128362192,0.06652066641405267,60,1.0667992632279275,0.042842329136270216,60,0.14968768269884766,0.004804297145280387,60,-0.51028571490057,0.04729348593058701,60,0.51028571490057,0.04729348593058701,60,-6.696514901485043,1.6826853314940442,60,0.008272844689835178,0.002739952443859896,60,37.57378268587052,50.97832286012489,60,0.006722785994496295,0.004301724586563,60,0.05207556439232955,14.853733706529615,4.378697791613676,0.008587781106674835,0.005530920908583711,0.0006202320944634258,0.006105562779775276,0.006105562779775276,0.21723374219279798,0.00035372633948232296,6.581273181828285,0.0005553502561243161
bc_plus_de_vjepa_value_planner,value_score,0.0,1,reach-v3,background_shift,0.06666666666666667,0.2515488742932317,60,647.7052365602088,316.7344930291098,60,190.5,36.23159965498793,60,0.2718712655436864,0.10776942454157094,60,0.6310989152255059,0.09168831084825844,60,0.1600934586577566,0.002706670763504926,60,-0.46930127668755356,0.04016995393227499,60,0.46930127668755356,0.04016995393227499,60,-2.743561863869859,0.477374340728471,60,0.012574808328809741,0.00193817373442993,60,3.270817653587,1.5689897804039046,60,0.0014236812665720368,0.0004666075293369217,60,0.03247482002983031,40.89024722237304,4.677479402340754,0.013912972882662038,0.01183691003190646,0.0003494296930240364,0.0051859187532540055,0.0051859187532540055,0.06162876238493711,0.0002502171531834585,0.20255570966246514,6.0238773011229546e-05
bc_plus_de_vjepa_value_planner,value_score,0.0,1,reach-v3,brightness,0.06666666666666667,0.2515488742932317,60,821.2256961531225,373.3322784532707,60,191.3,33.1847933318045,60,0.18415378579601704,0.07378415926311224,60,0.8093809456323967,0.05466911144664513,60,0.15949618852587352,0.0027733601064075203,60,-0.6113815965718782,0.04219429917731576,60,0.6113815965718782,0.04219429917731576,60,-4.771364100883515,0.4581293336042162,60,0.007065100045265868,0.0007273395769957724,60,4.944098630245015,1.7917261959179944,60,0.0026874898812453947,0.0006496457508292933,60,0.03247482002983031,48.196989901706246,4.284138397380459,0.009525494001331647,0.0070577519394937945,0.0003580392501717452,0.005447260600621241,0.005447260600621241,0.05914424264860771,9.389913562473912e-05,0.2313108572584653,8.38689057965422e-05
bc_plus_de_vjepa_value_planner,value_score,0.0,1,reach-v3,clean,0.3333333333333333,0.4753826885415283,60,916.875377332268,467.3591822161127,60,150.96666666666667,71.17273489258646,60,0.12847148183637827,0.07159748094143749,60,0.5404479564510314,0.1225630779129821,60,0.1593804594560268,0.0032279797215037207,60,-0.6574541858754409,0.13583466107963438,60,0.6574541858754409,0.13583466107963438,60,-6.545787781128598,0.7507252900666671,60,0.004347043562351759,0.001450771447831201,60,3.2868971505212503,2.775831582221052,60,0.0024274249634330548,0.002009736228377885,60,0.061371641193221554,60.33581098067073,9.188360564767429,0.009243195043886343,0.01582282532056339,0.0004167303901093055,0.017536179339971758,0.017536179339971758,0.09691821820016447,0.00018729378855344877,0.3583583163272906,0.0002594558314259085
bc_plus_de_vjepa_value_planner,value_score,0.01,1,button-press-v3,background_shift,0.7333333333333333,0.4459484908564835,60,52.93650729516749,28.158562583622178,60,109.68333333333334,55.000613761341725,60,0.02487181490728092,0.019007091251484774,60,0.7536228533464465,0.037722407537820093,60,0.02759919719331223,0.019031917279408294,60,-0.4885575987071548,0.044844705878171326,60,0.48857693334704994,0.04484935916460707,60,-0.9318911062268084,0.5042852039886405,60,0.010529860290398381,0.0017106984054891079,60,3.745538052091206,1.1448358066835376,60,0.0011909364757132965,0.0002515591498259907,60,0.057571702611783036,3.6352547979835994,7.1005487042954325,0.002453804929228174,0.004869941872427545,0.0024570099556515163,0.005789426634390913,0.0057900273710866056,0.06510293989289383,0.00022085021449476323,0.1477976671142425,3.247614659540528e-05
bc_plus_de_vjepa_value_planner,value_score,0.01,1,button-press-v3,brightness,0.7166666666666667,0.45441960250548497,60,52.20309002567877,21.616666980713067,60,123.98333333333333,48.37476988660433,60,0.033343850212400314,0.02780733238520947,60,0.7499856774171749,0.04647863416311413,60,0.10211876830857398,0.010474256739634698,60,-0.6546903715941474,0.062332699586013125,60,0.6548099999420853,0.06233499257575449,60,-2.421539645967752,0.4679281165793026,60,0.007878781712844193,0.0006970507270454118,60,3.9478250060943365,1.2714157394911814,60,0.0022383677294315384,0.00046740602600745456,60,0.058665318423131246,2.7906997072271156,6.24515593824782,0.0035899111743456814,0.006000365868940271,0.0013522207305501994,0.008047116914025959,0.008047412937728671,0.060409260091128056,8.998886191028839e-05,0.16413906617184443,6.034185848812874e-05
bc_plus_de_vjepa_value_planner,value_score,0.01,1,button-press-v3,clean,0.48333333333333334,0.503939284299098,60,120.13648752710716,59.483723699973304,60,138.45,64.2825924719535,60,0.03685617261773213,0.03447437313967655,60,0.7931428294240616,0.08195715761563496,60,0.08239691417947739,0.032825803844291075,60,-0.7346409712811979,0.12380131120503002,60,0.7347530440376563,0.12375474228243816,60,-3.560913323286134,1.0523827454965087,60,0.004239727457395206,0.0007109540907084183,60,1.3851699057435336,0.7744885867592342,60,0.0011163555996747578,0.0004603934747853034,60,0.06505828185300304,7.679315708680001,8.298847003163806,0.0044506224346969195,0.010580623551595019,0.0042377930538270246,0.015982680551190762,0.015976668529135794,0.13586202823813387,9.178377844105805e-05,0.09998604661154106,5.943654201820147e-05
bc_plus_de_vjepa_value_planner,value_score,0.01,1,drawer-open-v3,background_shift,0.0,0.0,60,648.6412120095307,286.52186539115814,60,200.0,0.0,60,0.15434829495574232,0.043895948202135916,60,0.35674343654435753,0.08710716442774603,60,0.040997971209270574,0.027048890168893575,60,-0.5254413798066477,0.0321739900566271,60,0.5254744786533216,0.03217938586119693,60,-2.0605577848156296,0.38300050392039675,60,0.00925489668454975,0.0020126272394177507,60,109.96174979459991,39.08480427615552,60,0.008198368512957434,0.0018553524901605413,60,0.0,36.98981376614129,0.0,0.005666942545095193,0.011245486572133716,0.003491996705250611,0.004153644255678659,0.004154340851053271,0.04944515244242483,0.00025982905934627854,5.045826535044226,0.0002395249765245412
bc_plus_de_vjepa_value_planner,value_score,0.01,1,drawer-open-v3,brightness,0.35,0.4809947319913076,60,542.8850431347959,137.65136323700298,60,188.43333333333334,18.853913559183813,60,0.12755733745271106,0.0778216737169701,60,0.8684533277651487,0.10374934134798229,60,0.09996168442665027,0.015684749691773858,60,-0.492687786399261,0.04806876434076162,60,0.49280231851333267,0.04806999603928052,60,-6.193865912676245,0.6103889386432731,60,0.0062969329693187805,0.0007909102574189258,60,276.20107865821655,242.7570507698017,60,0.008864723383831295,0.005361791489202732,60,0.06209615288719447,17.77071457998868,2.434029774185104,0.010046734875993755,0.013393982374024132,0.002024892478189069,0.00620565079215129,0.006205809803746331,0.07880087313582058,0.00010210607517760402,31.33980049352901,0.0006922043047839615
bc_plus_de_vjepa_value_planner,value_score,0.01,1,drawer-open-v3,clean,0.3,0.46212479054244465,60,316.4815064362935,129.8689358549371,60,174.16666666666666,41.17147550768889,60,0.13665282661190783,0.07358280479899794,60,1.0726085273716202,0.04834017784049868,60,0.12568342032083807,0.010148610887988001,60,-0.5166583449767147,0.051453815291342644,60,0.5168334243736045,0.051440941747382174,60,-7.144436440344885,1.7578597657797452,60,0.0074898227619086865,0.0029152484245893603,60,35.98138964716416,52.27583778333339,60,0.006140824390308896,0.004802357527343316,60,0.05966005392134929,16.766007525195022,5.315214632668854,0.009499499251791674,0.00624069012429854,0.0013101800318772265,0.006642658990740086,0.006640997023361234,0.22693871992776746,0.0003763569532830667,6.748781638129688,0.000619981690864483
bc_plus_de_vjepa_value_planner,value_score,0.01,1,reach-v3,background_shift,0.13333333333333333,0.3428033318008816,60,702.0214052207888,310.5259005203064,60,180.1,51.42600410594901,60,0.2474003274524584,0.09185915939782884,60,0.6453076151554116,0.054872498882757983,60,0.032127833156983136,0.022396079381114323,60,-0.4482107285697784,0.034835759235477964,60,0.44823456680970497,0.034844269177513834,60,-2.918787491060674,0.2542079206244963,60,0.012650922194627557,0.0020175533417834193,60,3.4146721050383255,1.3303373062703059,60,0.0014429388146574612,0.00041569755522766395,60,0.04425571983630766,40.088721376040255,6.639068582144492,0.011858966484813454,0.007084009144590225,0.002891321415446503,0.004497277179049912,0.004498375807842649,0.0328181014350897,0.0002604650164270768,0.17174580773411102,5.366632361519601e-05
bc_plus_de_vjepa_value_planner,value_score,0.01,1,reach-v3,brightness,0.06666666666666667,0.25154887429323164,60,790.4167347482737,362.65798255200554,60,191.03333333333333,34.20921011214926,60,0.19729808618411981,0.07143643177771879,60,0.8293199967909374,0.06261422937979774,60,0.09654864457047621,0.014889003882965896,60,-0.6062501018169316,0.05275689863879275,60,0.6063626457354946,0.052752599785921804,60,-4.794144989649525,0.4294593497607212,60,0.006991118268851946,0.0006394268700906935,60,4.938565766872796,1.7565695864513662,60,0.002652935879079848,0.0006561774667801686,60,0.032474820029830306,46.81894422643658,4.416390035042148,0.009222403686252906,0.008083462254118927,0.0019221621360114825,0.006810886327519902,0.006810331348000669,0.055442963649877976,8.254965396595964e-05,0.22677215849268634,8.471214669987212e-05
bc_plus_de_vjepa_value_planner,value_score,0.01,1,reach-v3,clean,0.4,0.49403218175557095,60,938.814404219253,504.57756409213715,60,143.71666666666667,70.64187351553828,60,0.10251333669173375,0.05587168079618626,60,0.5063253545810726,0.1261858963043577,60,0.12639799458277917,0.014331445118782262,60,-0.6678163581994981,0.13568969253535648,60,0.6679977297935097,0.13567326566222795,60,-6.557494418983791,0.7376159388604935,60,0.0043209721941917896,0.001430097067073044,60,3.196157709104535,2.944887049835265,60,0.0023169691770532283,0.0020190914652312227,60,0.06377928041432807,65.14068341995842,9.119826655685685,0.007213002974941538,0.01629052916376778,0.0018501816090709757,0.017517463981381348,0.017515343281179447,0.09522580823679465,0.00018462473747446568,0.38018328334912904,0.00026066358731033525
bc_plus_de_vjepa_value_planner,value_score,0.1,1,button-press-v3,background_shift,0.7666666666666667,0.4265218680850986,60,50.50505938528464,27.557600966392016,60,105.18333333333334,52.836649987682826,60,0.022269795094141863,0.011613962990854997,60,0.7753150964480806,0.026568445669172998,60,3.848642317785157e-06,2.457558631308618e-05,60,-0.4813983847128031,0.04290814417568888,60,0.4813983896980693,0.0429081447995787,60,-0.90641824727301,0.4880355867423377,60,0.01056902871784553,0.0016327018587670896,60,3.627852523058098,1.1450220863269018,60,0.0011686530010181213,0.00026182018017257137,60,0.05506373639622879,3.5576709868088563,6.82118218238953,0.0014993561749016896,0.0034299715870441195,3.1726945504621904e-06,0.005539417593636993,0.005539417674180823,0.06300512332698797,0.0002107809036108944,0.14782171571279207,3.3800839916979807e-05
bc_plus_de_vjepa_value_planner,value_score,0.1,1,button-press-v3,brightness,0.35,0.48099473199130766,60,63.8806603461856,23.192263088307794,60,163.66666666666666,49.9697083382766,60,0.056044753505727685,0.03527984272017405,60,0.790682826195912,0.03799649222297708,60,0.0016201671949072729,0.001790609731526337,60,-0.6638651721140579,0.0707681277970796,60,0.6638718506669771,0.07077045866818257,60,-2.3102964019738517,0.538379989584089,60,0.0077057215225015555,0.0008916790936404818,60,3.9878466638498833,1.6179796618437685,60,0.0023508594711260425,0.0005671456281165461,60,0.06209615288719448,2.9941082900625693,6.451061606966238,0.0045546081104017025,0.004905326053129662,0.00023116672232528123,0.009136126013345581,0.009136426927511047,0.06950455778634997,0.00011511527599436366,0.20888027616077412,7.321818575232426e-05
bc_plus_de_vjepa_value_planner,value_score,0.1,1,button-press-v3,clean,0.9166666666666666,0.2787178067853021,60,66.14991816584288,37.506079367144245,60,80.68333333333334,36.596976658803,60,0.019913266282928967,0.0017420911945729251,60,0.8507092173128525,0.04449608826051062,60,0.014321199559272208,0.007274503378423223,60,-0.6011781357691388,0.07930564385536071,60,0.6012696226987916,0.07928364616817049,60,-2.8221020828158245,0.7057409943328713,60,0.0036842066308906125,0.0005840352803275824,60,0.7907162575957012,0.4327598564817592,60,0.0009732419117112954,0.0005279267366611002,60,0.035982314132364385,4.842014025682776,4.724649370702853,0.00022490300613851744,0.0057444202934777665,0.0009391343478854245,0.010238314597068952,0.010235474707864192,0.09111077059290244,7.53986304768769e-05,0.055869057235365505,6.815504863686899e-05
bc_plus_de_vjepa_value_planner,value_score,0.1,1,drawer-open-v3,background_shift,0.0,0.0,60,662.5205532779238,273.0940817292781,60,200.0,0.0,60,0.1579153058351939,0.043882844581951255,60,0.3588137974825998,0.05578753265941237,60,4.9177607579622426e-06,1.6667760677802792e-05,60,-0.5252198718972504,0.031111466648425158,60,0.5252198778477808,0.031111466260701253,60,-2.0201122740656134,0.3608889364665297,60,0.009477391600919266,0.001851101130570683,60,127.15368930522693,61.13694323666623,60,0.008506570058252692,0.0022056880359206405,60,0.0,35.25629434951004,0.0,0.0056652508750035194,0.007202139497196882,2.151798650790035e-06,0.004016473073514604,0.004016473023459663,0.046590561358845865,0.00023897612836153251,7.892745433121215,0.0002847531010016529
bc_plus_de_vjepa_value_planner,value_score,0.1,1,drawer-open-v3,brightness,0.0,0.0,60,267.9949250305064,34.59558188077239,60,200.0,0.0,60,0.19001428585031951,6.402564084920447e-05,60,0.7281981482679645,0.11742502898818269,60,0.001151273718996284,0.0015358105878457472,60,-0.44068600987208384,0.055820909861639,60,0.4406902259842803,0.05582463212647669,60,-6.186102668245634,1.0139978124090634,60,0.006592614526549976,0.0006449113880254719,60,170.56163051693858,120.04973415628076,60,0.008068207283912974,0.005046390705832582,60,0.0,4.466270415886218,0.0,8.26567469130754e-06,0.01515950605663849,0.0001982722943218534,0.007206448475475773,0.0072069290177999915,0.13090655468503515,8.325770218673872e-05,15.49835403679677,0.0006514862387381827
bc_plus_de_vjepa_value_planner,value_score,0.1,1,drawer-open-v3,clean,1.0,0.0,60,358.9771170478464,32.6138700456199,60,92.26666666666667,7.01781429749493,60,0.027784663114436465,0.0013366437679026724,60,1.1865111676648241,0.018861792939456466,60,0.007924302016855012,0.0028369902092431425,60,-0.5367065624818745,0.012886833172206224,60,0.5367413960019155,0.01288509724275575,60,-8.411755873281619,0.47947931204628585,60,0.003169362993640547,0.00030397081746435275,60,1.1750987071532228,0.23396132894243388,60,0.0011177410133891058,0.0004108477837037736,60,0.0,4.210432518068626,0.9059959300324721,0.00017255996842996607,0.002435046997804251,0.00036625386112507286,0.0016636830087102667,0.0016634589011818707,0.06190051301354181,3.924246379241643e-05,0.03020427768835339,5.3040220803698066e-05
bc_plus_de_vjepa_value_planner,value_score,0.1,1,reach-v3,background_shift,0.15,0.3600847357902756,60,697.3566690808489,307.86008843459496,60,177.76666666666668,53.71436277534699,60,0.2396014904740256,0.090432930899228,60,0.670470321358425,0.04903800605963419,60,2.441987977363169e-06,9.55019133347656e-06,60,-0.4453670957053595,0.03514193817190646,60,0.4453670976176752,0.03514193953517983,60,-2.906757795455334,0.25860258048894463,60,0.012653958369629173,0.0019928989744332874,60,3.2570518857708595,1.2478744347963349,60,0.0014110442691988852,0.0004002946955459733,60,0.04648673949797451,39.74456651563763,6.934494416035417,0.011674841177381205,0.0063307793600060535,1.232924399588304e-06,0.004536804709774815,0.004536804885772649,0.03338544958399819,0.00025728215128846543,0.16109989680413994,5.1677822980824094e-05
bc_plus_de_vjepa_value_planner,value_score,0.1,1,reach-v3,brightness,0.0,0.0,60,738.4306649025091,350.40410612608116,60,200.0,0.0,60,0.23735056298712387,0.057125240477321274,60,0.9123300821309288,0.05216106060602453,60,0.0004154742153477855,0.00035055042049720854,60,-0.6080925508886577,0.02767797446344799,60,0.6080937129482626,0.027677970537823428,60,-4.6557803086241085,0.32689582724294564,60,0.006655242957892673,0.0005813245667657336,60,4.9967291545365,1.7855067985100974,60,0.002784159971337734,0.0006888498606144254,60,0.0,45.23697558230029,0.0,0.00737483683389197,0.006733963968254959,4.525586468638986e-05,0.003573211138456274,0.0035732106316603224,0.04220206982855417,7.504867886083092e-05,0.23050793650565762,8.893013460656566e-05
bc_plus_de_vjepa_value_planner,value_score,0.1,1,reach-v3,clean,0.43333333333333335,0.4997174342809082,60,832.4893050204131,512.8795151087542,60,134.35,76.10314699833935,60,0.11096485612828828,0.0650955942462562,60,0.595230129372608,0.10363547019387773,60,0.015357336023028405,0.010542115169792294,60,-0.6498340061397169,0.1485829665156583,60,0.6499443887025611,0.1485221941465391,60,-6.3029232195283615,0.6509639507840106,60,0.004846534279175989,0.0018570666588212847,60,3.5415540768460914,3.1435245741292275,60,0.0023284529256479133,0.0023209087888213303,60,0.06451324335931523,66.21246068757134,9.82487403061811,0.00840380508090752,0.013379281671242119,0.0013609812162135376,0.019181978494841295,0.019174132815724356,0.08403908467892858,0.00023974627474706287,0.405827277466542,0.000299628036239048
bc_plus_de_vjepa_value_planner,value_score,0.3,1,button-press-v3,background_shift,0.7666666666666667,0.4265218680850986,60,50.505080029001924,27.55764093878067,60,105.18333333333334,52.836649987682826,60,0.02226984464915253,0.011614007715701405,60,0.7753203124588234,0.02657102677616388,60,0.0,0.0,60,-0.48139391520553265,0.042896451237061706,60,0.48139391520553265,0.042896451237061706,60,-0.9063998028507915,0.48800273455929827,60,0.010568969091004233,0.0016327965832944908,60,3.628019663528709,1.1453278223179386,60,0.0011686366459055513,0.0002618283150047189,60,0.05506373639622879,3.5576761472220415,6.82118218238953,0.0014993619488545328,0.003430304806523802,0.0,0.005537908041751284,0.005537908041751284,0.06300088212839469,0.0002107931324947978,0.1478611860595128,3.3801890119294194e-05
bc_plus_de_vjepa_value_planner,value_score,0.3,1,button-press-v3,brightness,0.35,0.48099473199130766,60,63.706277139687494,22.926293701964532,60,163.86666666666667,49.707778836276304,60,0.05718063762846372,0.0357578427741012,60,0.7918130966617215,0.036563326907010196,60,1.0095000672497987e-05,3.77482161990483e-05,60,-0.6630109495053006,0.0707804262413752,60,0.6630109973790524,0.07078042545703321,60,-2.3010700612542885,0.5321771567195115,60,0.0077157458456427784,0.0009057925724727563,60,3.972800141087843,1.6138260013401697,60,0.0023563650438193757,0.0005728711948663032,60,0.06209615288719448,2.959771789932287,6.417246653661987,0.0046163176520132385,0.004720305206426268,4.873273756265036e-06,0.009137713735676954,0.009137713634418837,0.06870377550688941,0.00011693731827684532,0.20834404089556618,7.395735324130453e-05
bc_plus_de_vjepa_value_planner,value_score,0.3,1,button-press-v3,clean,0.9333333333333333,0.2515488742932317,60,63.65205393771042,33.649307355180504,60,78.63333333333334,33.13248529647156,60,0.019822692003426835,0.0014111527237502589,60,0.8486181683067962,0.0430084517586704,60,0.000338964599022885,0.0005052309786110199,60,-0.5930604899366367,0.07246100388311587,60,0.5930634847676731,0.07246075580553438,60,-2.7539705007725623,0.6314122795230541,60,0.003691453311246938,0.0005146015329183127,60,0.7515451717448928,0.3816781790630674,60,0.0009926332888517957,0.0005602333362825424,60,0.03247482002983031,4.344106899934294,4.277385459056548,0.0001821790332679996,0.005552367246916518,6.522503887161852e-05,0.009354675376292624,0.009354643349614567,0.08151497477278837,6.643477223084777e-05,0.04927444103740108,7.23258127137502e-05
bc_plus_de_vjepa_value_planner,value_score,0.3,1,drawer-open-v3,background_shift,0.0,0.0,60,662.4850565825733,273.1192045496279,60,200.0,0.0,60,0.15791532364146896,0.043881899990139805,60,0.3588244209879389,0.05577979520701417,60,9.447428359029194e-08,7.317946539801549e-07,60,-0.5252095231674612,0.03109464712355202,60,0.5252095231972634,0.031094647092686063,60,-2.020084851935506,0.36070356170418455,60,0.00947645379587387,0.0018517322697604503,60,127.27809799655371,61.352908133633264,60,0.008508133104690691,0.0022080306911298033,60,0.0,35.25953769167086,0.0,0.005665128928725029,0.007201140596387539,9.447428359029196e-08,0.004014301682190444,0.004014301678205667,0.04656662957993354,0.00023905760808056947,7.920626381431839,0.00028505553648868604
bc_plus_de_vjepa_value_planner,value_score,0.3,1,drawer-open-v3,brightness,0.0,0.0,60,267.4309591857759,34.17097125797726,60,200.0,0.0,60,0.1900138420829033,6.47119804599242e-05,60,0.7273752636710803,0.11798644853738109,60,5.046992756736775e-06,1.5929129919166716e-05,60,-0.44086682302939395,0.05647288312708096,60,0.4408668395299465,0.05647290094029753,60,-6.179659033834935,1.024916452907049,60,0.006605901290119315,0.0006333093476505217,60,169.4903910533137,120.33375918296558,60,0.008064471669900134,0.005043608130786191,60,0.0,4.411453420195941,0.0,8.354280754046207e-06,0.015231985008781179,2.0564418298835662e-06,0.007290617862116746,0.0072906201617931165,0.1323161451120993,8.17598852149318e-05,15.535021510071983,0.0006511270098443745
bc_plus_de_vjepa_value_planner,value_score,0.3,1,drawer-open-v3,clean,1.0,0.0,60,372.69555082710366,36.81984853968001,60,93.03333333333333,6.653574715682928,60,0.02757567545789655,0.001183195382910353,60,1.186707779730025,0.023127656252467408,60,0.00016634543587666555,0.000186764093383329,60,-0.5388660182095573,0.013984052845126868,60,0.5388669534977492,0.013983965158469076,60,-8.303107665674224,0.5643045057074781,60,0.0029976240660746964,0.00028777771604567373,60,1.1064955861973538,0.22159897399539588,60,0.0010401162590258405,0.00034702112287698033,60,0.0,4.753422006802005,0.8589728022195576,0.00015274986711071015,0.002985767583420537,2.4111140778105333e-05,0.0018053334593886934,0.0018053221390898497,0.0728513984264957,3.715194338848338e-05,0.02860830452736062,4.4800234322824746e-05
bc_plus_de_vjepa_value_planner,value_score,0.3,1,reach-v3,background_shift,0.15,0.3600847357902756,60,697.3599105416334,307.86266786308863,60,177.76666666666668,53.71436277534699,60,0.23960925111136683,0.09043597753514244,60,0.6704678452597882,0.04903907933777642,60,0.0,0.0,60,-0.44537493555147384,0.03514511429181867,60,0.44537493555147384,0.03514511429181867,60,-2.906789362105009,0.2586498703531438,60,0.012654391406221028,0.0019926052961634,60,3.2568714309774736,1.2478715875659858,60,0.0014110703743126843,0.0004002951850814169,60,0.04648673949797451,39.744899518424255,6.934494416035417,0.011675234496386492,0.00633091791961841,0.0,0.004537214745092333,0.004537214745092333,0.033391554679214445,0.0002572442375868515,0.16109952922828244,5.1677886179578104e-05
bc_plus_de_vjepa_value_planner,value_score,0.3,1,reach-v3,brightness,0.0,0.0,60,737.6133777352808,349.88200432549604,60,200.0,0.0,60,0.2377394030136071,0.05748243422691179,60,0.9126126493761937,0.05233515580583264,60,1.0613501071929934e-06,5.852810288820196e-06,60,-0.6079507568031549,0.02765565949508909,60,0.6079507588893176,0.02765565753941857,60,-4.656634842544794,0.3265384586480798,60,0.006651428318485462,0.000580049824861274,60,4.996285376631034,1.7986128807937032,60,0.0027833464315497928,0.0006895418671994087,60,0.0,45.169572529677254,0.0,0.007420950348676418,0.00675643956190534,7.55594559237068e-07,0.0035703302884287687,0.0035703300359527903,0.042155933741341745,7.488411038860811e-05,0.2321999244529386,8.901947227253588e-05
bc_plus_de_vjepa_value_planner,value_score,0.3,1,reach-v3,clean,0.43333333333333335,0.4997174342809082,60,811.8044098203334,508.6795753754616,60,133.91666666666666,76.62727125876904,60,0.11483665521099409,0.07017482771603442,60,0.609395508890764,0.09970500893509023,60,0.0008850577829639879,0.0017586599279458776,60,-0.6473323281346061,0.14720287746720082,60,0.6473436794915991,0.14719604410525322,60,-6.255641084694838,0.6548042043801705,60,0.004975364859621347,0.001979208785407718,60,3.708864694800174,3.294898864718581,60,0.0023650589941287426,0.0024230277601055596,60,0.06451324335931523,65.67025079950076,9.892538181684358,0.009059531302239198,0.012871861304635537,0.00022704202041922398,0.019003809764809327,0.01900292758157527,0.0845348592863666,0.00025551475548505004,0.4253696143497596,0.00031281153874290307
bc_plus_vjepa_value_planner,value_score,0.0,1,button-press-v3,background_shift,0.31666666666666665,0.4691017983072983,60,82.28142036772724,28.826796314602763,60,162.33333333333334,55.83956032397766,60,0.05201113104370145,0.03655254293251086,60,0.7272888610122707,0.06560876670823998,60,0.16054084169889146,0.002905267980989553,60,-0.5414593648406999,0.04262780495912665,60,0.5414593648406999,0.04262780495912665,60,-1.203792820520967,0.387058251020944,60,0.01169600925243294,0.0010516032119089371,60,3.6570984666107105,2.2903986594424652,60,0.0013027663913185443,0.0005036494892790206,60,0.06056078175067056,3.7215234016989944,7.20885623981033,0.004718913001304873,0.008470055360874034,0.0003750684835547395,0.005503225956402515,0.005503225956402515,0.04996900534054286,0.0001357613908847181,0.29568919547321537,6.502086947678393e-05
bc_plus_vjepa_value_planner,value_score,0.0,1,button-press-v3,brightness,0.6,0.4940321817555709,60,60.448496144611426,22.572404555545315,60,140.05,49.731627218126604,60,0.04379420243998915,0.034817326886351425,60,0.7242488188015057,0.05516284723804167,60,0.15992316320025876,0.0033456583302673717,60,-0.6607122699977467,0.06920060722011413,60,0.6607122699977467,0.06920060722011413,60,-2.5756720659035497,0.5729333531699217,60,0.008685485248894063,0.0009301684259497514,60,3.4039129433561524,1.7085147690038511,60,0.002928098033868484,0.0007207559680926802,60,0.06377928041432805,2.914084897582781,6.420325466519994,0.00449489757300996,0.007121492956077306,0.0004319226331741881,0.008933759977031426,0.008933759977031426,0.07396537784379596,0.00012008422742904513,0.2205683082367109,9.304919537008516e-05
bc_plus_vjepa_value_planner,value_score,0.0,1,button-press-v3,clean,0.4166666666666667,0.4971671160112441,60,131.67714113388266,61.38722092517419,60,147.78333333333333,62.38809416695873,60,0.05587150208876377,0.039271212324015675,60,0.7981105369565007,0.06768223660867856,60,0.1592389244815808,0.0027825672381802105,60,-0.7514016981372522,0.1144076010965362,60,0.7514016981372522,0.1144076010965362,60,-3.6083002411164817,0.9962828346882716,60,0.005096861814306822,0.0012371737122060804,60,2.2619983784386988,2.4410780099615046,60,0.0015318963106121062,0.0015684955012533579,60,0.06418399868645064,7.925056143771837,8.054268323675041,0.005069891710542939,0.008737739173982734,0.0003592278857724774,0.01476995779088087,0.01476995779088087,0.1286195608953331,0.0001597184394579919,0.315141815979135,0.00020249189849851697
bc_plus_vjepa_value_planner,value_score,0.0,1,drawer-open-v3,background_shift,0.0,0.0,60,248.9018876559336,44.513983116245214,60,200.0,0.0,60,0.18999745039924004,1.9749122561004528e-05,60,0.33814012025638174,0.04008032184338023,60,0.15981855554909755,0.0025035402867583084,60,-0.5093653106900553,0.03757810330109845,60,0.5093653106900553,0.03757810330109845,60,-2.1005506444126367,0.42111961890189314,60,0.009998306797235273,0.000966328709407102,60,89.58970445953558,25.750816485016543,60,0.008632320451472575,0.002083035003628565,60,0.0,5.746730509419194,0.0,2.5496007593659902e-06,0.005174347300334833,0.0003232056612391423,0.004851312275573875,0.004851312275573875,0.054366309025608205,0.0001247524999498604,3.3244161132570826,0.0002689186626206846
bc_plus_vjepa_value_planner,value_score,0.0,1,drawer-open-v3,brightness,0.03333333333333333,0.18102033471939252,60,324.04931648271634,72.25272040302725,60,199.43333333333334,3.1642423071773558,60,0.18441837865571203,0.029253344548696724,60,0.8653788498636089,0.09772210613685349,60,0.15369384550088683,0.005247797563694151,60,-0.4541789622823801,0.0663390369812001,60,0.4541789622823801,0.0663390369812001,60,-5.85927024387203,0.6958751929126444,60,0.007280359946434041,0.0011208124422681398,60,160.95202595714701,173.8847943135035,60,0.007637256396934526,0.004700135430250819,60,0.023369624723103315,9.327786094636846,0.4085019253020944,0.003776590541932331,0.012615869654144905,0.0006774877522818433,0.008564332847720863,0.008564332847720863,0.08983710110631818,0.0001446962641042189,22.44843041783004,0.0006067848748760284
bc_plus_vjepa_value_planner,value_score,0.0,1,drawer-open-v3,clean,0.2,0.4033755872716887,60,304.4833251929086,116.71161868384337,60,183.88333333333333,35.47789556112831,60,0.15230822633733734,0.06585746355558167,60,1.0665641833733719,0.054401469509705314,60,0.14849353083409975,0.004308202722356305,60,-0.5377022715517773,0.0657086129632902,60,0.5377022715517773,0.0657086129632902,60,-6.608573307930974,1.8414566016752014,60,0.008931591116881694,0.0030886854672704843,60,46.36799441417822,76.58882786188363,60,0.007850026491542268,0.005781554583000844,60,0.05207556439232956,15.067405182381192,4.580176622224532,0.008502161985807657,0.007023199514009974,0.0005561865798590475,0.008482945456973723,0.008482945456973723,0.23773102503505866,0.0003987475792137153,9.887575160487396,0.0007463954871717145
bc_plus_vjepa_value_planner,value_score,0.0,1,reach-v3,background_shift,0.11666666666666667,0.3237317715130933,60,656.6604859321486,356.3381282445108,60,184.2,44.09573560226753,60,0.24975869776000426,0.11714207868079635,60,0.5987868235655581,0.07597519215009735,60,0.15987658490998186,0.002617229900522767,60,-0.4576213646114702,0.029849016457377954,60,0.4576213646114702,0.029849016457377954,60,-2.9788727446308965,0.6495786703054492,60,0.013650746852511797,0.0012684144037417697,60,3.403655693121531,1.167709187413925,60,0.0017461524424137267,0.000560487164282514,60,0.04179359199028117,46.0030545436571,5.692734987544921,0.015122977329028104,0.009808355130741183,0.00033788292726402567,0.003853491454669864,0.003853491454669864,0.08386024573815211,0.00016375159539271615,0.15075060786891756,7.235858176763991e-05
bc_plus_vjepa_value_planner,value_score,0.0,1,reach-v3,brightness,0.15,0.3600847357902755,60,688.6443724753682,331.1645011157856,60,178.91666666666666,50.76442490719452,60,0.19004005596103346,0.07538807312646091,60,0.7627225315414934,0.07282631199827436,60,0.15922385166705058,0.0027429140897767567,60,-0.5775258168015053,0.07127916347818482,60,0.5775258168015053,0.07127916347818482,60,-4.741542843752811,0.6071835312436985,60,0.007586808798412768,0.0009841645357299212,60,4.36878137056597,3.1256188136423275,60,0.0030640296619101923,0.001371714515042529,60,0.046486739497974494,42.753153255884165,6.5536590748453785,0.009732558390715,0.009401836451167399,0.0003541086863261018,0.009202100436086857,0.009202100436086857,0.07838705681994183,0.00012705509522699797,0.4035156537276439,0.00017708758241702325
bc_plus_vjepa_value_planner,value_score,0.0,1,reach-v3,clean,0.4166666666666667,0.4971671160112442,60,747.7143487523501,431.4736801299685,60,139.66666666666666,73.54939921096422,60,0.13179850397042128,0.08896692468199817,60,0.5653322933836563,0.11681400720443606,60,0.15917186827818694,0.0037739074420114556,60,-0.6484383381481293,0.1552105873068094,60,0.6484383381481293,0.1552105873068094,60,-6.491528464918744,0.750679463896369,60,0.005286037205387935,0.0019334039785226303,60,3.641216250238507,3.431380569628335,60,0.0021171923968921905,0.0018060547015158461,60,0.06418399868645065,55.7030125823398,9.495186608920845,0.011485580588555616,0.015080623483551136,0.00048720935576795335,0.020037600659811503,0.020037600659811503,0.0969123020670183,0.00024960138034364364,0.4429893266890087,0.00023316065937701596
bc_plus_vjepa_value_planner,value_score,0.01,1,button-press-v3,background_shift,0.7333333333333333,0.44594849085648347,60,52.94644407223661,27.562120619984505,60,110.31666666666666,54.61374126044907,60,0.026578269657794158,0.021557081384801124,60,0.7475561510472861,0.03900400717526226,60,0.04178284732451765,0.018040869896397665,60,-0.48760718108472073,0.045552846533936674,60,0.48764086224682507,0.04556370743208408,60,-0.9372545580078456,0.5029578662120952,60,0.012043059899090679,0.0011805209913287493,60,4.1084197047549615,2.7522933096122344,60,0.0014713400535122183,0.0006599189133518577,60,0.05757170261178303,3.5582544715786675,7.050603679193337,0.0027830072398724224,0.005035395674171511,0.0023290662886614293,0.005880847199942633,0.005882249335864291,0.06493158132278208,0.00015240460464215056,0.35531953840020924,8.519516537530134e-05
bc_plus_vjepa_value_planner,value_score,0.01,1,button-press-v3,brightness,0.65,0.4809947319913076,60,55.351804768696525,21.72460347335649,60,134.48333333333332,50.30196669224121,60,0.041796332680783053,0.03358047162935721,60,0.7307110197230722,0.055958124723648826,60,0.11021445522710643,0.011106087929642215,60,-0.6522711991409403,0.07251088742955902,60,0.6524081614543362,0.07249955177551433,60,-2.4526242723976894,0.5570327613249116,60,0.00872270758671293,0.0009406621663489888,60,3.244285213006756,1.7414976664071835,60,0.0029781253612632458,0.0007298713634372432,60,0.06209615288719447,2.804634248508983,6.49395597601768,0.0043352202459430375,0.0072241628379896465,0.0014337897864339835,0.00936111531444676,0.009359651887802311,0.07191262026344379,0.00012143896348923414,0.22482638198180338,9.422598784887146e-05
bc_plus_vjepa_value_planner,value_score,0.01,1,button-press-v3,clean,0.5166666666666667,0.503939284299098,60,116.27639144337311,57.63024781249198,60,134.73333333333332,63.72899897797284,60,0.04525280337592119,0.041616003856247884,60,0.8105654460803985,0.06278681104125428,60,0.0871462935412323,0.031193270963888083,60,-0.7310746468634088,0.11920579598763902,60,0.7311926049099015,0.11916604630573446,60,-3.592806019431152,1.0343151881397141,60,0.004513562195187007,0.0009944217490626102,60,1.8444807247534387,2.2685888065200754,60,0.0013061873590350965,0.0013987551523095172,60,0.06505828185300304,7.440033000519595,8.227378390405276,0.00537260299569839,0.008105742450808326,0.00402703396522913,0.015389402087717493,0.015384270425849715,0.13352951661315013,0.00012837929577419802,0.2928735555681604,0.0001805785136772193
bc_plus_vjepa_value_planner,value_score,0.01,1,drawer-open-v3,background_shift,0.0,0.0,60,655.5344374571602,295.16717989120673,60,200.0,0.0,60,0.14694181116843874,0.04933826659405776,60,0.3512614027315285,0.0864703992811286,60,0.04159583148146825,0.01877031583031381,60,-0.5246498117186129,0.031221534760755596,60,0.5246819577887655,0.031230464510615084,60,-2.0840199947108826,0.41977100428784647,60,0.010453631420231735,0.0008361364571626106,60,132.5592108212778,34.412586015981624,60,0.009638170459791883,0.0018355185777121368,60,0.0,38.10591906885508,0.0,0.006369542828317581,0.01116328054519056,0.0024232373537952942,0.0040306828057147465,0.004031835631464466,0.05419220362758639,0.00010794475245825541,4.442645751327569,0.00023696442943778098
bc_plus_vjepa_value_planner,value_score,0.01,1,drawer-open-v3,brightness,0.08333333333333333,0.27871780678530217,60,431.2085359822482,162.44150447376396,60,199.53333333333333,1.7608421200526174,60,0.17068039738645827,0.04953901790316795,60,0.8485273916196561,0.10517324640644171,60,0.10516566720261658,0.01769538842316697,60,-0.457545066050965,0.053031742036595136,60,0.4576712859957296,0.053041744626501845,60,-6.1078143557989035,0.7040331083797476,60,0.006855168464645461,0.0008249847633274004,60,148.54705452258153,122.92377410803245,60,0.00664456516148158,0.003666491161330696,60,0.03598231413236439,20.97110805199218,0.2273237402088116,0.006395459710881351,0.013577807726623927,0.00228446482225324,0.006846368457603358,0.0068476597864076125,0.0908902834644468,0.00010650507497472963,15.869390999112404,0.0004733419735616825
bc_plus_vjepa_value_planner,value_score,0.01,1,drawer-open-v3,clean,0.3,0.46212479054244465,60,322.82261225033346,115.21687185847846,60,176.33333333333334,41.210771451355036,60,0.13150235804479235,0.07477856856408341,60,1.0724351724657393,0.060951896092809585,60,0.12500798101949964,0.010649299517047977,60,-0.5436071991055257,0.053692243353429765,60,0.543780692565756,0.053692701147187376,60,-6.943112664080976,1.8421942610290156,60,0.008443567138582827,0.0031772641828599593,60,46.32720218375939,76.35620301560093,60,0.0072141981153469046,0.006300576445271325,60,0.05966005392134929,14.874434197000035,5.320287717181937,0.00965387169006415,0.00786885594957388,0.0013748186559433833,0.006931638810944978,0.006931697911864952,0.23782625644814187,0.0004101830422239313,9.857543421968497,0.0008134009214680856
bc_plus_vjepa_value_planner,value_score,0.01,1,reach-v3,background_shift,0.15,0.3600847357902756,60,703.0232623784207,317.63333889778863,60,177.63333333333333,53.96765090897294,60,0.23901019243344457,0.09215940813172147,60,0.6415608453156199,0.05388709584820665,60,0.027883776284287454,0.019128315980539153,60,-0.4475424715883431,0.03637885701687945,60,0.4475629106302376,0.036386843650950323,60,-2.926744702323602,0.24300791844479974,60,0.014383789145511729,0.0012890131623161751,60,3.054924497191023,1.0842789366290453,60,0.0016143495740393793,0.0005300358155478167,60,0.04648673949797451,41.0062877250464,6.967193773479592,0.011897728429682987,0.006956794159852906,0.0024694549744540446,0.004696490246014498,0.004697521316039456,0.03137218737110799,0.0001664108836897568,0.13997980880692598,6.842732955033867e-05
bc_plus_vjepa_value_planner,value_score,0.01,1,reach-v3,brightness,0.06666666666666667,0.2515488742932317,60,773.629890460903,370.5996819268872,60,190.73333333333332,35.119585856534,60,0.1996606676959986,0.07172440896252635,60,0.7896346678285162,0.06911144859356513,60,0.11084625787367589,0.013982956359544042,60,-0.594283557130212,0.05361490619888409,60,0.5944230515342982,0.05361110617964215,60,-4.713299114018095,0.4854878442868073,60,0.007677677595637356,0.0009545568111377783,60,3.9061494323977537,2.079456009392397,60,0.002874292415585633,0.0010374687316425748,60,0.03247482002983031,47.84421320708666,4.533919038268591,0.009259581380947818,0.008922249647838259,0.0018051919037086388,0.006921654627225029,0.006921164046850385,0.06267621119029815,0.00012323275441818247,0.2684566164515896,0.00013393663732875412
bc_plus_vjepa_value_planner,value_score,0.01,1,reach-v3,clean,0.38333333333333336,0.4903014177279001,60,829.9983516963672,472.4233049013167,60,144.36666666666667,72.76755811571729,60,0.12403964425201472,0.07582626402227909,60,0.5447605221505406,0.12882960337049146,60,0.13062911790034196,0.010603775452804394,60,-0.6573719656912171,0.14463270372570824,60,0.6575611912813575,0.14462147549944215,60,-6.359188294434876,0.7445401087258747,60,0.005396526296793311,0.0019302609170014284,60,3.879869867146932,3.3922578653195234,60,0.002363313266732942,0.0017828394353553126,60,0.06329764084940143,60.98958640810228,9.394251357545114,0.009789128592113784,0.01663183027841401,0.0013689415245211477,0.01867200176155398,0.018670552203776114,0.09611971472262575,0.00024919561284605295,0.4379386072807879,0.00023016358140309868
bc_plus_vjepa_value_planner,value_score,0.1,1,button-press-v3,background_shift,0.7666666666666667,0.4265218680850986,60,50.51431391902004,27.55226569670733,60,105.2,52.827766196915164,60,0.022254611029171544,0.011617782787252128,60,0.775310370554747,0.0265589746632202,60,8.138854910309116e-06,3.742937156183872e-05,60,-0.4788583785672264,0.04473388362020146,60,0.4788583899808791,0.04473388623602625,60,-0.9066019422711454,0.48780944101398815,60,0.012082755869110477,0.0011827635720491703,60,4.170671223725205,2.842283539650086,60,0.001482524407023259,0.0006626168017514979,60,0.05506373639622879,3.5569822064543124,6.820035289933052,0.0014998493084960893,0.003428748885433219,4.832111090600362e-06,0.005775119542407367,0.005775119880108895,0.06297592803899751,0.00015269412056824109,0.3669372271421417,8.554346127002576e-05
bc_plus_vjepa_value_planner,value_score,0.1,1,button-press-v3,brightness,0.35,0.48099473199130766,60,63.81525520444327,22.966286386926264,60,163.86666666666667,49.70573293902475,60,0.056749638101911734,0.03554603911340087,60,0.7910075116178585,0.03676018042185961,60,0.0013149498227236348,0.001027139438897667,60,-0.6629380424822593,0.07328036292124136,60,0.6629429049051985,0.07327912122437719,60,-2.308133359931416,0.5341292101868487,60,0.008629002203425903,0.0011563919023497649,60,3.395808941494287,2.475153025532326,60,0.0031486259871961538,0.0008902466786065891,60,0.06209615288719448,2.964934823359851,6.416982529462543,0.0045889739169946335,0.00474571888591474,0.00013260313136944981,0.009460454173266776,0.00946029387089091,0.06895578452588619,0.00014928955264965842,0.31954088157338667,0.00011493035200865954
bc_plus_vjepa_value_planner,value_score,0.1,1,button-press-v3,clean,0.9333333333333333,0.2515488742932317,60,64.20960612757334,33.14184562181071,60,78.91666666666667,33.140835411187396,60,0.01972500383172764,0.0014745745832503712,60,0.8500175296574246,0.044000504792670724,60,0.015184779287179666,0.0047102393257278195,60,-0.599796783773528,0.07234313502242071,60,0.5998901388937845,0.07232232417822923,60,-2.80020690381776,0.6316216485291407,60,0.0038460546502653357,0.0005981023997438305,60,0.7737567584706001,0.3795031477725597,60,0.0008958399095212789,0.00043530086514463774,60,0.03247482002983031,4.278593871861669,4.278463454230994,0.00019036676012231432,0.005680440742891112,0.0006080892821731698,0.009339458571808998,0.009336771903376527,0.08154200419524787,7.721468778448488e-05,0.04899364570521387,5.6197100043162086e-05
bc_plus_vjepa_value_planner,value_score,0.1,1,drawer-open-v3,background_shift,0.0,0.0,60,662.4813220069493,273.11280097664155,60,200.0,0.0,60,0.15791991643597844,0.04387762454266644,60,0.3588270287743459,0.055778951748661085,60,4.165053435523683e-06,1.870650722821902e-05,60,-0.5236266678410272,0.02864308546192783,60,0.5236266729123891,0.028643088296608096,60,-2.020082050686081,0.3607183812713206,60,0.010598131622304208,0.0008578590897089013,60,143.77076600265502,41.50663157123405,60,0.009756377555948954,0.0016909155725729908,60,0.0,35.258710993953116,0.0,0.005664576970829631,0.0072010317063823815,2.414999698686698e-06,0.003697806432601409,0.0036978067985570574,0.04656854277782407,0.00011074913226117431,5.358483094418549,0.00021829626174726575
bc_plus_vjepa_value_planner,value_score,0.1,1,drawer-open-v3,brightness,0.0,0.0,60,267.5653217695212,34.34510387901117,60,200.0,0.0,60,0.19001431536964994,6.412307383668847e-05,60,0.7290805944794168,0.11771942082096513,60,0.0010143637686269359,0.0016040694763164917,60,-0.44120304306658603,0.05768722501082057,60,0.44120678419433534,0.05769007979286758,60,-6.1781583622892695,1.0245221550202617,60,0.007257195399783086,0.000720614523861304,60,137.64204977585936,107.70275106692863,60,0.006740497301566696,0.003940215570300839,60,0.0,4.4339338449058,0.0,8.278253235904098e-06,0.01519751187882602,0.00020708447893111415,0.007447388725194268,0.0074477572759717725,0.13226524147380023,9.303093499833392e-05,13.904365374097923,0.000508679642808077
bc_plus_vjepa_value_planner,value_score,0.1,1,drawer-open-v3,clean,1.0,0.0,60,364.4389868410919,53.11371650281867,60,94.16666666666667,12.760063049983257,60,0.027703383832217533,0.001184394487099882,60,1.1851183129362473,0.02042619222456484,60,0.008764515642699349,0.004078230869452794,60,-0.5376702003795736,0.015492051844528457,60,0.5377112614296552,0.015489872596061788,60,-8.409785439964478,0.4739245534048066,60,0.003362711594562691,0.0003624818269995868,60,1.3101689416174074,0.30215723432407543,60,0.0011297529171014511,0.0003623077288226245,60,0.0,6.856951315686625,1.6473170563047257,0.00015290467079592395,0.0026370100770723684,0.0005264973413126554,0.0020000152930813534,0.001999733953314065,0.06118339675652012,4.6796202642407924e-05,0.03900833121577454,4.6773726664408585e-05
bc_plus_vjepa_value_planner,value_score,0.1,1,reach-v3,background_shift,0.15,0.3600847357902756,60,697.3597423528231,307.8658080523547,60,177.76666666666668,53.71436277534699,60,0.2396045903962069,0.09043842272964896,60,0.670458564069055,0.04903916981824982,60,2.1386951751386126e-06,9.46803916218375e-06,60,-0.4468431285563713,0.036041841807434145,60,0.44684313040908236,0.03604184263738954,60,-2.90678187453973,0.2586518335157157,60,0.014417511686355968,0.0013156365174185217,60,3.056022497478321,1.0705603966254078,60,0.001603146908542779,0.0005329777703183997,60,0.04648673949797451,39.7453049151153,6.934494416035417,0.01167555016963989,0.006330929600597298,1.2223185998792428e-06,0.004652981769561156,0.004652981876707937,0.03339180812241267,0.00016984794405414195,0.13820875290798038,6.880713427806413e-05
bc_plus_vjepa_value_planner,value_score,0.1,1,reach-v3,brightness,0.0,0.0,60,738.7961033759336,350.5709974782692,60,200.0,0.0,60,0.23680039287724064,0.05758571235478184,60,0.9110788136472305,0.05228509746112385,60,0.0015091862071421928,0.0016543477875494942,60,-0.6081653588054081,0.03901192465700733,60,0.6081708561542134,0.039008636657511,60,-4.657065932810307,0.32568006935541416,60,0.007674360997470406,0.0008100165849926037,60,3.987514465418334,2.0337916223532964,60,0.003199791895937324,0.001365768639152107,60,0.0,45.258521163221964,0.0,0.007434283497652025,0.006749977057392146,0.00021357538100047588,0.005036417816669595,0.0050359933377598755,0.04204511616017318,0.00010457269146093862,0.2625613694343494,0.00017631997314028258
bc_plus_vjepa_value_planner,value_score,0.1,1,reach-v3,clean,0.4166666666666667,0.4971671160112441,60,861.4268380333737,523.6098338844334,60,137.23333333333332,75.33954026727011,60,0.1112518845617467,0.06499368545218104,60,0.5950789218000175,0.1089508154118329,60,0.019974416343468873,0.012783924464755047,60,-0.6557669517812382,0.15323654394178468,60,0.6559196308513432,0.153151730481723,60,-6.242540869115411,0.7191704684854838,60,0.005525355902035869,0.002115533694239593,60,4.082745088809337,4.05677083602722,60,0.00222535184351505,0.0019455914540798978,60,0.06418399868645064,67.59773888482809,9.72629282553534,0.00839064871216468,0.014065489788191572,0.0016503975517056621,0.019782752757230435,0.019771803386618665,0.09284450825094882,0.0002731142255376866,0.5237268629104455,0.0002511747766724972
bc_plus_vjepa_value_planner,value_score,0.3,1,button-press-v3,background_shift,0.7666666666666667,0.4265218680850986,60,50.505080029001924,27.55764093878067,60,105.18333333333334,52.836649987682826,60,0.02226984464915253,0.011614007715701405,60,0.7753203124588234,0.02657102677616388,60,0.0,0.0,60,-0.4788232984953152,0.04472555493793071,60,0.4788232984953152,0.04472555493793071,60,-0.9063998028507915,0.48800273455929827,60,0.012082951833943605,0.0011834293084737918,60,4.170884485253819,2.842294348927359,60,0.0014825803855629492,0.0006626359253355636,60,0.05506373639622879,3.5576761472220415,6.82118218238953,0.0014993619488545328,0.003430304806523802,0.0,0.0057740443141496844,0.0057740443141496844,0.06300088212839469,0.00015278006677109184,0.36693862261383714,8.554593011411264e-05
bc_plus_vjepa_value_planner,value_score,0.3,1,button-press-v3,brightness,0.35,0.48099473199130766,60,63.70363267045352,22.926146558596034,60,163.86666666666667,49.707778836276304,60,0.057186232598244756,0.03575188773620085,60,0.791806989033456,0.03655866995941478,60,8.480779604173071e-06,3.268847609893948e-05,60,-0.6621931624287624,0.07323176083988947,60,0.6621931975354302,0.0732317462745461,60,-2.3010663757490124,0.5321673728197865,60,0.008629665985077296,0.0011539365568315322,60,3.4155291957425318,2.46523086309578,60,0.0031596512977002185,0.0008909284116672717,60,0.06209615288719448,2.9597527938050976,6.417246653661987,0.004615548859926103,0.004719703997076894,4.220064118136393e-06,0.009454179671544546,0.009454177791166802,0.06870251241086622,0.00014897256890628174,0.3182599359108831,0.00011501836336834563
bc_plus_vjepa_value_planner,value_score,0.3,1,button-press-v3,clean,0.9333333333333333,0.2515488742932317,60,64.13620541254195,33.6551924988177,60,78.96666666666667,33.00126688203362,60,0.019832361711746894,0.001404068468124969,60,0.8480404556279376,0.042262233713374696,60,0.00019654230614001226,0.0002655665382837859,60,-0.5957540718455946,0.07169725295994521,60,0.5957555289130048,0.07169695683503895,60,-2.7641501677053157,0.6192766070263349,60,0.003803662391126397,0.000567508187242472,60,0.7317494307640818,0.3689198300883121,60,0.0008923976554928261,0.00044187088394553946,60,0.03247482002983031,4.344866668710857,4.260445234595419,0.00018126445979943214,0.005456030911514195,3.4284492669435236e-05,0.009256075556089607,0.009256037326528596,0.07994826619029434,7.326499193421514e-05,0.04762734526725675,5.704528582316748e-05
bc_plus_vjepa_value_planner,value_score,0.3,1,drawer-open-v3,background_shift,0.0,0.0,60,662.4850565825733,273.1192045496279,60,200.0,0.0,60,0.15791532364146896,0.043881899990139805,60,0.3588244209879389,0.05577979520701417,60,9.447428359029194e-08,7.317946539801549e-07,60,-0.5236282720603049,0.028643459072795786,60,0.5236282720901072,0.02864345904630146,60,-2.020084851935506,0.36070356170418455,60,0.010598082579827557,0.0008578482862926935,60,143.7690111187299,41.50916688217818,60,0.009756445137914852,0.001690884741645045,60,0.0,35.25953769167086,0.0,0.005665128928725029,0.007201140596387539,9.447428359029196e-08,0.0036978546655570604,0.0036978546621366576,0.04656662957993354,0.00011074773754613913,5.358810401654018,0.000218292281491583
bc_plus_vjepa_value_planner,value_score,0.3,1,drawer-open-v3,brightness,0.0,0.0,60,267.43466762393945,34.160661977052385,60,200.0,0.0,60,0.1900138420829033,6.47119804599242e-05,60,0.7274300994674365,0.11799127193196346,60,6.53717042102168e-06,2.085413011006352e-05,60,-0.4414321976968398,0.057945266707536254,60,0.4414322213896861,0.05794529179025415,60,-6.179885058661302,1.0247960211675755,60,0.007254139847878832,0.0007238291538839451,60,137.65980168309065,107.34288659226655,60,0.006767594288960633,0.003936657140672559,60,0.0,4.410122497751494,0.0,8.354280754046207e-06,0.01523260770634417,2.692256620530622e-06,0.007480701764994499,0.007480705003159456,0.1323005974413881,9.344594194973083e-05,13.857907070189325,0.0005082202515184443
bc_plus_vjepa_value_planner,value_score,0.3,1,drawer-open-v3,clean,1.0,0.0,60,372.96236247422286,36.95655941689048,60,93.03333333333333,6.574131808805483,60,0.027585767944061295,0.0012012435674298248,60,1.1866202604600395,0.023225748289507592,60,0.00018321987985503676,0.00016754140753872803,60,-0.5386202557585722,0.013719242791372465,60,0.5386212892042846,0.0137191997446538,60,-8.302939646658404,0.5629009231731719,60,0.0031604296805465447,0.0003347205282786101,60,1.2256484449081362,0.18879766245902826,60,0.0011594868586622046,0.00043514014071685856,60,0.0,4.771071305158057,0.848716767042536,0.0001550798777131499,0.0029984312109489434,2.1629502706588114e-05,0.001771146628452057,0.0017711410711445737,0.07267019670048251,4.321223438856018e-05,0.024373673416890188,5.617635060875817e-05
bc_plus_vjepa_value_planner,value_score,0.3,1,reach-v3,background_shift,0.15,0.3600847357902756,60,697.3599105416334,307.86266786308863,60,177.76666666666668,53.71436277534699,60,0.23960925111136683,0.09043597753514244,60,0.6704678452597882,0.04903907933777642,60,0.0,0.0,60,-0.44684364165302176,0.03604283548832136,60,0.44684364165302176,0.03604283548832136,60,-2.906789362105009,0.2586498703531438,60,0.014417591982660044,0.0013153794975457622,60,3.055826880882796,1.0700994758343823,60,0.0016032059252298495,0.0005329540250457955,60,0.04648673949797451,39.744899518424255,6.934494416035417,0.011675234496386492,0.00633091791961841,0.0,0.0046531100532120765,0.0046531100532120765,0.033391554679214445,0.00016981476293124721,0.13814924828972827,6.880406877655254e-05
bc_plus_vjepa_value_planner,value_score,0.3,1,reach-v3,brightness,0.0,0.0,60,737.610013840404,349.8772376279924,60,200.0,0.0,60,0.23773932783011212,0.05748143891177537,60,0.9126091574927171,0.05233443902750626,60,5.393379038044561e-06,1.475355314458337e-05,60,-0.6080381037555634,0.03900371152135579,60,0.6080381183388333,0.03900369969912086,60,-4.656616517951091,0.32661247837477286,60,0.0076668593332287855,0.0008091933927103242,60,3.9835612179314097,2.030461491486402,60,0.0032049040732896783,0.0013662639756238353,60,0.0,45.16895715167565,0.0,0.007420821854044833,0.0067563470262213075,1.9046755208785818e-06,0.00503535750541631,0.005035355979172344,0.042165489646967515,0.00010446641779427212,0.2621314513880769,0.00017638392080380835
bc_plus_vjepa_value_planner,value_score,0.3,1,reach-v3,clean,0.43333333333333335,0.4997174342809082,60,812.1387401150333,508.6075638620413,60,133.95,76.60716986402952,60,0.11488468720942843,0.07016770877292998,60,0.6094751049477743,0.10008481136970505,60,0.0014215166926871104,0.0021040074442134522,60,-0.6486547532680441,0.14833968727469857,60,0.6486748758901218,0.14832731395251078,60,-6.2479859249911245,0.6558237089631543,60,0.005479859918233129,0.0022044326347786906,60,3.952286780660219,4.071207953755137,60,0.002066322789225665,0.0018119721717745844,60,0.06451324335931523,65.6609541530937,9.8899431027823,0.009058612250636328,0.012920893588105947,0.0002716261930578377,0.019150571279884128,0.019148973890858442,0.08466647676207588,0.0002845910294111335,0.525590686794694,0.000233924601502475
